[2026-08-13T06:49:33.435Z] PID=24152 APP_ID="0bd6a14980" JOB_ID="test123" COMPANY="Company" ROLE="Software Developer" JOB_URL="https://www.naukri.com/job-listings-test-123" SUBMISSION_RESULT="SUBMITTED" HISTORY_WRITE=true OUTCOME_WRITE=true REASON="NONE"
[2026-08-13T07:29:03.457Z] PID=21376 APP_ID="0bd6a14980" JOB_ID="test123" COMPANY="Company" ROLE="Software Developer" JOB_URL="https://www.naukri.com/job-listings-test-123" SUBMISSION_RESULT="SUBMITTED" HISTORY_WRITE=true OUTCOME_WRITE=true REASON="NONE"
[2026-08-13T07:29:39.673Z] PID=27908 APP_ID="0bd6a14980" JOB_ID="test123" COMPANY="Company" ROLE="Software Developer" JOB_URL="https://www.naukri.com/job-listings-test-123" SUBMISSION_RESULT="SUBMITTED" HISTORY_WRITE=true OUTCOME_WRITE=true REASON="NONE"
[2026-08-13T07:32:20.917Z] PID=16272 APP_ID="test_ext_456" JOB_ID="test_ext_456" COMPANY="External Company" ROLE="Backend Engineer" JOB_URL="https://www.naukri.com/job-listings-external-dev-456" SUBMISSION_RESULT="MANUAL_REQUIRED" HISTORY_WRITE=true OUTCOME_WRITE=true REASON="NONE"
[2026-08-13T07:32:21.024Z] PID=16272 APP_ID="test_easy_123" JOB_ID="test_easy_123" COMPANY="Easy Company" ROLE="Full Stack Developer" JOB_URL="https://www.naukri.com/job-listings-easy-dev-123" SUBMISSION_RESULT="WAITING_CONFIRMATION" HISTORY_WRITE=true OUTCOME_WRITE=true REASON="NONE"
[2026-08-13T07:32:21.089Z] PID=16272 APP_ID="test_easy_123" JOB_ID="test_easy_123" COMPANY="Easy Company" ROLE="Full Stack Developer" JOB_URL="https://www.naukri.com/job-listings-easy-dev-123" SUBMISSION_RESULT="SUBMITTED" HISTORY_WRITE=true OUTCOME_WRITE=true REASON="NONE"
[2026-08-13T07:32:22.877Z] PID=16272 APP_ID="guard_test_123" JOB_ID="guard_test_123" COMPANY="Guard Company" ROLE="React JS Developer" JOB_URL="https://www.naukri.com/job-listings-guard-test-123" SUBMISSION_RESULT="SUBMITTED" HISTORY_WRITE=true OUTCOME_WRITE=true REASON="NONE"
[2026-08-13T07:33:11.510Z] PID=17864 APP_ID="test123" JOB_ID="test123" COMPANY="Company" ROLE="Software Developer" JOB_URL="https://www.naukri.com/job-listings-test-123" SUBMISSION_RESULT="ALREADY_APPLIED" HISTORY_WRITE=true OUTCOME_WRITE=true REASON="NONE"
[2026-08-13T07:33:47.194Z] PID=22008 APP_ID="b00c6b8697" JOB_ID="b00c6b8697" COMPANY="Sixsigma Technosoft" ROLE="MERN Stack Developer" JOB_URL="https://www.naukri.com/job-listings-mern-stack-developer-sixsigma-technosoft-kolkata-mumbai-new-delhi-hyderabad-pune-chennai-bengaluru-1-to-5-years-121224502854" SUBMISSION_RESULT="ALREADY_APPLIED" HISTORY_WRITE=true OUTCOME_WRITE=true REASON="NONE"
[2026-08-13T07:37:06.593Z] PID=15276 APP_ID="1ad3e0d369" JOB_ID="1ad3e0d369" COMPANY="jobaaj" ROLE="Software Developer MERN Stack" JOB_URL="https://www.naukri.com/job-listings-software-developer-mern-stack-jobaaj-com-hyderabad-pune-bengaluru-0-to-1-years-110826040389" SUBMISSION_RESULT="OPENED" HISTORY_WRITE=true OUTCOME_WRITE=true REASON="NONE"
[2026-08-13T07:37:17.222Z] PID=15276 APP_ID="1ad3e0d369" JOB_ID="1ad3e0d369" COMPANY="jobaaj" ROLE="Software Developer MERN Stack" JOB_URL="https://www.naukri.com/job-listings-software-developer-mern-stack-jobaaj-com-hyderabad-pune-bengaluru-0-to-1-years-110826040389" SUBMISSION_RESULT="FORM_DETECTED" HISTORY_WRITE=true OUTCOME_WRITE=true REASON="NONE"
[2026-08-13T07:37:17.291Z] PID=15276 APP_ID="1ad3e0d369" JOB_ID="1ad3e0d369" COMPANY="jobaaj" ROLE="Software Developer MERN Stack" JOB_URL="https://www.naukri.com/job-listings-software-developer-mern-stack-jobaaj-com-hyderabad-pune-bengaluru-0-to-1-years-110826040389" SUBMISSION_RESULT="PREFILLED" HISTORY_WRITE=true OUTCOME_WRITE=true REASON="NONE"
[2026-08-13T07:37:20.040Z] PID=15276 APP_ID="1ad3e0d369" JOB_ID="1ad3e0d369" COMPANY="jobaaj" ROLE="Software Developer MERN Stack" JOB_URL="https://www.naukri.com/job-listings-software-developer-mern-stack-jobaaj-com-hyderabad-pune-bengaluru-0-to-1-years-110826040389" SUBMISSION_RESULT="WAITING_CONFIRMATION" HISTORY_WRITE=true OUTCOME_WRITE=true REASON="NONE"
[2026-08-13T07:37:38.411Z] PID=21480 APP_ID="test_ext_456" JOB_ID="test_ext_456" COMPANY="External Company" ROLE="Backend Engineer" JOB_URL="https://www.naukri.com/job-listings-external-dev-456" SUBMISSION_RESULT="MANUAL_REQUIRED" HISTORY_WRITE=true OUTCOME_WRITE=true REASON="NONE"
[2026-08-13T07:37:38.503Z] PID=21480 APP_ID="test_easy_123" JOB_ID="test_easy_123" COMPANY="Easy Company" ROLE="Full Stack Developer" JOB_URL="https://www.naukri.com/job-listings-easy-dev-123" SUBMISSION_RESULT="WAITING_CONFIRMATION" HISTORY_WRITE=true OUTCOME_WRITE=true REASON="NONE"
[2026-08-13T07:37:38.570Z] PID=21480 APP_ID="test_easy_123" JOB_ID="test_easy_123" COMPANY="Easy Company" ROLE="Full Stack Developer" JOB_URL="https://www.naukri.com/job-listings-easy-dev-123" SUBMISSION_RESULT="SUBMITTED" HISTORY_WRITE=true OUTCOME_WRITE=true REASON="NONE"
[2026-08-13T07:37:38.913Z] PID=7936 APP_ID="1ad3e0d369" JOB_ID="1ad3e0d369" COMPANY="jobaaj" ROLE="Software Developer MERN Stack" JOB_URL="https://www.naukri.com/job-listings-software-developer-mern-stack-jobaaj-com-hyderabad-pune-bengaluru-0-to-1-years-110826040389" SUBMISSION_RESULT="SUBMITTED" HISTORY_WRITE=true OUTCOME_WRITE=true REASON="NONE"
[2026-08-13T07:38:05.823Z] PID=10220 APP_ID="test_ext_456" JOB_ID="test_ext_456" COMPANY="External Company" ROLE="Backend Engineer" JOB_URL="https://www.naukri.com/job-listings-external-dev-456" SUBMISSION_RESULT="MANUAL_REQUIRED" HISTORY_WRITE=true OUTCOME_WRITE=true REASON="NONE"
[2026-08-13T07:38:05.916Z] PID=10220 APP_ID="test_easy_123" JOB_ID="test_easy_123" COMPANY="Easy Company" ROLE="Full Stack Developer" JOB_URL="https://www.naukri.com/job-listings-easy-dev-123" SUBMISSION_RESULT="WAITING_CONFIRMATION" HISTORY_WRITE=true OUTCOME_WRITE=true REASON="NONE"
[2026-08-13T07:38:05.983Z] PID=10220 APP_ID="test_easy_123" JOB_ID="test_easy_123" COMPANY="Easy Company" ROLE="Full Stack Developer" JOB_URL="https://www.naukri.com/job-listings-easy-dev-123" SUBMISSION_RESULT="SUBMITTED" HISTORY_WRITE=true OUTCOME_WRITE=true REASON="NONE"
[2026-08-13T07:39:27.243Z] PID=24228 APP_ID="test_ext_456" JOB_ID="test_ext_456" COMPANY="External Company" ROLE="Backend Engineer" JOB_URL="https://www.naukri.com/job-listings-external-dev-456" SUBMISSION_RESULT="MANUAL_REQUIRED" HISTORY_WRITE=true OUTCOME_WRITE=true REASON="NONE"
[2026-08-13T07:39:27.379Z] PID=24228 APP_ID="test_easy_123" JOB_ID="test_easy_123" COMPANY="Easy Company" ROLE="Full Stack Developer" JOB_URL="https://www.naukri.com/job-listings-easy-dev-123" SUBMISSION_RESULT="WAITING_CONFIRMATION" HISTORY_WRITE=true OUTCOME_WRITE=true REASON="NONE"
[2026-08-13T07:39:27.435Z] PID=24228 APP_ID="test_easy_123" JOB_ID="test_easy_123" COMPANY="Easy Company" ROLE="Full Stack Developer" JOB_URL="https://www.naukri.com/job-listings-easy-dev-123" SUBMISSION_RESULT="SUBMITTED" HISTORY_WRITE=true OUTCOME_WRITE=true REASON="NONE"
[2026-08-13T07:39:54.510Z] PID=1516 APP_ID="test_ext_456" JOB_ID="test_ext_456" COMPANY="External Company" ROLE="Backend Engineer" JOB_URL="https://www.naukri.com/job-listings-external-dev-456" SUBMISSION_RESULT="MANUAL_REQUIRED" HISTORY_WRITE=true OUTCOME_WRITE=true REASON="NONE"
[2026-08-13T07:39:54.611Z] PID=1516 APP_ID="test_easy_123" JOB_ID="test_easy_123" COMPANY="Easy Company" ROLE="Full Stack Developer" JOB_URL="https://www.naukri.com/job-listings-easy-dev-123" SUBMISSION_RESULT="WAITING_CONFIRMATION" HISTORY_WRITE=true OUTCOME_WRITE=true REASON="NONE"
[2026-08-13T07:39:54.676Z] PID=1516 APP_ID="test_easy_123" JOB_ID="test_easy_123" COMPANY="Easy Company" ROLE="Full Stack Developer" JOB_URL="https://www.naukri.com/job-listings-easy-dev-123" SUBMISSION_RESULT="SUBMITTED" HISTORY_WRITE=true OUTCOME_WRITE=true REASON="NONE"
[2026-08-13T07:53:30.472Z] PID=17352 APP_ID="771e1e6422" JOB_ID="771e1e6422" COMPANY="jobaaj" ROLE="Software Developer MERN Stack" JOB_URL="https://www.naukri.com/job-listings-software-developer-mern-stack-jobaaj-1-to-3-years-TEST001" SUBMISSION_RESULT="SUBMITTED" HISTORY_WRITE=true OUTCOME_WRITE=true REASON="NONE"
[2026-08-13T07:53:32.150Z] PID=17352 APP_ID="0bd6a14980" JOB_ID="test123" COMPANY="Company" ROLE="Software Developer" JOB_URL="https://www.naukri.com/job-listings-test-123" SUBMISSION_RESULT="SUBMITTED" HISTORY_WRITE=true OUTCOME_WRITE=true REASON="NONE"
[2026-08-13T07:53:33.682Z] PID=17352 APP_ID="test_ext_456" JOB_ID="test_ext_456" COMPANY="External Company" ROLE="Backend Engineer" JOB_URL="https://www.naukri.com/job-listings-external-dev-456" SUBMISSION_RESULT="MANUAL_REQUIRED" HISTORY_WRITE=true OUTCOME_WRITE=true REASON="NONE"
[2026-08-13T07:53:33.787Z] PID=17352 APP_ID="test_easy_123" JOB_ID="test_easy_123" COMPANY="Easy Company" ROLE="Full Stack Developer" JOB_URL="https://www.naukri.com/job-listings-easy-dev-123" SUBMISSION_RESULT="WAITING_CONFIRMATION" HISTORY_WRITE=true OUTCOME_WRITE=true REASON="NONE"
[2026-08-13T07:53:33.850Z] PID=17352 APP_ID="test_easy_123" JOB_ID="test_easy_123" COMPANY="Easy Company" ROLE="Full Stack Developer" JOB_URL="https://www.naukri.com/job-listings-easy-dev-123" SUBMISSION_RESULT="SUBMITTED" HISTORY_WRITE=true OUTCOME_WRITE=true REASON="NONE"
[2026-08-13T07:56:17.057Z] PID=10896 APP_ID="771e1e6422" JOB_ID="771e1e6422" COMPANY="jobaaj" ROLE="Software Developer MERN Stack" JOB_URL="https://www.naukri.com/job-listings-software-developer-mern-stack-jobaaj-1-to-3-years-TEST001" SUBMISSION_RESULT="SUBMITTED" HISTORY_WRITE=true OUTCOME_WRITE=true REASON="NONE"
[2026-08-13T07:56:18.595Z] PID=10896 APP_ID="test_ext_456" JOB_ID="test_ext_456" COMPANY="External Company" ROLE="Backend Engineer" JOB_URL="https://www.naukri.com/job-listings-external-dev-456" SUBMISSION_RESULT="MANUAL_REQUIRED" HISTORY_WRITE=true OUTCOME_WRITE=true REASON="NONE"
[2026-08-13T07:56:18.703Z] PID=10896 APP_ID="test_easy_123" JOB_ID="test_easy_123" COMPANY="Easy Company" ROLE="Full Stack Developer" JOB_URL="https://www.naukri.com/job-listings-easy-dev-123" SUBMISSION_RESULT="WAITING_CONFIRMATION" HISTORY_WRITE=true OUTCOME_WRITE=true REASON="NONE"
[2026-08-13T07:56:18.774Z] PID=10896 APP_ID="test_easy_123" JOB_ID="test_easy_123" COMPANY="Easy Company" ROLE="Full Stack Developer" JOB_URL="https://www.naukri.com/job-listings-easy-dev-123" SUBMISSION_RESULT="SUBMITTED" HISTORY_WRITE=true OUTCOME_WRITE=true REASON="NONE"
[2026-08-13T07:58:49.072Z] PID=18360 APP_ID="771e1e6422" JOB_ID="771e1e6422" COMPANY="jobaaj" ROLE="Software Developer MERN Stack" JOB_URL="https://www.naukri.com/job-listings-software-developer-mern-stack-jobaaj-1-to-3-years-TEST001" SUBMISSION_RESULT="SUBMITTED" HISTORY_WRITE=true OUTCOME_WRITE=true REASON="NONE"
[2026-08-13T07:58:51.834Z] PID=18360 APP_ID="test_ext_456" JOB_ID="test_ext_456" COMPANY="External Company" ROLE="Backend Engineer" JOB_URL="https://www.naukri.com/job-listings-external-dev-456" SUBMISSION_RESULT="MANUAL_REQUIRED" HISTORY_WRITE=true OUTCOME_WRITE=true REASON="NONE"
[2026-08-13T07:58:51.940Z] PID=18360 APP_ID="test_easy_123" JOB_ID="test_easy_123" COMPANY="Easy Company" ROLE="Full Stack Developer" JOB_URL="https://www.naukri.com/job-listings-easy-dev-123" SUBMISSION_RESULT="WAITING_CONFIRMATION" HISTORY_WRITE=true OUTCOME_WRITE=true REASON="NONE"
[2026-08-13T07:58:51.997Z] PID=18360 APP_ID="test_easy_123" JOB_ID="test_easy_123" COMPANY="Easy Company" ROLE="Full Stack Developer" JOB_URL="https://www.naukri.com/job-listings-easy-dev-123" SUBMISSION_RESULT="SUBMITTED" HISTORY_WRITE=true OUTCOME_WRITE=true REASON="NONE"
[2026-08-13T08:06:24.267Z] PID=11640 APP_ID="771e1e6422" JOB_ID="771e1e6422" COMPANY="jobaaj" ROLE="Software Developer MERN Stack" JOB_URL="https://www.naukri.com/job-listings-software-developer-mern-stack-jobaaj-1-to-3-years-TEST001" SUBMISSION_RESULT="SUBMITTED" HISTORY_WRITE=true OUTCOME_WRITE=true REASON="NONE"
[2026-08-13T08:06:29.283Z] PID=11640 APP_ID="test_ext_456" JOB_ID="test_ext_456" COMPANY="External Company" ROLE="Backend Engineer" JOB_URL="https://www.naukri.com/job-listings-external-dev-456" SUBMISSION_RESULT="MANUAL_REQUIRED" HISTORY_WRITE=true OUTCOME_WRITE=true REASON="NONE"
[2026-08-13T08:06:29.407Z] PID=11640 APP_ID="test_easy_123" JOB_ID="test_easy_123" COMPANY="Easy Company" ROLE="Full Stack Developer" JOB_URL="https://www.naukri.com/job-listings-easy-dev-123" SUBMISSION_RESULT="WAITING_CONFIRMATION" HISTORY_WRITE=true OUTCOME_WRITE=true REASON="NONE"
[2026-08-13T08:06:29.489Z] PID=11640 APP_ID="test_easy_123" JOB_ID="test_easy_123" COMPANY="Easy Company" ROLE="Full Stack Developer" JOB_URL="https://www.naukri.com/job-listings-easy-dev-123" SUBMISSION_RESULT="SUBMITTED" HISTORY_WRITE=true OUTCOME_WRITE=true REASON="NONE"
[2026-08-13T08:09:05.923Z] PID=25288 APP_ID="be6497dbdc" JOB_ID="be6497dbdc" COMPANY="The Glove" ROLE="Mern Stack Developer" JOB_URL="https://www.naukri.com/job-listings-mern-stack-developer-the-glove-bengaluru-india-3-to-8-years-110826030677" SUBMISSION_RESULT="OPENED" HISTORY_WRITE=true OUTCOME_WRITE=true REASON="NONE"
[2026-08-13T08:09:15.892Z] PID=25288 APP_ID="be6497dbdc" JOB_ID="be6497dbdc" COMPANY="The Glove" ROLE="Mern Stack Developer" JOB_URL="https://www.naukri.com/job-listings-mern-stack-developer-the-glove-bengaluru-india-3-to-8-years-110826030677" SUBMISSION_RESULT="FORM_DETECTED" HISTORY_WRITE=true OUTCOME_WRITE=true REASON="NONE"
[2026-08-13T08:09:15.957Z] PID=25288 APP_ID="be6497dbdc" JOB_ID="be6497dbdc" COMPANY="The Glove" ROLE="Mern Stack Developer" JOB_URL="https://www.naukri.com/job-listings-mern-stack-developer-the-glove-bengaluru-india-3-to-8-years-110826030677" SUBMISSION_RESULT="PREFILLED" HISTORY_WRITE=true OUTCOME_WRITE=true REASON="NONE"
[2026-08-13T08:09:18.229Z] PID=25288 APP_ID="be6497dbdc" JOB_ID="be6497dbdc" COMPANY="The Glove" ROLE="Mern Stack Developer" JOB_URL="https://www.naukri.com/job-listings-mern-stack-developer-the-glove-bengaluru-india-3-to-8-years-110826030677" SUBMISSION_RESULT="WAITING_CONFIRMATION" HISTORY_WRITE=true OUTCOME_WRITE=true REASON="NONE"
[2026-08-13T08:09:24.877Z] PID=7936 APP_ID="be6497dbdc" JOB_ID="be6497dbdc" COMPANY="The Glove" ROLE="Mern Stack Developer" JOB_URL="https://www.naukri.com/job-listings-mern-stack-developer-the-glove-bengaluru-india-3-to-8-years-110826030677" SUBMISSION_RESULT="SUBMITTED" HISTORY_WRITE=true OUTCOME_WRITE=true REASON="NONE"
[2026-08-13T08:14:22.287Z] PID=16028 APP_ID="be6497dbdc" JOB_ID="be6497dbdc" COMPANY="The Glove" ROLE="Mern Stack Developer" JOB_URL="https://www.naukri.com/job-listings-mern-stack-developer-the-glove-bengaluru-india-3-to-8-years-110826030677" SUBMISSION_RESULT="ALREADY_APPLIED" HISTORY_WRITE=true OUTCOME_WRITE=true REASON="NONE"
[2026-08-13T08:14:25.023Z] PID=16028 APP_ID="771e1e6422" JOB_ID="771e1e6422" COMPANY="jobaaj" ROLE="Software Developer MERN Stack" JOB_URL="https://www.naukri.com/job-listings-software-developer-mern-stack-jobaaj-1-to-3-years-TEST001" SUBMISSION_RESULT="SUBMITTED" HISTORY_WRITE=true OUTCOME_WRITE=true REASON="NONE"
[2026-08-13T08:14:28.302Z] PID=16028 APP_ID="test_ext_456" JOB_ID="test_ext_456" COMPANY="External Company" ROLE="Backend Engineer" JOB_URL="https://www.naukri.com/job-listings-external-dev-456" SUBMISSION_RESULT="MANUAL_REQUIRED" HISTORY_WRITE=true OUTCOME_WRITE=true REASON="NONE"
[2026-08-13T08:14:28.421Z] PID=16028 APP_ID="test_easy_123" JOB_ID="test_easy_123" COMPANY="Easy Company" ROLE="Full Stack Developer" JOB_URL="https://www.naukri.com/job-listings-easy-dev-123" SUBMISSION_RESULT="WAITING_CONFIRMATION" HISTORY_WRITE=true OUTCOME_WRITE=true REASON="NONE"
[2026-08-13T08:14:28.487Z] PID=16028 APP_ID="test_easy_123" JOB_ID="test_easy_123" COMPANY="Easy Company" ROLE="Full Stack Developer" JOB_URL="https://www.naukri.com/job-listings-easy-dev-123" SUBMISSION_RESULT="SUBMITTED" HISTORY_WRITE=true OUTCOME_WRITE=true REASON="NONE"
[2026-08-13T08:15:00.913Z] PID=2648 APP_ID="ext_test_999" JOB_ID="ext_test_999" COMPANY="The Glove" ROLE="Mern Stack Developer" JOB_URL="https://www.naukri.com/job-listings-mern-stack-developer-the-glove-ext-999" SUBMISSION_RESULT="ALREADY_APPLIED" HISTORY_WRITE=true OUTCOME_WRITE=true REASON="NONE"
[2026-08-13T08:15:04.042Z] PID=2648 APP_ID="771e1e6422" JOB_ID="771e1e6422" COMPANY="jobaaj" ROLE="Software Developer MERN Stack" JOB_URL="https://www.naukri.com/job-listings-software-developer-mern-stack-jobaaj-1-to-3-years-TEST001" SUBMISSION_RESULT="SUBMITTED" HISTORY_WRITE=true OUTCOME_WRITE=true REASON="NONE"
[2026-08-13T08:15:05.432Z] PID=2648 APP_ID="test_ext_456" JOB_ID="test_ext_456" COMPANY="External Company" ROLE="Backend Engineer" JOB_URL="https://www.naukri.com/job-listings-external-dev-456" SUBMISSION_RESULT="MANUAL_REQUIRED" HISTORY_WRITE=true OUTCOME_WRITE=true REASON="NONE"
[2026-08-13T08:15:05.598Z] PID=2648 APP_ID="test_easy_123" JOB_ID="test_easy_123" COMPANY="Easy Company" ROLE="Full Stack Developer" JOB_URL="https://www.naukri.com/job-listings-easy-dev-123" SUBMISSION_RESULT="WAITING_CONFIRMATION" HISTORY_WRITE=true OUTCOME_WRITE=true REASON="NONE"
[2026-08-13T08:15:05.666Z] PID=2648 APP_ID="test_easy_123" JOB_ID="test_easy_123" COMPANY="Easy Company" ROLE="Full Stack Developer" JOB_URL="https://www.naukri.com/job-listings-easy-dev-123" SUBMISSION_RESULT="SUBMITTED" HISTORY_WRITE=true OUTCOME_WRITE=true REASON="NONE"
[2026-08-13T08:15:35.195Z] PID=21872 APP_ID="ext_test_999" JOB_ID="ext_test_999" COMPANY="The Glove Test Company" ROLE="Mern Stack Developer" JOB_URL="https://www.naukri.com/job-listings-mern-stack-developer-the-glove-ext-999" SUBMISSION_RESULT="ALREADY_APPLIED" HISTORY_WRITE=true OUTCOME_WRITE=true REASON="NONE"
[2026-08-13T08:15:38.280Z] PID=21872 APP_ID="771e1e6422" JOB_ID="771e1e6422" COMPANY="jobaaj" ROLE="Software Developer MERN Stack" JOB_URL="https://www.naukri.com/job-listings-software-developer-mern-stack-jobaaj-1-to-3-years-TEST001" SUBMISSION_RESULT="SUBMITTED" HISTORY_WRITE=true OUTCOME_WRITE=true REASON="NONE"
[2026-08-13T08:15:39.917Z] PID=21872 APP_ID="test_ext_456" JOB_ID="test_ext_456" COMPANY="External Company" ROLE="Backend Engineer" JOB_URL="https://www.naukri.com/job-listings-external-dev-456" SUBMISSION_RESULT="MANUAL_REQUIRED" HISTORY_WRITE=true OUTCOME_WRITE=true REASON="NONE"
[2026-08-13T08:15:40.058Z] PID=21872 APP_ID="test_easy_123" JOB_ID="test_easy_123" COMPANY="Easy Company" ROLE="Full Stack Developer" JOB_URL="https://www.naukri.com/job-listings-easy-dev-123" SUBMISSION_RESULT="WAITING_CONFIRMATION" HISTORY_WRITE=true OUTCOME_WRITE=true REASON="NONE"
[2026-08-13T08:15:40.118Z] PID=21872 APP_ID="test_easy_123" JOB_ID="test_easy_123" COMPANY="Easy Company" ROLE="Full Stack Developer" JOB_URL="https://www.naukri.com/job-listings-easy-dev-123" SUBMISSION_RESULT="SUBMITTED" HISTORY_WRITE=true OUTCOME_WRITE=true REASON="NONE"
[2026-08-13T08:20:10.453Z] PID=1820 APP_ID="ext_test_999" JOB_ID="ext_test_999" COMPANY="The Glove Test Company" ROLE="Mern Stack Developer" JOB_URL="https://www.naukri.com/job-listings-mern-stack-developer-the-glove-ext-999" SUBMISSION_RESULT="MANUAL_REQUIRED" HISTORY_WRITE=true OUTCOME_WRITE=true REASON="NONE"
[2026-08-13T08:20:13.489Z] PID=1820 APP_ID="771e1e6422" JOB_ID="771e1e6422" COMPANY="jobaaj" ROLE="Software Developer MERN Stack" JOB_URL="https://www.naukri.com/job-listings-software-developer-mern-stack-jobaaj-1-to-3-years-TEST001" SUBMISSION_RESULT="SUBMITTED" HISTORY_WRITE=true OUTCOME_WRITE=true REASON="NONE"
[2026-08-13T08:20:14.973Z] PID=1820 APP_ID="test_ext_456" JOB_ID="test_ext_456" COMPANY="External Company" ROLE="Backend Engineer" JOB_URL="https://www.naukri.com/job-listings-external-dev-456" SUBMISSION_RESULT="MANUAL_REQUIRED" HISTORY_WRITE=true OUTCOME_WRITE=true REASON="NONE"
[2026-08-13T08:20:15.094Z] PID=1820 APP_ID="test_easy_123" JOB_ID="test_easy_123" COMPANY="Easy Company" ROLE="Full Stack Developer" JOB_URL="https://www.naukri.com/job-listings-easy-dev-123" SUBMISSION_RESULT="WAITING_CONFIRMATION" HISTORY_WRITE=true OUTCOME_WRITE=true REASON="NONE"
[2026-08-13T08:20:15.164Z] PID=1820 APP_ID="test_easy_123" JOB_ID="test_easy_123" COMPANY="Easy Company" ROLE="Full Stack Developer" JOB_URL="https://www.naukri.com/job-listings-easy-dev-123" SUBMISSION_RESULT="SUBMITTED" HISTORY_WRITE=true OUTCOME_WRITE=true REASON="NONE"
[2026-08-13T08:47:05.728Z] PID=23176 APP_ID="ext_safety_001" JOB_ID="ext_safety_001" COMPANY="External Corp Safety Test" ROLE="Full Stack Engineer" JOB_URL="https://www.naukri.com/job-listings-ext-safety-001" SUBMISSION_RESULT="MANUAL_REQUIRED" HISTORY_WRITE=true OUTCOME_WRITE=true REASON="NONE"
[2026-08-13T08:47:08.750Z] PID=23176 APP_ID="771e1e6422" JOB_ID="771e1e6422" COMPANY="jobaaj" ROLE="Software Developer MERN Stack" JOB_URL="https://www.naukri.com/job-listings-software-developer-mern-stack-jobaaj-1-to-3-years-TEST001" SUBMISSION_RESULT="SUBMITTED" HISTORY_WRITE=true OUTCOME_WRITE=true REASON="NONE"
[2026-08-13T08:47:10.127Z] PID=23176 APP_ID="ext_test_999" JOB_ID="ext_test_999" COMPANY="The Glove Test Company" ROLE="Mern Stack Developer" JOB_URL="https://www.naukri.com/job-listings-mern-stack-developer-the-glove-ext-999" SUBMISSION_RESULT="MANUAL_REQUIRED" HISTORY_WRITE=true OUTCOME_WRITE=true REASON="NONE"
[2026-08-13T08:47:11.565Z] PID=23176 APP_ID="test_ext_456" JOB_ID="test_ext_456" COMPANY="External Company" ROLE="Backend Engineer" JOB_URL="https://www.naukri.com/job-listings-external-dev-456" SUBMISSION_RESULT="MANUAL_REQUIRED" HISTORY_WRITE=true OUTCOME_WRITE=true REASON="NONE"
[2026-08-13T08:47:11.707Z] PID=23176 APP_ID="test_easy_123" JOB_ID="test_easy_123" COMPANY="Easy Company" ROLE="Full Stack Developer" JOB_URL="https://www.naukri.com/job-listings-easy-dev-123" SUBMISSION_RESULT="WAITING_CONFIRMATION" HISTORY_WRITE=true OUTCOME_WRITE=true REASON="NONE"
[2026-08-13T08:47:11.800Z] PID=23176 APP_ID="test_easy_123" JOB_ID="test_easy_123" COMPANY="Easy Company" ROLE="Full Stack Developer" JOB_URL="https://www.naukri.com/job-listings-easy-dev-123" SUBMISSION_RESULT="SUBMITTED" HISTORY_WRITE=true OUTCOME_WRITE=true REASON="NONE"
[2026-08-13T08:52:58.915Z] PID=5952 APP_ID="ext_safety_001" JOB_ID="ext_safety_001" COMPANY="External Corp Safety Test" ROLE="Full Stack Engineer" JOB_URL="https://www.naukri.com/job-listings-ext-safety-001" SUBMISSION_RESULT="MANUAL_REQUIRED" HISTORY_WRITE=true OUTCOME_WRITE=true REASON="NONE"
[2026-08-13T08:53:01.500Z] PID=5952 APP_ID="771e1e6422" JOB_ID="771e1e6422" COMPANY="jobaaj" ROLE="Software Developer MERN Stack" JOB_URL="https://www.naukri.com/job-listings-software-developer-mern-stack-jobaaj-1-to-3-years-TEST001" SUBMISSION_RESULT="SUBMITTED" HISTORY_WRITE=true OUTCOME_WRITE=true REASON="NONE"
[2026-08-13T08:53:02.757Z] PID=5952 APP_ID="test_ext_456" JOB_ID="test_ext_456" COMPANY="External Company" ROLE="Backend Engineer" JOB_URL="https://www.naukri.com/job-listings-external-dev-456" SUBMISSION_RESULT="MANUAL_REQUIRED" HISTORY_WRITE=true OUTCOME_WRITE=true REASON="NONE"
[2026-08-13T08:53:02.857Z] PID=5952 APP_ID="test_easy_123" JOB_ID="test_easy_123" COMPANY="Easy Company" ROLE="Full Stack Developer" JOB_URL="https://www.naukri.com/job-listings-easy-dev-123" SUBMISSION_RESULT="WAITING_CONFIRMATION" HISTORY_WRITE=true OUTCOME_WRITE=true REASON="NONE"
[2026-08-13T08:53:02.917Z] PID=5952 APP_ID="test_easy_123" JOB_ID="test_easy_123" COMPANY="Easy Company" ROLE="Full Stack Developer" JOB_URL="https://www.naukri.com/job-listings-easy-dev-123" SUBMISSION_RESULT="SUBMITTED" HISTORY_WRITE=true OUTCOME_WRITE=true REASON="NONE"
[2026-08-13T08:53:07.270Z] PID=5952 APP_ID="ext_test_999" JOB_ID="ext_test_999" COMPANY="The Glove Test Company" ROLE="Mern Stack Developer" JOB_URL="https://www.naukri.com/job-listings-mern-stack-developer-the-glove-ext-999" SUBMISSION_RESULT="MANUAL_REQUIRED" HISTORY_WRITE=true OUTCOME_WRITE=true REASON="NONE"
[2026-08-13T08:53:47.686Z] PID=13644 APP_ID="771e1e6422" JOB_ID="771e1e6422" COMPANY="jobaaj" ROLE="Software Developer MERN Stack" JOB_URL="https://www.naukri.com/job-listings-software-developer-mern-stack-jobaaj-1-to-3-years-TEST001" SUBMISSION_RESULT="SUBMITTED" HISTORY_WRITE=true OUTCOME_WRITE=true REASON="NONE"
[2026-08-13T08:53:49.416Z] PID=13644 APP_ID="ext_safety_001" JOB_ID="ext_safety_001" COMPANY="External Corp Safety Test" ROLE="Full Stack Engineer" JOB_URL="https://www.naukri.com/job-listings-ext-safety-001" SUBMISSION_RESULT="MANUAL_REQUIRED" HISTORY_WRITE=true OUTCOME_WRITE=true REASON="NONE"
[2026-08-13T08:53:53.513Z] PID=13644 APP_ID="test_ext_456" JOB_ID="test_ext_456" COMPANY="External Company" ROLE="Backend Engineer" JOB_URL="https://www.naukri.com/job-listings-external-dev-456" SUBMISSION_RESULT="MANUAL_REQUIRED" HISTORY_WRITE=true OUTCOME_WRITE=true REASON="NONE"
[2026-08-13T08:53:53.598Z] PID=13644 APP_ID="test_easy_123" JOB_ID="test_easy_123" COMPANY="Easy Company" ROLE="Full Stack Developer" JOB_URL="https://www.naukri.com/job-listings-easy-dev-123" SUBMISSION_RESULT="WAITING_CONFIRMATION" HISTORY_WRITE=true OUTCOME_WRITE=true REASON="NONE"
[2026-08-13T08:53:53.680Z] PID=13644 APP_ID="test_easy_123" JOB_ID="test_easy_123" COMPANY="Easy Company" ROLE="Full Stack Developer" JOB_URL="https://www.naukri.com/job-listings-easy-dev-123" SUBMISSION_RESULT="SUBMITTED" HISTORY_WRITE=true OUTCOME_WRITE=true REASON="NONE"
[2026-08-13T08:53:54.814Z] PID=13644 APP_ID="ext_test_999" JOB_ID="ext_test_999" COMPANY="The Glove Test Company" ROLE="Mern Stack Developer" JOB_URL="https://www.naukri.com/job-listings-mern-stack-developer-the-glove-ext-999" SUBMISSION_RESULT="MANUAL_REQUIRED" HISTORY_WRITE=true OUTCOME_WRITE=true REASON="NONE"
[2026-08-13T08:58:16.346Z] PID=21288 APP_ID="be6497dbdc" JOB_ID="be6497dbdc" COMPANY="The Glove" ROLE="Mern Stack Developer" JOB_URL="https://www.naukri.com/job-listings-mern-stack-developer-the-glove-bengaluru-india-3-to-8-years-110826030677" SUBMISSION_RESULT="MANUAL_REQUIRED" HISTORY_WRITE=true OUTCOME_WRITE=true REASON="NONE"
[2026-08-13T08:58:16.412Z] PID=21288 APP_ID="manual_001" JOB_ID="manual_001" COMPANY="Manual Test Company" ROLE="Backend Dev" JOB_URL="https://www.naukri.com/job-listings-manual-001" SUBMISSION_RESULT="MANUAL_REQUIRED" HISTORY_WRITE=true OUTCOME_WRITE=true REASON="NONE"
[2026-08-13T08:58:16.480Z] PID=21288 APP_ID="prep_only_01" JOB_ID="prep_only_01" COMPANY="Prep Only Company" ROLE="React Engineer" JOB_URL="https://www.naukri.com/job-listings-prep-only-01" SUBMISSION_RESULT="MANUAL_REQUIRED" HISTORY_WRITE=true OUTCOME_WRITE=true REASON="NONE"
[2026-08-13T08:58:19.175Z] PID=21288 APP_ID="771e1e6422" JOB_ID="771e1e6422" COMPANY="jobaaj" ROLE="Software Developer MERN Stack" JOB_URL="https://www.naukri.com/job-listings-software-developer-mern-stack-jobaaj-1-to-3-years-TEST001" SUBMISSION_RESULT="SUBMITTED" HISTORY_WRITE=true OUTCOME_WRITE=true REASON="NONE"
[2026-08-13T08:58:22.218Z] PID=21288 APP_ID="ext_safety_001" JOB_ID="ext_safety_001" COMPANY="External Corp Safety Test" ROLE="Full Stack Engineer" JOB_URL="https://www.naukri.com/job-listings-ext-safety-001" SUBMISSION_RESULT="MANUAL_REQUIRED" HISTORY_WRITE=true OUTCOME_WRITE=true REASON="NONE"
[2026-08-13T08:58:24.919Z] PID=21288 APP_ID="test_ext_456" JOB_ID="test_ext_456" COMPANY="External Company" ROLE="Backend Engineer" JOB_URL="https://www.naukri.com/job-listings-external-dev-456" SUBMISSION_RESULT="MANUAL_REQUIRED" HISTORY_WRITE=true OUTCOME_WRITE=true REASON="NONE"
[2026-08-13T08:58:25.019Z] PID=21288 APP_ID="test_easy_123" JOB_ID="test_easy_123" COMPANY="Easy Company" ROLE="Full Stack Developer" JOB_URL="https://www.naukri.com/job-listings-easy-dev-123" SUBMISSION_RESULT="WAITING_CONFIRMATION" HISTORY_WRITE=true OUTCOME_WRITE=true REASON="NONE"
[2026-08-13T08:58:25.077Z] PID=21288 APP_ID="test_easy_123" JOB_ID="test_easy_123" COMPANY="Easy Company" ROLE="Full Stack Developer" JOB_URL="https://www.naukri.com/job-listings-easy-dev-123" SUBMISSION_RESULT="SUBMITTED" HISTORY_WRITE=true OUTCOME_WRITE=true REASON="NONE"
[2026-08-13T08:58:27.776Z] PID=21288 APP_ID="ext_test_999" JOB_ID="ext_test_999" COMPANY="The Glove Test Company" ROLE="Mern Stack Developer" JOB_URL="https://www.naukri.com/job-listings-mern-stack-developer-the-glove-ext-999" SUBMISSION_RESULT="MANUAL_REQUIRED" HISTORY_WRITE=true OUTCOME_WRITE=true REASON="NONE"
[2026-08-13T09:10:15.619Z] PID=18604 APP_ID="57f713042c" JOB_ID="57f713042c" COMPANY="Vbeyond Corporation Test" ROLE="Mern Stack Developer" JOB_URL="https://www.naukri.com/job-listings-vbeyond-57f713042c" SUBMISSION_RESULT="MANUAL_REQUIRED" HISTORY_WRITE=true OUTCOME_WRITE=true REASON="NONE"
[2026-08-13T09:10:18.508Z] PID=18604 APP_ID="771e1e6422" JOB_ID="771e1e6422" COMPANY="jobaaj" ROLE="Software Developer MERN Stack" JOB_URL="https://www.naukri.com/job-listings-software-developer-mern-stack-jobaaj-1-to-3-years-TEST001" SUBMISSION_RESULT="SUBMITTED" HISTORY_WRITE=true OUTCOME_WRITE=true REASON="NONE"
[2026-08-13T09:10:19.840Z] PID=18604 APP_ID="be6497dbdc" JOB_ID="be6497dbdc" COMPANY="The Glove" ROLE="Mern Stack Developer" JOB_URL="https://www.naukri.com/job-listings-mern-stack-developer-the-glove-bengaluru-india-3-to-8-years-110826030677" SUBMISSION_RESULT="MANUAL_REQUIRED" HISTORY_WRITE=true OUTCOME_WRITE=true REASON="NONE"
[2026-08-13T09:10:19.915Z] PID=18604 APP_ID="manual_001" JOB_ID="manual_001" COMPANY="Manual Test Company" ROLE="Backend Dev" JOB_URL="https://www.naukri.com/job-listings-manual-001" SUBMISSION_RESULT="MANUAL_REQUIRED" HISTORY_WRITE=true OUTCOME_WRITE=true REASON="NONE"
[2026-08-13T09:10:19.992Z] PID=18604 APP_ID="prep_only_01" JOB_ID="prep_only_01" COMPANY="Prep Only Company" ROLE="React Engineer" JOB_URL="https://www.naukri.com/job-listings-prep-only-01" SUBMISSION_RESULT="MANUAL_REQUIRED" HISTORY_WRITE=true OUTCOME_WRITE=true REASON="NONE"
[2026-08-13T09:10:21.701Z] PID=18604 APP_ID="ext_safety_001" JOB_ID="ext_safety_001" COMPANY="External Corp Safety Test" ROLE="Full Stack Engineer" JOB_URL="https://www.naukri.com/job-listings-ext-safety-001" SUBMISSION_RESULT="MANUAL_REQUIRED" HISTORY_WRITE=true OUTCOME_WRITE=true REASON="NONE"
[2026-08-13T09:10:26.094Z] PID=18604 APP_ID="test_ext_456" JOB_ID="test_ext_456" COMPANY="External Company" ROLE="Backend Engineer" JOB_URL="https://www.naukri.com/job-listings-external-dev-456" SUBMISSION_RESULT="MANUAL_REQUIRED" HISTORY_WRITE=true OUTCOME_WRITE=true REASON="NONE"
[2026-08-13T09:10:26.205Z] PID=18604 APP_ID="test_easy_123" JOB_ID="test_easy_123" COMPANY="Easy Company" ROLE="Full Stack Developer" JOB_URL="https://www.naukri.com/job-listings-easy-dev-123" SUBMISSION_RESULT="WAITING_CONFIRMATION" HISTORY_WRITE=true OUTCOME_WRITE=true REASON="NONE"
[2026-08-13T09:10:26.255Z] PID=18604 APP_ID="test_easy_123" JOB_ID="test_easy_123" COMPANY="Easy Company" ROLE="Full Stack Developer" JOB_URL="https://www.naukri.com/job-listings-easy-dev-123" SUBMISSION_RESULT="SUBMITTED" HISTORY_WRITE=true OUTCOME_WRITE=true REASON="NONE"
[2026-08-13T09:10:28.805Z] PID=18604 APP_ID="ext_test_999" JOB_ID="ext_test_999" COMPANY="The Glove Test Company" ROLE="Mern Stack Developer" JOB_URL="https://www.naukri.com/job-listings-mern-stack-developer-the-glove-ext-999" SUBMISSION_RESULT="MANUAL_REQUIRED" HISTORY_WRITE=true OUTCOME_WRITE=true REASON="NONE"
[2026-08-13T09:10:57.262Z] PID=5104 APP_ID="57f713042c" JOB_ID="57f713042c" COMPANY="Vbeyond Corporation Test" ROLE="Mern Stack Developer" JOB_URL="https://www.naukri.com/job-listings-vbeyond-57f713042c" SUBMISSION_RESULT="MANUAL_REQUIRED" HISTORY_WRITE=true OUTCOME_WRITE=true REASON="NONE"
[2026-08-13T09:10:58.825Z] PID=5104 APP_ID="ext_safety_001" JOB_ID="ext_safety_001" COMPANY="External Corp Safety Test" ROLE="Full Stack Engineer" JOB_URL="https://www.naukri.com/job-listings-ext-safety-001" SUBMISSION_RESULT="MANUAL_REQUIRED" HISTORY_WRITE=true OUTCOME_WRITE=true REASON="NONE"
[2026-08-13T09:11:00.086Z] PID=5104 APP_ID="be6497dbdc" JOB_ID="be6497dbdc" COMPANY="The Glove" ROLE="Mern Stack Developer" JOB_URL="https://www.naukri.com/job-listings-mern-stack-developer-the-glove-bengaluru-india-3-to-8-years-110826030677" SUBMISSION_RESULT="MANUAL_REQUIRED" HISTORY_WRITE=true OUTCOME_WRITE=true REASON="NONE"
[2026-08-13T09:11:00.187Z] PID=5104 APP_ID="manual_001" JOB_ID="manual_001" COMPANY="Manual Test Company" ROLE="Backend Dev" JOB_URL="https://www.naukri.com/job-listings-manual-001" SUBMISSION_RESULT="MANUAL_REQUIRED" HISTORY_WRITE=true OUTCOME_WRITE=true REASON="NONE"
[2026-08-13T09:11:00.271Z] PID=5104 APP_ID="prep_only_01" JOB_ID="prep_only_01" COMPANY="Prep Only Company" ROLE="React Engineer" JOB_URL="https://www.naukri.com/job-listings-prep-only-01" SUBMISSION_RESULT="MANUAL_REQUIRED" HISTORY_WRITE=true OUTCOME_WRITE=true REASON="NONE"
[2026-08-13T09:11:02.837Z] PID=5104 APP_ID="771e1e6422" JOB_ID="771e1e6422" COMPANY="jobaaj" ROLE="Software Developer MERN Stack" JOB_URL="https://www.naukri.com/job-listings-software-developer-mern-stack-jobaaj-1-to-3-years-TEST001" SUBMISSION_RESULT="SUBMITTED" HISTORY_WRITE=true OUTCOME_WRITE=true REASON="NONE"
[2026-08-13T09:11:04.175Z] PID=5104 APP_ID="test_ext_456" JOB_ID="test_ext_456" COMPANY="External Company" ROLE="Backend Engineer" JOB_URL="https://www.naukri.com/job-listings-external-dev-456" SUBMISSION_RESULT="MANUAL_REQUIRED" HISTORY_WRITE=true OUTCOME_WRITE=true REASON="NONE"
[2026-08-13T09:11:04.273Z] PID=5104 APP_ID="test_easy_123" JOB_ID="test_easy_123" COMPANY="Easy Company" ROLE="Full Stack Developer" JOB_URL="https://www.naukri.com/job-listings-easy-dev-123" SUBMISSION_RESULT="WAITING_CONFIRMATION" HISTORY_WRITE=true OUTCOME_WRITE=true REASON="NONE"
[2026-08-13T09:11:04.337Z] PID=5104 APP_ID="test_easy_123" JOB_ID="test_easy_123" COMPANY="Easy Company" ROLE="Full Stack Developer" JOB_URL="https://www.naukri.com/job-listings-easy-dev-123" SUBMISSION_RESULT="SUBMITTED" HISTORY_WRITE=true OUTCOME_WRITE=true REASON="NONE"
[2026-08-13T09:11:09.873Z] PID=5104 APP_ID="ext_test_999" JOB_ID="ext_test_999" COMPANY="The Glove Test Company" ROLE="Mern Stack Developer" JOB_URL="https://www.naukri.com/job-listings-mern-stack-developer-the-glove-ext-999" SUBMISSION_RESULT="MANUAL_REQUIRED" HISTORY_WRITE=true OUTCOME_WRITE=true REASON="NONE"
[2026-08-13T09:16:10.477Z] PID=22712 APP_ID="be6497dbdc" JOB_ID="be6497dbdc" COMPANY="The Glove" ROLE="Mern Stack Developer" JOB_URL="https://www.naukri.com/job-listings-mern-stack-developer-the-glove-bengaluru-india-3-to-8-years-110826030677" SUBMISSION_RESULT="MANUAL_REQUIRED" HISTORY_WRITE=true OUTCOME_WRITE=true REASON="NONE"
[2026-08-13T09:16:10.591Z] PID=22712 APP_ID="sub_test_01" JOB_ID="sub_test_01" COMPANY="Submitted Test Company" ROLE="Backend Dev" JOB_URL="https://www.naukri.com/job-listings-sub-test-01" SUBMISSION_RESULT="ALREADY_APPLIED" HISTORY_WRITE=true OUTCOME_WRITE=true REASON="NONE"
[2026-08-13T09:16:10.694Z] PID=22712 APP_ID="57f713042c" JOB_ID="57f713042c" COMPANY="Vbeyond Corporation" ROLE="Mern Stack Developer" JOB_URL="https://www.naukri.com/job-listings-mern-stack-developer-vbeyond-corporation-bengaluru-india-3-to-8-years-110826030691" SUBMISSION_RESULT="MANUAL_REQUIRED" HISTORY_WRITE=true OUTCOME_WRITE=true REASON="NONE"
[2026-08-13T09:16:13.377Z] PID=22712 APP_ID="771e1e6422" JOB_ID="771e1e6422" COMPANY="jobaaj" ROLE="Software Developer MERN Stack" JOB_URL="https://www.naukri.com/job-listings-software-developer-mern-stack-jobaaj-1-to-3-years-TEST001" SUBMISSION_RESULT="SUBMITTED" HISTORY_WRITE=true OUTCOME_WRITE=true REASON="NONE"
[2026-08-13T09:16:15.092Z] PID=22712 APP_ID="57f713042c" JOB_ID="57f713042c" COMPANY="Vbeyond Corporation Test" ROLE="Mern Stack Developer" JOB_URL="https://www.naukri.com/job-listings-vbeyond-57f713042c" SUBMISSION_RESULT="MANUAL_REQUIRED" HISTORY_WRITE=true OUTCOME_WRITE=true REASON="NONE"
[2026-08-13T09:16:16.743Z] PID=22712 APP_ID="ext_safety_001" JOB_ID="ext_safety_001" COMPANY="External Corp Safety Test" ROLE="Full Stack Engineer" JOB_URL="https://www.naukri.com/job-listings-ext-safety-001" SUBMISSION_RESULT="MANUAL_REQUIRED" HISTORY_WRITE=true OUTCOME_WRITE=true REASON="NONE"
[2026-08-13T09:16:18.079Z] PID=22712 APP_ID="test_ext_456" JOB_ID="test_ext_456" COMPANY="External Company" ROLE="Backend Engineer" JOB_URL="https://www.naukri.com/job-listings-external-dev-456" SUBMISSION_RESULT="MANUAL_REQUIRED" HISTORY_WRITE=true OUTCOME_WRITE=true REASON="NONE"
[2026-08-13T09:16:18.172Z] PID=22712 APP_ID="test_easy_123" JOB_ID="test_easy_123" COMPANY="Easy Company" ROLE="Full Stack Developer" JOB_URL="https://www.naukri.com/job-listings-easy-dev-123" SUBMISSION_RESULT="WAITING_CONFIRMATION" HISTORY_WRITE=true OUTCOME_WRITE=true REASON="NONE"
[2026-08-13T09:16:18.236Z] PID=22712 APP_ID="test_easy_123" JOB_ID="test_easy_123" COMPANY="Easy Company" ROLE="Full Stack Developer" JOB_URL="https://www.naukri.com/job-listings-easy-dev-123" SUBMISSION_RESULT="SUBMITTED" HISTORY_WRITE=true OUTCOME_WRITE=true REASON="NONE"
[2026-08-13T09:16:22.315Z] PID=22712 APP_ID="be6497dbdc" JOB_ID="be6497dbdc" COMPANY="The Glove" ROLE="Mern Stack Developer" JOB_URL="https://www.naukri.com/job-listings-mern-stack-developer-the-glove-bengaluru-india-3-to-8-years-110826030677" SUBMISSION_RESULT="MANUAL_REQUIRED" HISTORY_WRITE=true OUTCOME_WRITE=true REASON="NONE"
[2026-08-13T09:16:22.419Z] PID=22712 APP_ID="manual_001" JOB_ID="manual_001" COMPANY="Manual Test Company" ROLE="Backend Dev" JOB_URL="https://www.naukri.com/job-listings-manual-001" SUBMISSION_RESULT="MANUAL_REQUIRED" HISTORY_WRITE=true OUTCOME_WRITE=true REASON="NONE"
[2026-08-13T09:16:22.495Z] PID=22712 APP_ID="prep_only_01" JOB_ID="prep_only_01" COMPANY="Prep Only Company" ROLE="React Engineer" JOB_URL="https://www.naukri.com/job-listings-prep-only-01" SUBMISSION_RESULT="MANUAL_REQUIRED" HISTORY_WRITE=true OUTCOME_WRITE=true REASON="NONE"
[2026-08-13T09:16:23.778Z] PID=22712 APP_ID="ext_test_999" JOB_ID="ext_test_999" COMPANY="The Glove Test Company" ROLE="Mern Stack Developer" JOB_URL="https://www.naukri.com/job-listings-mern-stack-developer-the-glove-ext-999" SUBMISSION_RESULT="MANUAL_REQUIRED" HISTORY_WRITE=true OUTCOME_WRITE=true REASON="NONE"
[2026-08-13T09:17:14.536Z] PID=11928 APP_ID="be6497dbdc" JOB_ID="be6497dbdc" COMPANY="The Glove" ROLE="Mern Stack Developer" JOB_URL="https://www.naukri.com/job-listings-mern-stack-developer-the-glove-bengaluru-india-3-to-8-years-110826030677" SUBMISSION_RESULT="MANUAL_REQUIRED" HISTORY_WRITE=true OUTCOME_WRITE=true REASON="NONE"
[2026-08-13T09:17:14.615Z] PID=11928 APP_ID="sub_test_01" JOB_ID="sub_test_01" COMPANY="Submitted Test Company" ROLE="Backend Dev" JOB_URL="https://www.naukri.com/job-listings-sub-test-01" SUBMISSION_RESULT="ALREADY_APPLIED" HISTORY_WRITE=true OUTCOME_WRITE=true REASON="NONE"
[2026-08-13T09:17:14.707Z] PID=11928 APP_ID="57f713042c" JOB_ID="57f713042c" COMPANY="Vbeyond Corporation" ROLE="Mern Stack Developer" JOB_URL="https://www.naukri.com/job-listings-mern-stack-developer-vbeyond-corporation-bengaluru-india-3-to-8-years-110826030691" SUBMISSION_RESULT="MANUAL_REQUIRED" HISTORY_WRITE=true OUTCOME_WRITE=true REASON="NONE"
[2026-08-13T09:17:17.171Z] PID=11928 APP_ID="771e1e6422" JOB_ID="771e1e6422" COMPANY="jobaaj" ROLE="Software Developer MERN Stack" JOB_URL="https://www.naukri.com/job-listings-software-developer-mern-stack-jobaaj-1-to-3-years-TEST001" SUBMISSION_RESULT="SUBMITTED" HISTORY_WRITE=true OUTCOME_WRITE=true REASON="NONE"
[2026-08-13T09:17:18.843Z] PID=11928 APP_ID="57f713042c" JOB_ID="57f713042c" COMPANY="Vbeyond Corporation Test" ROLE="Mern Stack Developer" JOB_URL="https://www.naukri.com/job-listings-vbeyond-57f713042c" SUBMISSION_RESULT="MANUAL_REQUIRED" HISTORY_WRITE=true OUTCOME_WRITE=true REASON="NONE"
[2026-08-13T09:17:20.499Z] PID=11928 APP_ID="ext_safety_001" JOB_ID="ext_safety_001" COMPANY="External Corp Safety Test" ROLE="Full Stack Engineer" JOB_URL="https://www.naukri.com/job-listings-ext-safety-001" SUBMISSION_RESULT="MANUAL_REQUIRED" HISTORY_WRITE=true OUTCOME_WRITE=true REASON="NONE"
[2026-08-13T09:17:21.948Z] PID=11928 APP_ID="test_ext_456" JOB_ID="test_ext_456" COMPANY="External Company" ROLE="Backend Engineer" JOB_URL="https://www.naukri.com/job-listings-external-dev-456" SUBMISSION_RESULT="MANUAL_REQUIRED" HISTORY_WRITE=true OUTCOME_WRITE=true REASON="NONE"
[2026-08-13T09:17:22.059Z] PID=11928 APP_ID="test_easy_123" JOB_ID="test_easy_123" COMPANY="Easy Company" ROLE="Full Stack Developer" JOB_URL="https://www.naukri.com/job-listings-easy-dev-123" SUBMISSION_RESULT="WAITING_CONFIRMATION" HISTORY_WRITE=true OUTCOME_WRITE=true REASON="NONE"
[2026-08-13T09:17:22.128Z] PID=11928 APP_ID="test_easy_123" JOB_ID="test_easy_123" COMPANY="Easy Company" ROLE="Full Stack Developer" JOB_URL="https://www.naukri.com/job-listings-easy-dev-123" SUBMISSION_RESULT="SUBMITTED" HISTORY_WRITE=true OUTCOME_WRITE=true REASON="NONE"
[2026-08-13T09:17:23.414Z] PID=11928 APP_ID="be6497dbdc" JOB_ID="be6497dbdc" COMPANY="The Glove" ROLE="Mern Stack Developer" JOB_URL="https://www.naukri.com/job-listings-mern-stack-developer-the-glove-bengaluru-india-3-to-8-years-110826030677" SUBMISSION_RESULT="MANUAL_REQUIRED" HISTORY_WRITE=true OUTCOME_WRITE=true REASON="NONE"
[2026-08-13T09:17:23.483Z] PID=11928 APP_ID="manual_001" JOB_ID="manual_001" COMPANY="Manual Test Company" ROLE="Backend Dev" JOB_URL="https://www.naukri.com/job-listings-manual-001" SUBMISSION_RESULT="MANUAL_REQUIRED" HISTORY_WRITE=true OUTCOME_WRITE=true REASON="NONE"
[2026-08-13T09:17:23.551Z] PID=11928 APP_ID="prep_only_01" JOB_ID="prep_only_01" COMPANY="Prep Only Company" ROLE="React Engineer" JOB_URL="https://www.naukri.com/job-listings-prep-only-01" SUBMISSION_RESULT="MANUAL_REQUIRED" HISTORY_WRITE=true OUTCOME_WRITE=true REASON="NONE"
[2026-08-13T09:17:29.087Z] PID=11928 APP_ID="ext_test_999" JOB_ID="ext_test_999" COMPANY="The Glove Test Company" ROLE="Mern Stack Developer" JOB_URL="https://www.naukri.com/job-listings-mern-stack-developer-the-glove-ext-999" SUBMISSION_RESULT="MANUAL_REQUIRED" HISTORY_WRITE=true OUTCOME_WRITE=true REASON="NONE"
[2026-08-13T09:20:24.915Z] PID=8452 APP_ID="771e1e6422" JOB_ID="771e1e6422" COMPANY="jobaaj" ROLE="Software Developer MERN Stack" JOB_URL="https://www.naukri.com/job-listings-software-developer-mern-stack-jobaaj-1-to-3-years-TEST001" SUBMISSION_RESULT="SUBMITTED" HISTORY_WRITE=true OUTCOME_WRITE=true REASON="NONE"
[2026-08-13T09:20:26.326Z] PID=8452 APP_ID="be6497dbdc" JOB_ID="be6497dbdc" COMPANY="The Glove" ROLE="Mern Stack Developer" JOB_URL="https://www.naukri.com/job-listings-mern-stack-developer-the-glove-bengaluru-india-3-to-8-years-110826030677" SUBMISSION_RESULT="MANUAL_REQUIRED" HISTORY_WRITE=true OUTCOME_WRITE=true REASON="NONE"
[2026-08-13T09:20:26.405Z] PID=8452 APP_ID="sub_test_01" JOB_ID="sub_test_01" COMPANY="Submitted Test Company" ROLE="Backend Dev" JOB_URL="https://www.naukri.com/job-listings-sub-test-01" SUBMISSION_RESULT="ALREADY_APPLIED" HISTORY_WRITE=true OUTCOME_WRITE=true REASON="NONE"
[2026-08-13T09:20:26.495Z] PID=8452 APP_ID="57f713042c" JOB_ID="57f713042c" COMPANY="Vbeyond Corporation" ROLE="Mern Stack Developer" JOB_URL="https://www.naukri.com/job-listings-mern-stack-developer-vbeyond-corporation-bengaluru-india-3-to-8-years-110826030691" SUBMISSION_RESULT="MANUAL_REQUIRED" HISTORY_WRITE=true OUTCOME_WRITE=true REASON="NONE"
[2026-08-13T09:20:28.061Z] PID=8452 APP_ID="57f713042c" JOB_ID="57f713042c" COMPANY="Vbeyond Corporation Test" ROLE="Mern Stack Developer" JOB_URL="https://www.naukri.com/job-listings-vbeyond-57f713042c" SUBMISSION_RESULT="MANUAL_REQUIRED" HISTORY_WRITE=true OUTCOME_WRITE=true REASON="NONE"
[2026-08-13T09:20:29.642Z] PID=8452 APP_ID="ext_safety_001" JOB_ID="ext_safety_001" COMPANY="External Corp Safety Test" ROLE="Full Stack Engineer" JOB_URL="https://www.naukri.com/job-listings-ext-safety-001" SUBMISSION_RESULT="MANUAL_REQUIRED" HISTORY_WRITE=true OUTCOME_WRITE=true REASON="NONE"
[2026-08-13T09:20:31.014Z] PID=8452 APP_ID="test_ext_456" JOB_ID="test_ext_456" COMPANY="External Company" ROLE="Backend Engineer" JOB_URL="https://www.naukri.com/job-listings-external-dev-456" SUBMISSION_RESULT="MANUAL_REQUIRED" HISTORY_WRITE=true OUTCOME_WRITE=true REASON="NONE"
[2026-08-13T09:20:31.123Z] PID=8452 APP_ID="test_easy_123" JOB_ID="test_easy_123" COMPANY="Easy Company" ROLE="Full Stack Developer" JOB_URL="https://www.naukri.com/job-listings-easy-dev-123" SUBMISSION_RESULT="WAITING_CONFIRMATION" HISTORY_WRITE=true OUTCOME_WRITE=true REASON="NONE"
[2026-08-13T09:20:31.196Z] PID=8452 APP_ID="test_easy_123" JOB_ID="test_easy_123" COMPANY="Easy Company" ROLE="Full Stack Developer" JOB_URL="https://www.naukri.com/job-listings-easy-dev-123" SUBMISSION_RESULT="SUBMITTED" HISTORY_WRITE=true OUTCOME_WRITE=true REASON="NONE"
[2026-08-13T09:20:35.269Z] PID=8452 APP_ID="be6497dbdc" JOB_ID="be6497dbdc" COMPANY="The Glove" ROLE="Mern Stack Developer" JOB_URL="https://www.naukri.com/job-listings-mern-stack-developer-the-glove-bengaluru-india-3-to-8-years-110826030677" SUBMISSION_RESULT="MANUAL_REQUIRED" HISTORY_WRITE=true OUTCOME_WRITE=true REASON="NONE"
[2026-08-13T09:20:35.377Z] PID=8452 APP_ID="manual_001" JOB_ID="manual_001" COMPANY="Manual Test Company" ROLE="Backend Dev" JOB_URL="https://www.naukri.com/job-listings-manual-001" SUBMISSION_RESULT="MANUAL_REQUIRED" HISTORY_WRITE=true OUTCOME_WRITE=true REASON="NONE"
[2026-08-13T09:20:35.443Z] PID=8452 APP_ID="prep_only_01" JOB_ID="prep_only_01" COMPANY="Prep Only Company" ROLE="React Engineer" JOB_URL="https://www.naukri.com/job-listings-prep-only-01" SUBMISSION_RESULT="MANUAL_REQUIRED" HISTORY_WRITE=true OUTCOME_WRITE=true REASON="NONE"
[2026-08-13T09:20:38.096Z] PID=8452 APP_ID="ext_test_999" JOB_ID="ext_test_999" COMPANY="The Glove Test Company" ROLE="Mern Stack Developer" JOB_URL="https://www.naukri.com/job-listings-mern-stack-developer-the-glove-ext-999" SUBMISSION_RESULT="MANUAL_REQUIRED" HISTORY_WRITE=true OUTCOME_WRITE=true REASON="NONE"
[2026-08-13T09:23:20.015Z] PID=20288 APP_ID="771e1e6422" JOB_ID="771e1e6422" COMPANY="jobaaj" ROLE="Software Developer MERN Stack" JOB_URL="https://www.naukri.com/job-listings-software-developer-mern-stack-jobaaj-1-to-3-years-TEST001" SUBMISSION_RESULT="SUBMITTED" HISTORY_WRITE=true OUTCOME_WRITE=true REASON="NONE"
[2026-08-13T09:23:21.161Z] PID=20288 APP_ID="57f713042c" JOB_ID="57f713042c" COMPANY="Vbeyond Corporation Test" ROLE="Mern Stack Developer" JOB_URL="https://www.naukri.com/job-listings-vbeyond-57f713042c" SUBMISSION_RESULT="MANUAL_REQUIRED" HISTORY_WRITE=true OUTCOME_WRITE=true REASON="NONE"
[2026-08-13T09:23:21.696Z] PID=20288 APP_ID="be6497dbdc" JOB_ID="be6497dbdc" COMPANY="The Glove" ROLE="Mern Stack Developer" JOB_URL="https://www.naukri.com/job-listings-mern-stack-developer-the-glove-bengaluru-india-3-to-8-years-110826030677" SUBMISSION_RESULT="MANUAL_REQUIRED" HISTORY_WRITE=true OUTCOME_WRITE=true REASON="NONE"
[2026-08-13T09:23:21.730Z] PID=20288 APP_ID="sub_test_01" JOB_ID="sub_test_01" COMPANY="Submitted Test Company" ROLE="Backend Dev" JOB_URL="https://www.naukri.com/job-listings-sub-test-01" SUBMISSION_RESULT="ALREADY_APPLIED" HISTORY_WRITE=true OUTCOME_WRITE=true REASON="NONE"
[2026-08-13T09:23:21.775Z] PID=20288 APP_ID="57f713042c" JOB_ID="57f713042c" COMPANY="Vbeyond Corporation" ROLE="Mern Stack Developer" JOB_URL="https://www.naukri.com/job-listings-mern-stack-developer-vbeyond-corporation-bengaluru-india-3-to-8-years-110826030691" SUBMISSION_RESULT="MANUAL_REQUIRED" HISTORY_WRITE=true OUTCOME_WRITE=true REASON="NONE"
[2026-08-13T09:23:22.349Z] PID=20288 APP_ID="ext_safety_001" JOB_ID="ext_safety_001" COMPANY="External Corp Safety Test" ROLE="Full Stack Engineer" JOB_URL="https://www.naukri.com/job-listings-ext-safety-001" SUBMISSION_RESULT="MANUAL_REQUIRED" HISTORY_WRITE=true OUTCOME_WRITE=true REASON="NONE"
[2026-08-13T09:23:22.870Z] PID=20288 APP_ID="test_ext_456" JOB_ID="test_ext_456" COMPANY="External Company" ROLE="Backend Engineer" JOB_URL="https://www.naukri.com/job-listings-external-dev-456" SUBMISSION_RESULT="MANUAL_REQUIRED" HISTORY_WRITE=true OUTCOME_WRITE=true REASON="NONE"
[2026-08-13T09:23:22.919Z] PID=20288 APP_ID="test_easy_123" JOB_ID="test_easy_123" COMPANY="Easy Company" ROLE="Full Stack Developer" JOB_URL="https://www.naukri.com/job-listings-easy-dev-123" SUBMISSION_RESULT="WAITING_CONFIRMATION" HISTORY_WRITE=true OUTCOME_WRITE=true REASON="NONE"
[2026-08-13T09:23:22.946Z] PID=20288 APP_ID="test_easy_123" JOB_ID="test_easy_123" COMPANY="Easy Company" ROLE="Full Stack Developer" JOB_URL="https://www.naukri.com/job-listings-easy-dev-123" SUBMISSION_RESULT="SUBMITTED" HISTORY_WRITE=true OUTCOME_WRITE=true REASON="NONE"
[2026-08-13T09:23:23.447Z] PID=20288 APP_ID="be6497dbdc" JOB_ID="be6497dbdc" COMPANY="The Glove" ROLE="Mern Stack Developer" JOB_URL="https://www.naukri.com/job-listings-mern-stack-developer-the-glove-bengaluru-india-3-to-8-years-110826030677" SUBMISSION_RESULT="MANUAL_REQUIRED" HISTORY_WRITE=true OUTCOME_WRITE=true REASON="NONE"
[2026-08-13T09:23:23.475Z] PID=20288 APP_ID="manual_001" JOB_ID="manual_001" COMPANY="Manual Test Company" ROLE="Backend Dev" JOB_URL="https://www.naukri.com/job-listings-manual-001" SUBMISSION_RESULT="MANUAL_REQUIRED" HISTORY_WRITE=true OUTCOME_WRITE=true REASON="NONE"
[2026-08-13T09:23:23.505Z] PID=20288 APP_ID="prep_only_01" JOB_ID="prep_only_01" COMPANY="Prep Only Company" ROLE="React Engineer" JOB_URL="https://www.naukri.com/job-listings-prep-only-01" SUBMISSION_RESULT="MANUAL_REQUIRED" HISTORY_WRITE=true OUTCOME_WRITE=true REASON="NONE"
[2026-08-13T09:23:25.611Z] PID=20288 APP_ID="ext_test_999" JOB_ID="ext_test_999" COMPANY="The Glove Test Company" ROLE="Mern Stack Developer" JOB_URL="https://www.naukri.com/job-listings-mern-stack-developer-the-glove-ext-999" SUBMISSION_RESULT="MANUAL_REQUIRED" HISTORY_WRITE=true OUTCOME_WRITE=true REASON="NONE"
[2026-08-13T09:25:28.198Z] PID=14596 APP_ID="771e1e6422" JOB_ID="771e1e6422" COMPANY="jobaaj" ROLE="Software Developer MERN Stack" JOB_URL="https://www.naukri.com/job-listings-software-developer-mern-stack-jobaaj-1-to-3-years-TEST001" SUBMISSION_RESULT="SUBMITTED" HISTORY_WRITE=true OUTCOME_WRITE=true REASON="NONE"
[2026-08-13T09:25:29.113Z] PID=14596 APP_ID="be6497dbdc" JOB_ID="be6497dbdc" COMPANY="The Glove" ROLE="Mern Stack Developer" JOB_URL="https://www.naukri.com/job-listings-mern-stack-developer-the-glove-bengaluru-india-3-to-8-years-110826030677" SUBMISSION_RESULT="MANUAL_REQUIRED" HISTORY_WRITE=true OUTCOME_WRITE=true REASON="NONE"
[2026-08-13T09:25:29.145Z] PID=14596 APP_ID="sub_test_01" JOB_ID="sub_test_01" COMPANY="Submitted Test Company" ROLE="Backend Dev" JOB_URL="https://www.naukri.com/job-listings-sub-test-01" SUBMISSION_RESULT="ALREADY_APPLIED" HISTORY_WRITE=true OUTCOME_WRITE=true REASON="NONE"
[2026-08-13T09:25:29.174Z] PID=14596 APP_ID="57f713042c" JOB_ID="57f713042c" COMPANY="Vbeyond Corporation" ROLE="Mern Stack Developer" JOB_URL="https://www.naukri.com/job-listings-mern-stack-developer-vbeyond-corporation-bengaluru-india-3-to-8-years-110826030691" SUBMISSION_RESULT="MANUAL_REQUIRED" HISTORY_WRITE=true OUTCOME_WRITE=true REASON="NONE"
[2026-08-13T09:25:29.651Z] PID=14596 APP_ID="test_ext_456" JOB_ID="test_ext_456" COMPANY="External Company" ROLE="Backend Engineer" JOB_URL="https://www.naukri.com/job-listings-external-dev-456" SUBMISSION_RESULT="MANUAL_REQUIRED" HISTORY_WRITE=true OUTCOME_WRITE=true REASON="NONE"
[2026-08-13T09:25:29.697Z] PID=14596 APP_ID="test_easy_123" JOB_ID="test_easy_123" COMPANY="Easy Company" ROLE="Full Stack Developer" JOB_URL="https://www.naukri.com/job-listings-easy-dev-123" SUBMISSION_RESULT="WAITING_CONFIRMATION" HISTORY_WRITE=true OUTCOME_WRITE=true REASON="NONE"
[2026-08-13T09:25:29.724Z] PID=14596 APP_ID="test_easy_123" JOB_ID="test_easy_123" COMPANY="Easy Company" ROLE="Full Stack Developer" JOB_URL="https://www.naukri.com/job-listings-easy-dev-123" SUBMISSION_RESULT="SUBMITTED" HISTORY_WRITE=true OUTCOME_WRITE=true REASON="NONE"
[2026-08-13T09:25:30.366Z] PID=14596 APP_ID="ext_safety_001" JOB_ID="ext_safety_001" COMPANY="External Corp Safety Test" ROLE="Full Stack Engineer" JOB_URL="https://www.naukri.com/job-listings-ext-safety-001" SUBMISSION_RESULT="MANUAL_REQUIRED" HISTORY_WRITE=true OUTCOME_WRITE=true REASON="NONE"
[2026-08-13T09:25:31.049Z] PID=14596 APP_ID="be6497dbdc" JOB_ID="be6497dbdc" COMPANY="The Glove" ROLE="Mern Stack Developer" JOB_URL="https://www.naukri.com/job-listings-mern-stack-developer-the-glove-bengaluru-india-3-to-8-years-110826030677" SUBMISSION_RESULT="MANUAL_REQUIRED" HISTORY_WRITE=true OUTCOME_WRITE=true REASON="NONE"
[2026-08-13T09:25:31.083Z] PID=14596 APP_ID="manual_001" JOB_ID="manual_001" COMPANY="Manual Test Company" ROLE="Backend Dev" JOB_URL="https://www.naukri.com/job-listings-manual-001" SUBMISSION_RESULT="MANUAL_REQUIRED" HISTORY_WRITE=true OUTCOME_WRITE=true REASON="NONE"
[2026-08-13T09:25:31.114Z] PID=14596 APP_ID="prep_only_01" JOB_ID="prep_only_01" COMPANY="Prep Only Company" ROLE="React Engineer" JOB_URL="https://www.naukri.com/job-listings-prep-only-01" SUBMISSION_RESULT="MANUAL_REQUIRED" HISTORY_WRITE=true OUTCOME_WRITE=true REASON="NONE"
[2026-08-13T09:25:32.290Z] PID=14596 APP_ID="57f713042c" JOB_ID="57f713042c" COMPANY="Vbeyond Corporation Test" ROLE="Mern Stack Developer" JOB_URL="https://www.naukri.com/job-listings-vbeyond-57f713042c" SUBMISSION_RESULT="MANUAL_REQUIRED" HISTORY_WRITE=true OUTCOME_WRITE=true REASON="NONE"
[2026-08-13T09:25:33.534Z] PID=14596 APP_ID="ext_test_999" JOB_ID="ext_test_999" COMPANY="The Glove Test Company" ROLE="Mern Stack Developer" JOB_URL="https://www.naukri.com/job-listings-mern-stack-developer-the-glove-ext-999" SUBMISSION_RESULT="MANUAL_REQUIRED" HISTORY_WRITE=true OUTCOME_WRITE=true REASON="NONE"
[2026-08-13T09:25:52.084Z] PID=12624 APP_ID="771e1e6422" JOB_ID="771e1e6422" COMPANY="jobaaj" ROLE="Software Developer MERN Stack" JOB_URL="https://www.naukri.com/job-listings-software-developer-mern-stack-jobaaj-1-to-3-years-TEST001" SUBMISSION_RESULT="SUBMITTED" HISTORY_WRITE=true OUTCOME_WRITE=true REASON="NONE"
[2026-08-13T09:25:52.527Z] PID=12624 APP_ID="be6497dbdc" JOB_ID="be6497dbdc" COMPANY="The Glove" ROLE="Mern Stack Developer" JOB_URL="https://www.naukri.com/job-listings-mern-stack-developer-the-glove-bengaluru-india-3-to-8-years-110826030677" SUBMISSION_RESULT="MANUAL_REQUIRED" HISTORY_WRITE=true OUTCOME_WRITE=true REASON="NONE"
[2026-08-13T09:25:52.559Z] PID=12624 APP_ID="manual_001" JOB_ID="manual_001" COMPANY="Manual Test Company" ROLE="Backend Dev" JOB_URL="https://www.naukri.com/job-listings-manual-001" SUBMISSION_RESULT="MANUAL_REQUIRED" HISTORY_WRITE=true OUTCOME_WRITE=true REASON="NONE"
[2026-08-13T09:25:52.585Z] PID=12624 APP_ID="prep_only_01" JOB_ID="prep_only_01" COMPANY="Prep Only Company" ROLE="React Engineer" JOB_URL="https://www.naukri.com/job-listings-prep-only-01" SUBMISSION_RESULT="MANUAL_REQUIRED" HISTORY_WRITE=true OUTCOME_WRITE=true REASON="NONE"
[2026-08-13T09:25:53.145Z] PID=12624 APP_ID="ext_safety_001" JOB_ID="ext_safety_001" COMPANY="External Corp Safety Test" ROLE="Full Stack Engineer" JOB_URL="https://www.naukri.com/job-listings-ext-safety-001" SUBMISSION_RESULT="MANUAL_REQUIRED" HISTORY_WRITE=true OUTCOME_WRITE=true REASON="NONE"
[2026-08-13T09:25:53.768Z] PID=12624 APP_ID="57f713042c" JOB_ID="57f713042c" COMPANY="Vbeyond Corporation Test" ROLE="Mern Stack Developer" JOB_URL="https://www.naukri.com/job-listings-vbeyond-57f713042c" SUBMISSION_RESULT="MANUAL_REQUIRED" HISTORY_WRITE=true OUTCOME_WRITE=true REASON="NONE"
[2026-08-13T09:25:55.475Z] PID=12624 APP_ID="ext_test_999" JOB_ID="ext_test_999" COMPANY="The Glove Test Company" ROLE="Mern Stack Developer" JOB_URL="https://www.naukri.com/job-listings-mern-stack-developer-the-glove-ext-999" SUBMISSION_RESULT="MANUAL_REQUIRED" HISTORY_WRITE=true OUTCOME_WRITE=true REASON="NONE"
[2026-08-13T09:25:56.515Z] PID=12624 APP_ID="test_ext_456" JOB_ID="test_ext_456" COMPANY="External Company" ROLE="Backend Engineer" JOB_URL="https://www.naukri.com/job-listings-external-dev-456" SUBMISSION_RESULT="MANUAL_REQUIRED" HISTORY_WRITE=true OUTCOME_WRITE=true REASON="NONE"
[2026-08-13T09:25:56.565Z] PID=12624 APP_ID="test_easy_123" JOB_ID="test_easy_123" COMPANY="Easy Company" ROLE="Full Stack Developer" JOB_URL="https://www.naukri.com/job-listings-easy-dev-123" SUBMISSION_RESULT="WAITING_CONFIRMATION" HISTORY_WRITE=true OUTCOME_WRITE=true REASON="NONE"
[2026-08-13T09:25:56.590Z] PID=12624 APP_ID="test_easy_123" JOB_ID="test_easy_123" COMPANY="Easy Company" ROLE="Full Stack Developer" JOB_URL="https://www.naukri.com/job-listings-easy-dev-123" SUBMISSION_RESULT="SUBMITTED" HISTORY_WRITE=true OUTCOME_WRITE=true REASON="NONE"
[2026-08-13T09:25:57.094Z] PID=12624 APP_ID="be6497dbdc" JOB_ID="be6497dbdc" COMPANY="The Glove" ROLE="Mern Stack Developer" JOB_URL="https://www.naukri.com/job-listings-mern-stack-developer-the-glove-bengaluru-india-3-to-8-years-110826030677" SUBMISSION_RESULT="MANUAL_REQUIRED" HISTORY_WRITE=true OUTCOME_WRITE=true REASON="NONE"
[2026-08-13T09:25:57.125Z] PID=12624 APP_ID="sub_test_01" JOB_ID="sub_test_01" COMPANY="Submitted Test Company" ROLE="Backend Dev" JOB_URL="https://www.naukri.com/job-listings-sub-test-01" SUBMISSION_RESULT="ALREADY_APPLIED" HISTORY_WRITE=true OUTCOME_WRITE=true REASON="NONE"
[2026-08-13T09:25:57.159Z] PID=12624 APP_ID="57f713042c" JOB_ID="57f713042c" COMPANY="Vbeyond Corporation" ROLE="Mern Stack Developer" JOB_URL="https://www.naukri.com/job-listings-mern-stack-developer-vbeyond-corporation-bengaluru-india-3-to-8-years-110826030691" SUBMISSION_RESULT="MANUAL_REQUIRED" HISTORY_WRITE=true OUTCOME_WRITE=true REASON="NONE"
[2026-08-13T09:26:40.679Z] PID=20312 APP_ID="771e1e6422" JOB_ID="771e1e6422" COMPANY="jobaaj" ROLE="Software Developer MERN Stack" JOB_URL="https://www.naukri.com/job-listings-software-developer-mern-stack-jobaaj-1-to-3-years-TEST001" SUBMISSION_RESULT="SUBMITTED" HISTORY_WRITE=true OUTCOME_WRITE=true REASON="NONE"
[2026-08-13T09:26:41.218Z] PID=20312 APP_ID="57f713042c" JOB_ID="57f713042c" COMPANY="Vbeyond Corporation Test" ROLE="Mern Stack Developer" JOB_URL="https://www.naukri.com/job-listings-vbeyond-57f713042c" SUBMISSION_RESULT="MANUAL_REQUIRED" HISTORY_WRITE=true OUTCOME_WRITE=true REASON="NONE"
[2026-08-13T09:26:42.442Z] PID=20312 APP_ID="ext_safety_001" JOB_ID="ext_safety_001" COMPANY="External Corp Safety Test" ROLE="Full Stack Engineer" JOB_URL="https://www.naukri.com/job-listings-ext-safety-001" SUBMISSION_RESULT="MANUAL_REQUIRED" HISTORY_WRITE=true OUTCOME_WRITE=true REASON="NONE"
[2026-08-13T09:26:43.018Z] PID=20312 APP_ID="be6497dbdc" JOB_ID="be6497dbdc" COMPANY="The Glove" ROLE="Mern Stack Developer" JOB_URL="https://www.naukri.com/job-listings-mern-stack-developer-the-glove-bengaluru-india-3-to-8-years-110826030677" SUBMISSION_RESULT="MANUAL_REQUIRED" HISTORY_WRITE=true OUTCOME_WRITE=true REASON="NONE"
[2026-08-13T09:26:43.049Z] PID=20312 APP_ID="sub_test_01" JOB_ID="sub_test_01" COMPANY="Submitted Test Company" ROLE="Backend Dev" JOB_URL="https://www.naukri.com/job-listings-sub-test-01" SUBMISSION_RESULT="ALREADY_APPLIED" HISTORY_WRITE=true OUTCOME_WRITE=true REASON="NONE"
[2026-08-13T09:26:43.078Z] PID=20312 APP_ID="57f713042c" JOB_ID="57f713042c" COMPANY="Vbeyond Corporation" ROLE="Mern Stack Developer" JOB_URL="https://www.naukri.com/job-listings-mern-stack-developer-vbeyond-corporation-bengaluru-india-3-to-8-years-110826030691" SUBMISSION_RESULT="MANUAL_REQUIRED" HISTORY_WRITE=true OUTCOME_WRITE=true REASON="NONE"
[2026-08-13T09:26:43.589Z] PID=20312 APP_ID="test_ext_456" JOB_ID="test_ext_456" COMPANY="External Company" ROLE="Backend Engineer" JOB_URL="https://www.naukri.com/job-listings-external-dev-456" SUBMISSION_RESULT="MANUAL_REQUIRED" HISTORY_WRITE=true OUTCOME_WRITE=true REASON="NONE"
[2026-08-13T09:26:43.628Z] PID=20312 APP_ID="test_easy_123" JOB_ID="test_easy_123" COMPANY="Easy Company" ROLE="Full Stack Developer" JOB_URL="https://www.naukri.com/job-listings-easy-dev-123" SUBMISSION_RESULT="WAITING_CONFIRMATION" HISTORY_WRITE=true OUTCOME_WRITE=true REASON="NONE"
[2026-08-13T09:26:43.651Z] PID=20312 APP_ID="test_easy_123" JOB_ID="test_easy_123" COMPANY="Easy Company" ROLE="Full Stack Developer" JOB_URL="https://www.naukri.com/job-listings-easy-dev-123" SUBMISSION_RESULT="SUBMITTED" HISTORY_WRITE=true OUTCOME_WRITE=true REASON="NONE"
[2026-08-13T09:26:44.177Z] PID=20312 APP_ID="ext_test_999" JOB_ID="ext_test_999" COMPANY="The Glove Test Company" ROLE="Mern Stack Developer" JOB_URL="https://www.naukri.com/job-listings-mern-stack-developer-the-glove-ext-999" SUBMISSION_RESULT="MANUAL_REQUIRED" HISTORY_WRITE=true OUTCOME_WRITE=true REASON="NONE"
[2026-08-13T09:26:46.206Z] PID=20312 APP_ID="be6497dbdc" JOB_ID="be6497dbdc" COMPANY="The Glove" ROLE="Mern Stack Developer" JOB_URL="https://www.naukri.com/job-listings-mern-stack-developer-the-glove-bengaluru-india-3-to-8-years-110826030677" SUBMISSION_RESULT="MANUAL_REQUIRED" HISTORY_WRITE=true OUTCOME_WRITE=true REASON="NONE"
[2026-08-13T09:26:46.238Z] PID=20312 APP_ID="manual_001" JOB_ID="manual_001" COMPANY="Manual Test Company" ROLE="Backend Dev" JOB_URL="https://www.naukri.com/job-listings-manual-001" SUBMISSION_RESULT="MANUAL_REQUIRED" HISTORY_WRITE=true OUTCOME_WRITE=true REASON="NONE"
[2026-08-13T09:26:46.272Z] PID=20312 APP_ID="prep_only_01" JOB_ID="prep_only_01" COMPANY="Prep Only Company" ROLE="React Engineer" JOB_URL="https://www.naukri.com/job-listings-prep-only-01" SUBMISSION_RESULT="MANUAL_REQUIRED" HISTORY_WRITE=true OUTCOME_WRITE=true REASON="NONE"
[2026-08-13T09:27:11.622Z] PID=28256 APP_ID="771e1e6422" JOB_ID="771e1e6422" COMPANY="jobaaj" ROLE="Software Developer MERN Stack" JOB_URL="https://www.naukri.com/job-listings-software-developer-mern-stack-jobaaj-1-to-3-years-TEST001" SUBMISSION_RESULT="SUBMITTED" HISTORY_WRITE=true OUTCOME_WRITE=true REASON="NONE"
[2026-08-13T09:27:12.141Z] PID=28256 APP_ID="ext_safety_001" JOB_ID="ext_safety_001" COMPANY="External Corp Safety Test" ROLE="Full Stack Engineer" JOB_URL="https://www.naukri.com/job-listings-ext-safety-001" SUBMISSION_RESULT="MANUAL_REQUIRED" HISTORY_WRITE=true OUTCOME_WRITE=true REASON="NONE"
[2026-08-13T09:27:12.573Z] PID=28256 APP_ID="be6497dbdc" JOB_ID="be6497dbdc" COMPANY="The Glove" ROLE="Mern Stack Developer" JOB_URL="https://www.naukri.com/job-listings-mern-stack-developer-the-glove-bengaluru-india-3-to-8-years-110826030677" SUBMISSION_RESULT="MANUAL_REQUIRED" HISTORY_WRITE=true OUTCOME_WRITE=true REASON="NONE"
[2026-08-13T09:27:12.611Z] PID=28256 APP_ID="sub_test_01" JOB_ID="sub_test_01" COMPANY="Submitted Test Company" ROLE="Backend Dev" JOB_URL="https://www.naukri.com/job-listings-sub-test-01" SUBMISSION_RESULT="ALREADY_APPLIED" HISTORY_WRITE=true OUTCOME_WRITE=true REASON="NONE"
[2026-08-13T09:27:12.645Z] PID=28256 APP_ID="57f713042c" JOB_ID="57f713042c" COMPANY="Vbeyond Corporation" ROLE="Mern Stack Developer" JOB_URL="https://www.naukri.com/job-listings-mern-stack-developer-vbeyond-corporation-bengaluru-india-3-to-8-years-110826030691" SUBMISSION_RESULT="MANUAL_REQUIRED" HISTORY_WRITE=true OUTCOME_WRITE=true REASON="NONE"
[2026-08-13T09:27:13.239Z] PID=28256 APP_ID="be6497dbdc" JOB_ID="be6497dbdc" COMPANY="The Glove" ROLE="Mern Stack Developer" JOB_URL="https://www.naukri.com/job-listings-mern-stack-developer-the-glove-bengaluru-india-3-to-8-years-110826030677" SUBMISSION_RESULT="MANUAL_REQUIRED" HISTORY_WRITE=true OUTCOME_WRITE=true REASON="NONE"
[2026-08-13T09:27:13.285Z] PID=28256 APP_ID="manual_001" JOB_ID="manual_001" COMPANY="Manual Test Company" ROLE="Backend Dev" JOB_URL="https://www.naukri.com/job-listings-manual-001" SUBMISSION_RESULT="MANUAL_REQUIRED" HISTORY_WRITE=true OUTCOME_WRITE=true REASON="NONE"
[2026-08-13T09:27:13.331Z] PID=28256 APP_ID="prep_only_01" JOB_ID="prep_only_01" COMPANY="Prep Only Company" ROLE="React Engineer" JOB_URL="https://www.naukri.com/job-listings-prep-only-01" SUBMISSION_RESULT="MANUAL_REQUIRED" HISTORY_WRITE=true OUTCOME_WRITE=true REASON="NONE"
[2026-08-13T09:27:14.030Z] PID=28256 APP_ID="57f713042c" JOB_ID="57f713042c" COMPANY="Vbeyond Corporation Test" ROLE="Mern Stack Developer" JOB_URL="https://www.naukri.com/job-listings-vbeyond-57f713042c" SUBMISSION_RESULT="MANUAL_REQUIRED" HISTORY_WRITE=true OUTCOME_WRITE=true REASON="NONE"
[2026-08-13T09:27:14.554Z] PID=28256 APP_ID="test_ext_456" JOB_ID="test_ext_456" COMPANY="External Company" ROLE="Backend Engineer" JOB_URL="https://www.naukri.com/job-listings-external-dev-456" SUBMISSION_RESULT="MANUAL_REQUIRED" HISTORY_WRITE=true OUTCOME_WRITE=true REASON="NONE"
[2026-08-13T09:27:14.601Z] PID=28256 APP_ID="test_easy_123" JOB_ID="test_easy_123" COMPANY="Easy Company" ROLE="Full Stack Developer" JOB_URL="https://www.naukri.com/job-listings-easy-dev-123" SUBMISSION_RESULT="WAITING_CONFIRMATION" HISTORY_WRITE=true OUTCOME_WRITE=true REASON="NONE"
[2026-08-13T09:27:14.631Z] PID=28256 APP_ID="test_easy_123" JOB_ID="test_easy_123" COMPANY="Easy Company" ROLE="Full Stack Developer" JOB_URL="https://www.naukri.com/job-listings-easy-dev-123" SUBMISSION_RESULT="SUBMITTED" HISTORY_WRITE=true OUTCOME_WRITE=true REASON="NONE"
[2026-08-13T09:27:15.697Z] PID=28256 APP_ID="ext_test_999" JOB_ID="ext_test_999" COMPANY="The Glove Test Company" ROLE="Mern Stack Developer" JOB_URL="https://www.naukri.com/job-listings-mern-stack-developer-the-glove-ext-999" SUBMISSION_RESULT="MANUAL_REQUIRED" HISTORY_WRITE=true OUTCOME_WRITE=true REASON="NONE"
[2026-08-13T09:30:31.487Z] PID=28520 APP_ID="771e1e6422" JOB_ID="771e1e6422" COMPANY="jobaaj" ROLE="Software Developer MERN Stack" JOB_URL="https://www.naukri.com/job-listings-software-developer-mern-stack-jobaaj-1-to-3-years-TEST001" SUBMISSION_RESULT="SUBMITTED" HISTORY_WRITE=true OUTCOME_WRITE=true REASON="NONE"
[2026-08-13T09:30:32.153Z] PID=28520 APP_ID="57f713042c" JOB_ID="57f713042c" COMPANY="Vbeyond Corporation Test" ROLE="Mern Stack Developer" JOB_URL="https://www.naukri.com/job-listings-vbeyond-57f713042c" SUBMISSION_RESULT="MANUAL_REQUIRED" HISTORY_WRITE=true OUTCOME_WRITE=true REASON="NONE"
[2026-08-13T09:30:32.675Z] PID=28520 APP_ID="be6497dbdc" JOB_ID="be6497dbdc" COMPANY="The Glove" ROLE="Mern Stack Developer" JOB_URL="https://www.naukri.com/job-listings-mern-stack-developer-the-glove-bengaluru-india-3-to-8-years-110826030677" SUBMISSION_RESULT="MANUAL_REQUIRED" HISTORY_WRITE=true OUTCOME_WRITE=true REASON="NONE"
[2026-08-13T09:30:32.714Z] PID=28520 APP_ID="manual_001" JOB_ID="manual_001" COMPANY="Manual Test Company" ROLE="Backend Dev" JOB_URL="https://www.naukri.com/job-listings-manual-001" SUBMISSION_RESULT="MANUAL_REQUIRED" HISTORY_WRITE=true OUTCOME_WRITE=true REASON="NONE"
[2026-08-13T09:30:32.749Z] PID=28520 APP_ID="prep_only_01" JOB_ID="prep_only_01" COMPANY="Prep Only Company" ROLE="React Engineer" JOB_URL="https://www.naukri.com/job-listings-prep-only-01" SUBMISSION_RESULT="MANUAL_REQUIRED" HISTORY_WRITE=true OUTCOME_WRITE=true REASON="NONE"
[2026-08-13T09:30:33.906Z] PID=28520 APP_ID="test_ext_456" JOB_ID="test_ext_456" COMPANY="External Company" ROLE="Backend Engineer" JOB_URL="https://www.naukri.com/job-listings-external-dev-456" SUBMISSION_RESULT="MANUAL_REQUIRED" HISTORY_WRITE=true OUTCOME_WRITE=true REASON="NONE"
[2026-08-13T09:30:33.955Z] PID=28520 APP_ID="test_easy_123" JOB_ID="test_easy_123" COMPANY="Easy Company" ROLE="Full Stack Developer" JOB_URL="https://www.naukri.com/job-listings-easy-dev-123" SUBMISSION_RESULT="WAITING_CONFIRMATION" HISTORY_WRITE=true OUTCOME_WRITE=true REASON="NONE"
[2026-08-13T09:30:33.984Z] PID=28520 APP_ID="test_easy_123" JOB_ID="test_easy_123" COMPANY="Easy Company" ROLE="Full Stack Developer" JOB_URL="https://www.naukri.com/job-listings-easy-dev-123" SUBMISSION_RESULT="SUBMITTED" HISTORY_WRITE=true OUTCOME_WRITE=true REASON="NONE"
[2026-08-13T09:30:35.833Z] PID=28520 APP_ID="ext_safety_001" JOB_ID="ext_safety_001" COMPANY="External Corp Safety Test" ROLE="Full Stack Engineer" JOB_URL="https://www.naukri.com/job-listings-ext-safety-001" SUBMISSION_RESULT="MANUAL_REQUIRED" HISTORY_WRITE=true OUTCOME_WRITE=true REASON="NONE"
[2026-08-13T09:30:37.031Z] PID=28520 APP_ID="be6497dbdc" JOB_ID="be6497dbdc" COMPANY="The Glove" ROLE="Mern Stack Developer" JOB_URL="https://www.naukri.com/job-listings-mern-stack-developer-the-glove-bengaluru-india-3-to-8-years-110826030677" SUBMISSION_RESULT="MANUAL_REQUIRED" HISTORY_WRITE=true OUTCOME_WRITE=true REASON="NONE"
[2026-08-13T09:30:37.058Z] PID=28520 APP_ID="sub_test_01" JOB_ID="sub_test_01" COMPANY="Submitted Test Company" ROLE="Backend Dev" JOB_URL="https://www.naukri.com/job-listings-sub-test-01" SUBMISSION_RESULT="ALREADY_APPLIED" HISTORY_WRITE=true OUTCOME_WRITE=true REASON="NONE"
[2026-08-13T09:30:37.120Z] PID=28520 APP_ID="57f713042c" JOB_ID="57f713042c" COMPANY="Vbeyond Corporation" ROLE="Mern Stack Developer" JOB_URL="https://www.naukri.com/job-listings-mern-stack-developer-vbeyond-corporation-bengaluru-india-3-to-8-years-110826030691" SUBMISSION_RESULT="MANUAL_REQUIRED" HISTORY_WRITE=true OUTCOME_WRITE=true REASON="NONE"
[2026-08-13T09:30:37.665Z] PID=28520 APP_ID="ext_test_999" JOB_ID="ext_test_999" COMPANY="The Glove Test Company" ROLE="Mern Stack Developer" JOB_URL="https://www.naukri.com/job-listings-mern-stack-developer-the-glove-ext-999" SUBMISSION_RESULT="MANUAL_REQUIRED" HISTORY_WRITE=true OUTCOME_WRITE=true REASON="NONE"
[2026-08-13T09:32:52.204Z] PID=12272 APP_ID="771e1e6422" JOB_ID="771e1e6422" COMPANY="jobaaj" ROLE="Software Developer MERN Stack" JOB_URL="https://www.naukri.com/job-listings-software-developer-mern-stack-jobaaj-1-to-3-years-TEST001" SUBMISSION_RESULT="SUBMITTED" HISTORY_WRITE=true OUTCOME_WRITE=true REASON="NONE"
[2026-08-13T09:32:52.875Z] PID=12272 APP_ID="ext_safety_001" JOB_ID="ext_safety_001" COMPANY="External Corp Safety Test" ROLE="Full Stack Engineer" JOB_URL="https://www.naukri.com/job-listings-ext-safety-001" SUBMISSION_RESULT="MANUAL_REQUIRED" HISTORY_WRITE=true OUTCOME_WRITE=true REASON="NONE"
[2026-08-13T09:32:53.442Z] PID=12272 APP_ID="57f713042c" JOB_ID="57f713042c" COMPANY="Vbeyond Corporation Test" ROLE="Mern Stack Developer" JOB_URL="https://www.naukri.com/job-listings-vbeyond-57f713042c" SUBMISSION_RESULT="MANUAL_REQUIRED" HISTORY_WRITE=true OUTCOME_WRITE=true REASON="NONE"
[2026-08-13T09:32:55.230Z] PID=12272 APP_ID="be6497dbdc" JOB_ID="be6497dbdc" COMPANY="The Glove" ROLE="Mern Stack Developer" JOB_URL="https://www.naukri.com/job-listings-mern-stack-developer-the-glove-bengaluru-india-3-to-8-years-110826030677" SUBMISSION_RESULT="MANUAL_REQUIRED" HISTORY_WRITE=true OUTCOME_WRITE=true REASON="NONE"
[2026-08-13T09:32:55.267Z] PID=12272 APP_ID="sub_test_01" JOB_ID="sub_test_01" COMPANY="Submitted Test Company" ROLE="Backend Dev" JOB_URL="https://www.naukri.com/job-listings-sub-test-01" SUBMISSION_RESULT="ALREADY_APPLIED" HISTORY_WRITE=true OUTCOME_WRITE=true REASON="NONE"
[2026-08-13T09:32:55.305Z] PID=12272 APP_ID="57f713042c" JOB_ID="57f713042c" COMPANY="Vbeyond Corporation" ROLE="Mern Stack Developer" JOB_URL="https://www.naukri.com/job-listings-mern-stack-developer-vbeyond-corporation-bengaluru-india-3-to-8-years-110826030691" SUBMISSION_RESULT="MANUAL_REQUIRED" HISTORY_WRITE=true OUTCOME_WRITE=true REASON="NONE"
[2026-08-13T09:32:55.794Z] PID=12272 APP_ID="test_ext_456" JOB_ID="test_ext_456" COMPANY="External Company" ROLE="Backend Engineer" JOB_URL="https://www.naukri.com/job-listings-external-dev-456" SUBMISSION_RESULT="MANUAL_REQUIRED" HISTORY_WRITE=true OUTCOME_WRITE=true REASON="NONE"
[2026-08-13T09:32:55.829Z] PID=12272 APP_ID="test_easy_123" JOB_ID="test_easy_123" COMPANY="Easy Company" ROLE="Full Stack Developer" JOB_URL="https://www.naukri.com/job-listings-easy-dev-123" SUBMISSION_RESULT="WAITING_CONFIRMATION" HISTORY_WRITE=true OUTCOME_WRITE=true REASON="NONE"
[2026-08-13T09:32:55.853Z] PID=12272 APP_ID="test_easy_123" JOB_ID="test_easy_123" COMPANY="Easy Company" ROLE="Full Stack Developer" JOB_URL="https://www.naukri.com/job-listings-easy-dev-123" SUBMISSION_RESULT="SUBMITTED" HISTORY_WRITE=true OUTCOME_WRITE=true REASON="NONE"
[2026-08-13T09:32:56.992Z] PID=12272 APP_ID="be6497dbdc" JOB_ID="be6497dbdc" COMPANY="The Glove" ROLE="Mern Stack Developer" JOB_URL="https://www.naukri.com/job-listings-mern-stack-developer-the-glove-bengaluru-india-3-to-8-years-110826030677" SUBMISSION_RESULT="MANUAL_REQUIRED" HISTORY_WRITE=true OUTCOME_WRITE=true REASON="NONE"
[2026-08-13T09:32:57.027Z] PID=12272 APP_ID="manual_001" JOB_ID="manual_001" COMPANY="Manual Test Company" ROLE="Backend Dev" JOB_URL="https://www.naukri.com/job-listings-manual-001" SUBMISSION_RESULT="MANUAL_REQUIRED" HISTORY_WRITE=true OUTCOME_WRITE=true REASON="NONE"
[2026-08-13T09:32:57.070Z] PID=12272 APP_ID="prep_only_01" JOB_ID="prep_only_01" COMPANY="Prep Only Company" ROLE="React Engineer" JOB_URL="https://www.naukri.com/job-listings-prep-only-01" SUBMISSION_RESULT="MANUAL_REQUIRED" HISTORY_WRITE=true OUTCOME_WRITE=true REASON="NONE"
[2026-08-13T09:32:58.391Z] PID=12272 APP_ID="ext_test_999" JOB_ID="ext_test_999" COMPANY="The Glove Test Company" ROLE="Mern Stack Developer" JOB_URL="https://www.naukri.com/job-listings-mern-stack-developer-the-glove-ext-999" SUBMISSION_RESULT="MANUAL_REQUIRED" HISTORY_WRITE=true OUTCOME_WRITE=true REASON="NONE"
[2026-08-13T09:34:37.487Z] PID=19356 APP_ID="771e1e6422" JOB_ID="771e1e6422" COMPANY="jobaaj" ROLE="Software Developer MERN Stack" JOB_URL="https://www.naukri.com/job-listings-software-developer-mern-stack-jobaaj-1-to-3-years-TEST001" SUBMISSION_RESULT="SUBMITTED" HISTORY_WRITE=true OUTCOME_WRITE=true REASON="NONE"
[2026-08-13T09:34:38.729Z] PID=19356 APP_ID="ext_safety_001" JOB_ID="ext_safety_001" COMPANY="External Corp Safety Test" ROLE="Full Stack Engineer" JOB_URL="https://www.naukri.com/job-listings-ext-safety-001" SUBMISSION_RESULT="MANUAL_REQUIRED" HISTORY_WRITE=true OUTCOME_WRITE=true REASON="NONE"
[2026-08-13T09:34:39.387Z] PID=19356 APP_ID="be6497dbdc" JOB_ID="be6497dbdc" COMPANY="The Glove" ROLE="Mern Stack Developer" JOB_URL="https://www.naukri.com/job-listings-mern-stack-developer-the-glove-bengaluru-india-3-to-8-years-110826030677" SUBMISSION_RESULT="MANUAL_REQUIRED" HISTORY_WRITE=true OUTCOME_WRITE=true REASON="NONE"
[2026-08-13T09:34:39.420Z] PID=19356 APP_ID="manual_001" JOB_ID="manual_001" COMPANY="Manual Test Company" ROLE="Backend Dev" JOB_URL="https://www.naukri.com/job-listings-manual-001" SUBMISSION_RESULT="MANUAL_REQUIRED" HISTORY_WRITE=true OUTCOME_WRITE=true REASON="NONE"
[2026-08-13T09:34:39.458Z] PID=19356 APP_ID="prep_only_01" JOB_ID="prep_only_01" COMPANY="Prep Only Company" ROLE="React Engineer" JOB_URL="https://www.naukri.com/job-listings-prep-only-01" SUBMISSION_RESULT="MANUAL_REQUIRED" HISTORY_WRITE=true OUTCOME_WRITE=true REASON="NONE"
[2026-08-13T09:34:41.355Z] PID=19356 APP_ID="ext_test_999" JOB_ID="ext_test_999" COMPANY="The Glove Test Company" ROLE="Mern Stack Developer" JOB_URL="https://www.naukri.com/job-listings-mern-stack-developer-the-glove-ext-999" SUBMISSION_RESULT="MANUAL_REQUIRED" HISTORY_WRITE=true OUTCOME_WRITE=true REASON="NONE"
[2026-08-13T09:34:41.888Z] PID=19356 APP_ID="be6497dbdc" JOB_ID="be6497dbdc" COMPANY="The Glove" ROLE="Mern Stack Developer" JOB_URL="https://www.naukri.com/job-listings-mern-stack-developer-the-glove-bengaluru-india-3-to-8-years-110826030677" SUBMISSION_RESULT="MANUAL_REQUIRED" HISTORY_WRITE=true OUTCOME_WRITE=true REASON="NONE"
[2026-08-13T09:34:41.928Z] PID=19356 APP_ID="sub_test_01" JOB_ID="sub_test_01" COMPANY="Submitted Test Company" ROLE="Backend Dev" JOB_URL="https://www.naukri.com/job-listings-sub-test-01" SUBMISSION_RESULT="ALREADY_APPLIED" HISTORY_WRITE=true OUTCOME_WRITE=true REASON="NONE"
[2026-08-13T09:34:41.969Z] PID=19356 APP_ID="57f713042c" JOB_ID="57f713042c" COMPANY="Vbeyond Corporation" ROLE="Mern Stack Developer" JOB_URL="https://www.naukri.com/job-listings-mern-stack-developer-vbeyond-corporation-bengaluru-india-3-to-8-years-110826030691" SUBMISSION_RESULT="MANUAL_REQUIRED" HISTORY_WRITE=true OUTCOME_WRITE=true REASON="NONE"
[2026-08-13T09:34:42.641Z] PID=19356 APP_ID="57f713042c" JOB_ID="57f713042c" COMPANY="Vbeyond Corporation Test" ROLE="Mern Stack Developer" JOB_URL="https://www.naukri.com/job-listings-vbeyond-57f713042c" SUBMISSION_RESULT="MANUAL_REQUIRED" HISTORY_WRITE=true OUTCOME_WRITE=true REASON="NONE"
[2026-08-13T09:34:43.745Z] PID=19356 APP_ID="test_ext_456" JOB_ID="test_ext_456" COMPANY="External Company" ROLE="Backend Engineer" JOB_URL="https://www.naukri.com/job-listings-external-dev-456" SUBMISSION_RESULT="MANUAL_REQUIRED" HISTORY_WRITE=true OUTCOME_WRITE=true REASON="NONE"
[2026-08-13T09:34:43.795Z] PID=19356 APP_ID="test_easy_123" JOB_ID="test_easy_123" COMPANY="Easy Company" ROLE="Full Stack Developer" JOB_URL="https://www.naukri.com/job-listings-easy-dev-123" SUBMISSION_RESULT="WAITING_CONFIRMATION" HISTORY_WRITE=true OUTCOME_WRITE=true REASON="NONE"
[2026-08-13T09:34:43.820Z] PID=19356 APP_ID="test_easy_123" JOB_ID="test_easy_123" COMPANY="Easy Company" ROLE="Full Stack Developer" JOB_URL="https://www.naukri.com/job-listings-easy-dev-123" SUBMISSION_RESULT="SUBMITTED" HISTORY_WRITE=true OUTCOME_WRITE=true REASON="NONE"
[2026-08-13T09:36:25.482Z] PID=23824 APP_ID="771e1e6422" JOB_ID="771e1e6422" COMPANY="jobaaj" ROLE="Software Developer MERN Stack" JOB_URL="https://www.naukri.com/job-listings-software-developer-mern-stack-jobaaj-1-to-3-years-TEST001" SUBMISSION_RESULT="SUBMITTED" HISTORY_WRITE=true OUTCOME_WRITE=true REASON="NONE"
[2026-08-13T09:36:26.145Z] PID=23824 APP_ID="ext_safety_001" JOB_ID="ext_safety_001" COMPANY="External Corp Safety Test" ROLE="Full Stack Engineer" JOB_URL="https://www.naukri.com/job-listings-ext-safety-001" SUBMISSION_RESULT="MANUAL_REQUIRED" HISTORY_WRITE=true OUTCOME_WRITE=true REASON="NONE"
[2026-08-13T09:36:26.709Z] PID=23824 APP_ID="be6497dbdc" JOB_ID="be6497dbdc" COMPANY="The Glove" ROLE="Mern Stack Developer" JOB_URL="https://www.naukri.com/job-listings-mern-stack-developer-the-glove-bengaluru-india-3-to-8-years-110826030677" SUBMISSION_RESULT="MANUAL_REQUIRED" HISTORY_WRITE=true OUTCOME_WRITE=true REASON="NONE"
[2026-08-13T09:36:26.753Z] PID=23824 APP_ID="manual_001" JOB_ID="manual_001" COMPANY="Manual Test Company" ROLE="Backend Dev" JOB_URL="https://www.naukri.com/job-listings-manual-001" SUBMISSION_RESULT="MANUAL_REQUIRED" HISTORY_WRITE=true OUTCOME_WRITE=true REASON="NONE"
[2026-08-13T09:36:26.794Z] PID=23824 APP_ID="prep_only_01" JOB_ID="prep_only_01" COMPANY="Prep Only Company" ROLE="React Engineer" JOB_URL="https://www.naukri.com/job-listings-prep-only-01" SUBMISSION_RESULT="MANUAL_REQUIRED" HISTORY_WRITE=true OUTCOME_WRITE=true REASON="NONE"
[2026-08-13T09:36:27.655Z] PID=23824 APP_ID="57f713042c" JOB_ID="57f713042c" COMPANY="Vbeyond Corporation Test" ROLE="Mern Stack Developer" JOB_URL="https://www.naukri.com/job-listings-vbeyond-57f713042c" SUBMISSION_RESULT="MANUAL_REQUIRED" HISTORY_WRITE=true OUTCOME_WRITE=true REASON="NONE"
[2026-08-13T09:36:28.360Z] PID=23824 APP_ID="ext_test_999" JOB_ID="ext_test_999" COMPANY="The Glove Test Company" ROLE="Mern Stack Developer" JOB_URL="https://www.naukri.com/job-listings-mern-stack-developer-the-glove-ext-999" SUBMISSION_RESULT="MANUAL_REQUIRED" HISTORY_WRITE=true OUTCOME_WRITE=true REASON="NONE"
[2026-08-13T09:36:29.456Z] PID=23824 APP_ID="be6497dbdc" JOB_ID="be6497dbdc" COMPANY="The Glove" ROLE="Mern Stack Developer" JOB_URL="https://www.naukri.com/job-listings-mern-stack-developer-the-glove-bengaluru-india-3-to-8-years-110826030677" SUBMISSION_RESULT="MANUAL_REQUIRED" HISTORY_WRITE=true OUTCOME_WRITE=true REASON="NONE"
[2026-08-13T09:36:29.489Z] PID=23824 APP_ID="sub_test_01" JOB_ID="sub_test_01" COMPANY="Submitted Test Company" ROLE="Backend Dev" JOB_URL="https://www.naukri.com/job-listings-sub-test-01" SUBMISSION_RESULT="ALREADY_APPLIED" HISTORY_WRITE=true OUTCOME_WRITE=true REASON="NONE"
[2026-08-13T09:36:29.520Z] PID=23824 APP_ID="57f713042c" JOB_ID="57f713042c" COMPANY="Vbeyond Corporation" ROLE="Mern Stack Developer" JOB_URL="https://www.naukri.com/job-listings-mern-stack-developer-vbeyond-corporation-bengaluru-india-3-to-8-years-110826030691" SUBMISSION_RESULT="MANUAL_REQUIRED" HISTORY_WRITE=true OUTCOME_WRITE=true REASON="NONE"
[2026-08-13T09:36:31.342Z] PID=23824 APP_ID="test_ext_456" JOB_ID="test_ext_456" COMPANY="External Company" ROLE="Backend Engineer" JOB_URL="https://www.naukri.com/job-listings-external-dev-456" SUBMISSION_RESULT="MANUAL_REQUIRED" HISTORY_WRITE=true OUTCOME_WRITE=true REASON="NONE"
[2026-08-13T09:36:31.398Z] PID=23824 APP_ID="test_easy_123" JOB_ID="test_easy_123" COMPANY="Easy Company" ROLE="Full Stack Developer" JOB_URL="https://www.naukri.com/job-listings-easy-dev-123" SUBMISSION_RESULT="WAITING_CONFIRMATION" HISTORY_WRITE=true OUTCOME_WRITE=true REASON="NONE"
[2026-08-13T09:36:31.439Z] PID=23824 APP_ID="test_easy_123" JOB_ID="test_easy_123" COMPANY="Easy Company" ROLE="Full Stack Developer" JOB_URL="https://www.naukri.com/job-listings-easy-dev-123" SUBMISSION_RESULT="SUBMITTED" HISTORY_WRITE=true OUTCOME_WRITE=true REASON="NONE"
[2026-08-13T09:37:22.830Z] PID=21284 APP_ID="771e1e6422" JOB_ID="771e1e6422" COMPANY="jobaaj" ROLE="Software Developer MERN Stack" JOB_URL="https://www.naukri.com/job-listings-software-developer-mern-stack-jobaaj-1-to-3-years-TEST001" SUBMISSION_RESULT="SUBMITTED" HISTORY_WRITE=true OUTCOME_WRITE=true REASON="NONE"
[2026-08-13T09:37:23.474Z] PID=21284 APP_ID="57f713042c" JOB_ID="57f713042c" COMPANY="Vbeyond Corporation Test" ROLE="Mern Stack Developer" JOB_URL="https://www.naukri.com/job-listings-vbeyond-57f713042c" SUBMISSION_RESULT="MANUAL_REQUIRED" HISTORY_WRITE=true OUTCOME_WRITE=true REASON="NONE"
[2026-08-13T09:37:25.245Z] PID=21284 APP_ID="ext_safety_001" JOB_ID="ext_safety_001" COMPANY="External Corp Safety Test" ROLE="Full Stack Engineer" JOB_URL="https://www.naukri.com/job-listings-ext-safety-001" SUBMISSION_RESULT="MANUAL_REQUIRED" HISTORY_WRITE=true OUTCOME_WRITE=true REASON="NONE"
[2026-08-13T09:37:25.828Z] PID=21284 APP_ID="ext_test_999" JOB_ID="ext_test_999" COMPANY="The Glove Test Company" ROLE="Mern Stack Developer" JOB_URL="https://www.naukri.com/job-listings-mern-stack-developer-the-glove-ext-999" SUBMISSION_RESULT="MANUAL_REQUIRED" HISTORY_WRITE=true OUTCOME_WRITE=true REASON="NONE"
[2026-08-13T09:37:26.389Z] PID=21284 APP_ID="test_ext_456" JOB_ID="test_ext_456" COMPANY="External Company" ROLE="Backend Engineer" JOB_URL="https://www.naukri.com/job-listings-external-dev-456" SUBMISSION_RESULT="MANUAL_REQUIRED" HISTORY_WRITE=true OUTCOME_WRITE=true REASON="NONE"
[2026-08-13T09:37:26.439Z] PID=21284 APP_ID="test_easy_123" JOB_ID="test_easy_123" COMPANY="Easy Company" ROLE="Full Stack Developer" JOB_URL="https://www.naukri.com/job-listings-easy-dev-123" SUBMISSION_RESULT="WAITING_CONFIRMATION" HISTORY_WRITE=true OUTCOME_WRITE=true REASON="NONE"
[2026-08-13T09:37:26.473Z] PID=21284 APP_ID="test_easy_123" JOB_ID="test_easy_123" COMPANY="Easy Company" ROLE="Full Stack Developer" JOB_URL="https://www.naukri.com/job-listings-easy-dev-123" SUBMISSION_RESULT="SUBMITTED" HISTORY_WRITE=true OUTCOME_WRITE=true REASON="NONE"
[2026-08-13T09:37:27.159Z] PID=21284 APP_ID="be6497dbdc" JOB_ID="be6497dbdc" COMPANY="The Glove" ROLE="Mern Stack Developer" JOB_URL="https://www.naukri.com/job-listings-mern-stack-developer-the-glove-bengaluru-india-3-to-8-years-110826030677" SUBMISSION_RESULT="MANUAL_REQUIRED" HISTORY_WRITE=true OUTCOME_WRITE=true REASON="NONE"
[2026-08-13T09:37:27.204Z] PID=21284 APP_ID="sub_test_01" JOB_ID="sub_test_01" COMPANY="Submitted Test Company" ROLE="Backend Dev" JOB_URL="https://www.naukri.com/job-listings-sub-test-01" SUBMISSION_RESULT="ALREADY_APPLIED" HISTORY_WRITE=true OUTCOME_WRITE=true REASON="NONE"
[2026-08-13T09:37:27.241Z] PID=21284 APP_ID="57f713042c" JOB_ID="57f713042c" COMPANY="Vbeyond Corporation" ROLE="Mern Stack Developer" JOB_URL="https://www.naukri.com/job-listings-mern-stack-developer-vbeyond-corporation-bengaluru-india-3-to-8-years-110826030691" SUBMISSION_RESULT="MANUAL_REQUIRED" HISTORY_WRITE=true OUTCOME_WRITE=true REASON="NONE"
[2026-08-13T09:37:28.133Z] PID=21284 APP_ID="be6497dbdc" JOB_ID="be6497dbdc" COMPANY="The Glove" ROLE="Mern Stack Developer" JOB_URL="https://www.naukri.com/job-listings-mern-stack-developer-the-glove-bengaluru-india-3-to-8-years-110826030677" SUBMISSION_RESULT="MANUAL_REQUIRED" HISTORY_WRITE=true OUTCOME_WRITE=true REASON="NONE"
[2026-08-13T09:37:28.183Z] PID=21284 APP_ID="manual_001" JOB_ID="manual_001" COMPANY="Manual Test Company" ROLE="Backend Dev" JOB_URL="https://www.naukri.com/job-listings-manual-001" SUBMISSION_RESULT="MANUAL_REQUIRED" HISTORY_WRITE=true OUTCOME_WRITE=true REASON="NONE"
[2026-08-13T09:37:28.230Z] PID=21284 APP_ID="prep_only_01" JOB_ID="prep_only_01" COMPANY="Prep Only Company" ROLE="React Engineer" JOB_URL="https://www.naukri.com/job-listings-prep-only-01" SUBMISSION_RESULT="MANUAL_REQUIRED" HISTORY_WRITE=true OUTCOME_WRITE=true REASON="NONE"
[2026-08-13T09:39:47.552Z] PID=8048 APP_ID="771e1e6422" JOB_ID="771e1e6422" COMPANY="jobaaj" ROLE="Software Developer MERN Stack" JOB_URL="https://www.naukri.com/job-listings-software-developer-mern-stack-jobaaj-1-to-3-years-TEST001" SUBMISSION_RESULT="SUBMITTED" HISTORY_WRITE=true OUTCOME_WRITE=true REASON="NONE"
[2026-08-13T09:39:48.092Z] PID=8048 APP_ID="be6497dbdc" JOB_ID="be6497dbdc" COMPANY="The Glove" ROLE="Mern Stack Developer" JOB_URL="https://www.naukri.com/job-listings-mern-stack-developer-the-glove-bengaluru-india-3-to-8-years-110826030677" SUBMISSION_RESULT="MANUAL_REQUIRED" HISTORY_WRITE=true OUTCOME_WRITE=true REASON="NONE"
[2026-08-13T09:39:48.122Z] PID=8048 APP_ID="manual_001" JOB_ID="manual_001" COMPANY="Manual Test Company" ROLE="Backend Dev" JOB_URL="https://www.naukri.com/job-listings-manual-001" SUBMISSION_RESULT="MANUAL_REQUIRED" HISTORY_WRITE=true OUTCOME_WRITE=true REASON="NONE"
[2026-08-13T09:39:48.157Z] PID=8048 APP_ID="prep_only_01" JOB_ID="prep_only_01" COMPANY="Prep Only Company" ROLE="React Engineer" JOB_URL="https://www.naukri.com/job-listings-prep-only-01" SUBMISSION_RESULT="MANUAL_REQUIRED" HISTORY_WRITE=true OUTCOME_WRITE=true REASON="NONE"
[2026-08-13T09:39:48.719Z] PID=8048 APP_ID="be6497dbdc" JOB_ID="be6497dbdc" COMPANY="The Glove" ROLE="Mern Stack Developer" JOB_URL="https://www.naukri.com/job-listings-mern-stack-developer-the-glove-bengaluru-india-3-to-8-years-110826030677" SUBMISSION_RESULT="MANUAL_REQUIRED" HISTORY_WRITE=true OUTCOME_WRITE=true REASON="NONE"
[2026-08-13T09:39:48.755Z] PID=8048 APP_ID="sub_test_01" JOB_ID="sub_test_01" COMPANY="Submitted Test Company" ROLE="Backend Dev" JOB_URL="https://www.naukri.com/job-listings-sub-test-01" SUBMISSION_RESULT="ALREADY_APPLIED" HISTORY_WRITE=true OUTCOME_WRITE=true REASON="NONE"
[2026-08-13T09:39:48.791Z] PID=8048 APP_ID="57f713042c" JOB_ID="57f713042c" COMPANY="Vbeyond Corporation" ROLE="Mern Stack Developer" JOB_URL="https://www.naukri.com/job-listings-mern-stack-developer-vbeyond-corporation-bengaluru-india-3-to-8-years-110826030691" SUBMISSION_RESULT="MANUAL_REQUIRED" HISTORY_WRITE=true OUTCOME_WRITE=true REASON="NONE"
[2026-08-13T09:39:49.418Z] PID=8048 APP_ID="ext_safety_001" JOB_ID="ext_safety_001" COMPANY="External Corp Safety Test" ROLE="Full Stack Engineer" JOB_URL="https://www.naukri.com/job-listings-ext-safety-001" SUBMISSION_RESULT="MANUAL_REQUIRED" HISTORY_WRITE=true OUTCOME_WRITE=true REASON="NONE"
[2026-08-13T09:39:50.718Z] PID=8048 APP_ID="57f713042c" JOB_ID="57f713042c" COMPANY="Vbeyond Corporation Test" ROLE="Mern Stack Developer" JOB_URL="https://www.naukri.com/job-listings-vbeyond-57f713042c" SUBMISSION_RESULT="MANUAL_REQUIRED" HISTORY_WRITE=true OUTCOME_WRITE=true REASON="NONE"
[2026-08-13T09:39:51.330Z] PID=8048 APP_ID="test_ext_456" JOB_ID="test_ext_456" COMPANY="External Company" ROLE="Backend Engineer" JOB_URL="https://www.naukri.com/job-listings-external-dev-456" SUBMISSION_RESULT="MANUAL_REQUIRED" HISTORY_WRITE=true OUTCOME_WRITE=true REASON="NONE"
[2026-08-13T09:39:51.385Z] PID=8048 APP_ID="test_easy_123" JOB_ID="test_easy_123" COMPANY="Easy Company" ROLE="Full Stack Developer" JOB_URL="https://www.naukri.com/job-listings-easy-dev-123" SUBMISSION_RESULT="WAITING_CONFIRMATION" HISTORY_WRITE=true OUTCOME_WRITE=true REASON="NONE"
[2026-08-13T09:39:51.417Z] PID=8048 APP_ID="test_easy_123" JOB_ID="test_easy_123" COMPANY="Easy Company" ROLE="Full Stack Developer" JOB_URL="https://www.naukri.com/job-listings-easy-dev-123" SUBMISSION_RESULT="SUBMITTED" HISTORY_WRITE=true OUTCOME_WRITE=true REASON="NONE"
[2026-08-13T09:39:52.666Z] PID=8048 APP_ID="ext_test_999" JOB_ID="ext_test_999" COMPANY="The Glove Test Company" ROLE="Mern Stack Developer" JOB_URL="https://www.naukri.com/job-listings-mern-stack-developer-the-glove-ext-999" SUBMISSION_RESULT="MANUAL_REQUIRED" HISTORY_WRITE=true OUTCOME_WRITE=true REASON="NONE"
[2026-08-13T09:42:48.886Z] PID=10180 APP_ID="771e1e6422" JOB_ID="771e1e6422" COMPANY="jobaaj" ROLE="Software Developer MERN Stack" JOB_URL="https://www.naukri.com/job-listings-software-developer-mern-stack-jobaaj-1-to-3-years-TEST001" SUBMISSION_RESULT="SUBMITTED" HISTORY_WRITE=true OUTCOME_WRITE=true REASON="NONE"
[2026-08-13T09:42:50.511Z] PID=10180 APP_ID="57f713042c" JOB_ID="57f713042c" COMPANY="Vbeyond Corporation Test" ROLE="Mern Stack Developer" JOB_URL="https://www.naukri.com/job-listings-vbeyond-57f713042c" SUBMISSION_RESULT="MANUAL_REQUIRED" HISTORY_WRITE=true OUTCOME_WRITE=true REASON="NONE"
[2026-08-13T09:42:51.925Z] PID=10180 APP_ID="be6497dbdc" JOB_ID="be6497dbdc" COMPANY="The Glove" ROLE="Mern Stack Developer" JOB_URL="https://www.naukri.com/job-listings-mern-stack-developer-the-glove-bengaluru-india-3-to-8-years-110826030677" SUBMISSION_RESULT="MANUAL_REQUIRED" HISTORY_WRITE=true OUTCOME_WRITE=true REASON="NONE"
[2026-08-13T09:42:51.971Z] PID=10180 APP_ID="sub_test_01" JOB_ID="sub_test_01" COMPANY="Submitted Test Company" ROLE="Backend Dev" JOB_URL="https://www.naukri.com/job-listings-sub-test-01" SUBMISSION_RESULT="ALREADY_APPLIED" HISTORY_WRITE=true OUTCOME_WRITE=true REASON="NONE"
[2026-08-13T09:42:52.023Z] PID=10180 APP_ID="57f713042c" JOB_ID="57f713042c" COMPANY="Vbeyond Corporation" ROLE="Mern Stack Developer" JOB_URL="https://www.naukri.com/job-listings-mern-stack-developer-vbeyond-corporation-bengaluru-india-3-to-8-years-110826030691" SUBMISSION_RESULT="MANUAL_REQUIRED" HISTORY_WRITE=true OUTCOME_WRITE=true REASON="NONE"
[2026-08-13T09:42:52.589Z] PID=10180 APP_ID="test_ext_456" JOB_ID="test_ext_456" COMPANY="External Company" ROLE="Backend Engineer" JOB_URL="https://www.naukri.com/job-listings-external-dev-456" SUBMISSION_RESULT="MANUAL_REQUIRED" HISTORY_WRITE=true OUTCOME_WRITE=true REASON="NONE"
[2026-08-13T09:42:52.644Z] PID=10180 APP_ID="test_easy_123" JOB_ID="test_easy_123" COMPANY="Easy Company" ROLE="Full Stack Developer" JOB_URL="https://www.naukri.com/job-listings-easy-dev-123" SUBMISSION_RESULT="WAITING_CONFIRMATION" HISTORY_WRITE=true OUTCOME_WRITE=true REASON="NONE"
[2026-08-13T09:42:52.678Z] PID=10180 APP_ID="test_easy_123" JOB_ID="test_easy_123" COMPANY="Easy Company" ROLE="Full Stack Developer" JOB_URL="https://www.naukri.com/job-listings-easy-dev-123" SUBMISSION_RESULT="SUBMITTED" HISTORY_WRITE=true OUTCOME_WRITE=true REASON="NONE"
[2026-08-13T09:42:53.318Z] PID=10180 APP_ID="ext_safety_001" JOB_ID="ext_safety_001" COMPANY="External Corp Safety Test" ROLE="Full Stack Engineer" JOB_URL="https://www.naukri.com/job-listings-ext-safety-001" SUBMISSION_RESULT="MANUAL_REQUIRED" HISTORY_WRITE=true OUTCOME_WRITE=true REASON="NONE"
[2026-08-13T09:42:55.366Z] PID=10180 APP_ID="be6497dbdc" JOB_ID="be6497dbdc" COMPANY="The Glove" ROLE="Mern Stack Developer" JOB_URL="https://www.naukri.com/job-listings-mern-stack-developer-the-glove-bengaluru-india-3-to-8-years-110826030677" SUBMISSION_RESULT="MANUAL_REQUIRED" HISTORY_WRITE=true OUTCOME_WRITE=true REASON="NONE"
[2026-08-13T09:42:55.396Z] PID=10180 APP_ID="manual_001" JOB_ID="manual_001" COMPANY="Manual Test Company" ROLE="Backend Dev" JOB_URL="https://www.naukri.com/job-listings-manual-001" SUBMISSION_RESULT="MANUAL_REQUIRED" HISTORY_WRITE=true OUTCOME_WRITE=true REASON="NONE"
[2026-08-13T09:42:55.432Z] PID=10180 APP_ID="prep_only_01" JOB_ID="prep_only_01" COMPANY="Prep Only Company" ROLE="React Engineer" JOB_URL="https://www.naukri.com/job-listings-prep-only-01" SUBMISSION_RESULT="MANUAL_REQUIRED" HISTORY_WRITE=true OUTCOME_WRITE=true REASON="NONE"
[2026-08-13T09:42:55.984Z] PID=10180 APP_ID="ext_test_999" JOB_ID="ext_test_999" COMPANY="The Glove Test Company" ROLE="Mern Stack Developer" JOB_URL="https://www.naukri.com/job-listings-mern-stack-developer-the-glove-ext-999" SUBMISSION_RESULT="MANUAL_REQUIRED" HISTORY_WRITE=true OUTCOME_WRITE=true REASON="NONE"
[2026-08-13T09:45:06.098Z] PID=5884 APP_ID="771e1e6422" JOB_ID="771e1e6422" COMPANY="jobaaj" ROLE="Software Developer MERN Stack" JOB_URL="https://www.naukri.com/job-listings-software-developer-mern-stack-jobaaj-1-to-3-years-TEST001" SUBMISSION_RESULT="SUBMITTED" HISTORY_WRITE=true OUTCOME_WRITE=true REASON="NONE"
[2026-08-13T09:45:07.931Z] PID=5884 APP_ID="57f713042c" JOB_ID="57f713042c" COMPANY="Vbeyond Corporation Test" ROLE="Mern Stack Developer" JOB_URL="https://www.naukri.com/job-listings-vbeyond-57f713042c" SUBMISSION_RESULT="MANUAL_REQUIRED" HISTORY_WRITE=true OUTCOME_WRITE=true REASON="NONE"
[2026-08-13T09:45:08.547Z] PID=5884 APP_ID="be6497dbdc" JOB_ID="be6497dbdc" COMPANY="The Glove" ROLE="Mern Stack Developer" JOB_URL="https://www.naukri.com/job-listings-mern-stack-developer-the-glove-bengaluru-india-3-to-8-years-110826030677" SUBMISSION_RESULT="MANUAL_REQUIRED" HISTORY_WRITE=true OUTCOME_WRITE=true REASON="NONE"
[2026-08-13T09:45:08.586Z] PID=5884 APP_ID="sub_test_01" JOB_ID="sub_test_01" COMPANY="Submitted Test Company" ROLE="Backend Dev" JOB_URL="https://www.naukri.com/job-listings-sub-test-01" SUBMISSION_RESULT="ALREADY_APPLIED" HISTORY_WRITE=true OUTCOME_WRITE=true REASON="NONE"
[2026-08-13T09:45:08.629Z] PID=5884 APP_ID="57f713042c" JOB_ID="57f713042c" COMPANY="Vbeyond Corporation" ROLE="Mern Stack Developer" JOB_URL="https://www.naukri.com/job-listings-mern-stack-developer-vbeyond-corporation-bengaluru-india-3-to-8-years-110826030691" SUBMISSION_RESULT="MANUAL_REQUIRED" HISTORY_WRITE=true OUTCOME_WRITE=true REASON="NONE"
[2026-08-13T09:45:10.850Z] PID=5884 APP_ID="be6497dbdc" JOB_ID="be6497dbdc" COMPANY="The Glove" ROLE="Mern Stack Developer" JOB_URL="https://www.naukri.com/job-listings-mern-stack-developer-the-glove-bengaluru-india-3-to-8-years-110826030677" SUBMISSION_RESULT="MANUAL_REQUIRED" HISTORY_WRITE=true OUTCOME_WRITE=true REASON="NONE"
[2026-08-13T09:45:10.886Z] PID=5884 APP_ID="manual_001" JOB_ID="manual_001" COMPANY="Manual Test Company" ROLE="Backend Dev" JOB_URL="https://www.naukri.com/job-listings-manual-001" SUBMISSION_RESULT="MANUAL_REQUIRED" HISTORY_WRITE=true OUTCOME_WRITE=true REASON="NONE"
[2026-08-13T09:45:10.921Z] PID=5884 APP_ID="prep_only_01" JOB_ID="prep_only_01" COMPANY="Prep Only Company" ROLE="React Engineer" JOB_URL="https://www.naukri.com/job-listings-prep-only-01" SUBMISSION_RESULT="MANUAL_REQUIRED" HISTORY_WRITE=true OUTCOME_WRITE=true REASON="NONE"
[2026-08-13T09:45:11.590Z] PID=5884 APP_ID="ext_safety_001" JOB_ID="ext_safety_001" COMPANY="External Corp Safety Test" ROLE="Full Stack Engineer" JOB_URL="https://www.naukri.com/job-listings-ext-safety-001" SUBMISSION_RESULT="MANUAL_REQUIRED" HISTORY_WRITE=true OUTCOME_WRITE=true REASON="NONE"
[2026-08-13T09:45:12.224Z] PID=5884 APP_ID="test_ext_456" JOB_ID="test_ext_456" COMPANY="External Company" ROLE="Backend Engineer" JOB_URL="https://www.naukri.com/job-listings-external-dev-456" SUBMISSION_RESULT="MANUAL_REQUIRED" HISTORY_WRITE=true OUTCOME_WRITE=true REASON="NONE"
[2026-08-13T09:45:12.298Z] PID=5884 APP_ID="test_easy_123" JOB_ID="test_easy_123" COMPANY="Easy Company" ROLE="Full Stack Developer" JOB_URL="https://www.naukri.com/job-listings-easy-dev-123" SUBMISSION_RESULT="WAITING_CONFIRMATION" HISTORY_WRITE=true OUTCOME_WRITE=true REASON="NONE"
[2026-08-13T09:45:12.345Z] PID=5884 APP_ID="test_easy_123" JOB_ID="test_easy_123" COMPANY="Easy Company" ROLE="Full Stack Developer" JOB_URL="https://www.naukri.com/job-listings-easy-dev-123" SUBMISSION_RESULT="SUBMITTED" HISTORY_WRITE=true OUTCOME_WRITE=true REASON="NONE"
[2026-08-13T09:45:13.017Z] PID=5884 APP_ID="ext_test_999" JOB_ID="ext_test_999" COMPANY="The Glove Test Company" ROLE="Mern Stack Developer" JOB_URL="https://www.naukri.com/job-listings-mern-stack-developer-the-glove-ext-999" SUBMISSION_RESULT="MANUAL_REQUIRED" HISTORY_WRITE=true OUTCOME_WRITE=true REASON="NONE"
[2026-08-13T09:45:32.392Z] PID=24420 APP_ID="771e1e6422" JOB_ID="771e1e6422" COMPANY="jobaaj" ROLE="Software Developer MERN Stack" JOB_URL="https://www.naukri.com/job-listings-software-developer-mern-stack-jobaaj-1-to-3-years-TEST001" SUBMISSION_RESULT="SUBMITTED" HISTORY_WRITE=true OUTCOME_WRITE=true REASON="NONE"
[2026-08-13T09:45:33.188Z] PID=24420 APP_ID="57f713042c" JOB_ID="57f713042c" COMPANY="Vbeyond Corporation Test" ROLE="Mern Stack Developer" JOB_URL="https://www.naukri.com/job-listings-vbeyond-57f713042c" SUBMISSION_RESULT="MANUAL_REQUIRED" HISTORY_WRITE=true OUTCOME_WRITE=true REASON="NONE"
[2026-08-13T09:45:34.550Z] PID=24420 APP_ID="test_ext_456" JOB_ID="test_ext_456" COMPANY="External Company" ROLE="Backend Engineer" JOB_URL="https://www.naukri.com/job-listings-external-dev-456" SUBMISSION_RESULT="MANUAL_REQUIRED" HISTORY_WRITE=true OUTCOME_WRITE=true REASON="NONE"
[2026-08-13T09:45:34.611Z] PID=24420 APP_ID="test_easy_123" JOB_ID="test_easy_123" COMPANY="Easy Company" ROLE="Full Stack Developer" JOB_URL="https://www.naukri.com/job-listings-easy-dev-123" SUBMISSION_RESULT="WAITING_CONFIRMATION" HISTORY_WRITE=true OUTCOME_WRITE=true REASON="NONE"
[2026-08-13T09:45:34.643Z] PID=24420 APP_ID="test_easy_123" JOB_ID="test_easy_123" COMPANY="Easy Company" ROLE="Full Stack Developer" JOB_URL="https://www.naukri.com/job-listings-easy-dev-123" SUBMISSION_RESULT="SUBMITTED" HISTORY_WRITE=true OUTCOME_WRITE=true REASON="NONE"
[2026-08-13T09:45:35.360Z] PID=24420 APP_ID="ext_safety_001" JOB_ID="ext_safety_001" COMPANY="External Corp Safety Test" ROLE="Full Stack Engineer" JOB_URL="https://www.naukri.com/job-listings-ext-safety-001" SUBMISSION_RESULT="MANUAL_REQUIRED" HISTORY_WRITE=true OUTCOME_WRITE=true REASON="NONE"
[2026-08-13T09:45:36.017Z] PID=24420 APP_ID="be6497dbdc" JOB_ID="be6497dbdc" COMPANY="The Glove" ROLE="Mern Stack Developer" JOB_URL="https://www.naukri.com/job-listings-mern-stack-developer-the-glove-bengaluru-india-3-to-8-years-110826030677" SUBMISSION_RESULT="MANUAL_REQUIRED" HISTORY_WRITE=true OUTCOME_WRITE=true REASON="NONE"
[2026-08-13T09:45:36.066Z] PID=24420 APP_ID="sub_test_01" JOB_ID="sub_test_01" COMPANY="Submitted Test Company" ROLE="Backend Dev" JOB_URL="https://www.naukri.com/job-listings-sub-test-01" SUBMISSION_RESULT="ALREADY_APPLIED" HISTORY_WRITE=true OUTCOME_WRITE=true REASON="NONE"
[2026-08-13T09:45:36.121Z] PID=24420 APP_ID="57f713042c" JOB_ID="57f713042c" COMPANY="Vbeyond Corporation" ROLE="Mern Stack Developer" JOB_URL="https://www.naukri.com/job-listings-mern-stack-developer-vbeyond-corporation-bengaluru-india-3-to-8-years-110826030691" SUBMISSION_RESULT="MANUAL_REQUIRED" HISTORY_WRITE=true OUTCOME_WRITE=true REASON="NONE"
[2026-08-13T09:45:36.875Z] PID=24420 APP_ID="ext_test_999" JOB_ID="ext_test_999" COMPANY="The Glove Test Company" ROLE="Mern Stack Developer" JOB_URL="https://www.naukri.com/job-listings-mern-stack-developer-the-glove-ext-999" SUBMISSION_RESULT="MANUAL_REQUIRED" HISTORY_WRITE=true OUTCOME_WRITE=true REASON="NONE"
[2026-08-13T09:45:37.457Z] PID=24420 APP_ID="be6497dbdc" JOB_ID="be6497dbdc" COMPANY="The Glove" ROLE="Mern Stack Developer" JOB_URL="https://www.naukri.com/job-listings-mern-stack-developer-the-glove-bengaluru-india-3-to-8-years-110826030677" SUBMISSION_RESULT="MANUAL_REQUIRED" HISTORY_WRITE=true OUTCOME_WRITE=true REASON="NONE"
[2026-08-13T09:45:37.492Z] PID=24420 APP_ID="manual_001" JOB_ID="manual_001" COMPANY="Manual Test Company" ROLE="Backend Dev" JOB_URL="https://www.naukri.com/job-listings-manual-001" SUBMISSION_RESULT="MANUAL_REQUIRED" HISTORY_WRITE=true OUTCOME_WRITE=true REASON="NONE"
[2026-08-13T09:45:37.535Z] PID=24420 APP_ID="prep_only_01" JOB_ID="prep_only_01" COMPANY="Prep Only Company" ROLE="React Engineer" JOB_URL="https://www.naukri.com/job-listings-prep-only-01" SUBMISSION_RESULT="MANUAL_REQUIRED" HISTORY_WRITE=true OUTCOME_WRITE=true REASON="NONE"
[2026-08-13T09:47:41.634Z] PID=1740 APP_ID="771e1e6422" JOB_ID="771e1e6422" COMPANY="jobaaj" ROLE="Software Developer MERN Stack" JOB_URL="https://www.naukri.com/job-listings-software-developer-mern-stack-jobaaj-1-to-3-years-TEST001" SUBMISSION_RESULT="SUBMITTED" HISTORY_WRITE=true OUTCOME_WRITE=true REASON="NONE"
[2026-08-13T09:47:42.462Z] PID=1740 APP_ID="57f713042c" JOB_ID="57f713042c" COMPANY="Vbeyond Corporation Test" ROLE="Mern Stack Developer" JOB_URL="https://www.naukri.com/job-listings-vbeyond-57f713042c" SUBMISSION_RESULT="MANUAL_REQUIRED" HISTORY_WRITE=true OUTCOME_WRITE=true REASON="NONE"
[2026-08-13T09:47:43.145Z] PID=1740 APP_ID="test_ext_456" JOB_ID="test_ext_456" COMPANY="External Company" ROLE="Backend Engineer" JOB_URL="https://www.naukri.com/job-listings-external-dev-456" SUBMISSION_RESULT="MANUAL_REQUIRED" HISTORY_WRITE=true OUTCOME_WRITE=true REASON="NONE"
[2026-08-13T09:47:43.198Z] PID=1740 APP_ID="test_easy_123" JOB_ID="test_easy_123" COMPANY="Easy Company" ROLE="Full Stack Developer" JOB_URL="https://www.naukri.com/job-listings-easy-dev-123" SUBMISSION_RESULT="WAITING_CONFIRMATION" HISTORY_WRITE=true OUTCOME_WRITE=true REASON="NONE"
[2026-08-13T09:47:43.239Z] PID=1740 APP_ID="test_easy_123" JOB_ID="test_easy_123" COMPANY="Easy Company" ROLE="Full Stack Developer" JOB_URL="https://www.naukri.com/job-listings-easy-dev-123" SUBMISSION_RESULT="SUBMITTED" HISTORY_WRITE=true OUTCOME_WRITE=true REASON="NONE"
[2026-08-13T09:47:45.365Z] PID=1740 APP_ID="be6497dbdc" JOB_ID="be6497dbdc" COMPANY="The Glove" ROLE="Mern Stack Developer" JOB_URL="https://www.naukri.com/job-listings-mern-stack-developer-the-glove-bengaluru-india-3-to-8-years-110826030677" SUBMISSION_RESULT="MANUAL_REQUIRED" HISTORY_WRITE=true OUTCOME_WRITE=true REASON="NONE"
[2026-08-13T09:47:45.415Z] PID=1740 APP_ID="sub_test_01" JOB_ID="sub_test_01" COMPANY="Submitted Test Company" ROLE="Backend Dev" JOB_URL="https://www.naukri.com/job-listings-sub-test-01" SUBMISSION_RESULT="ALREADY_APPLIED" HISTORY_WRITE=true OUTCOME_WRITE=true REASON="NONE"
[2026-08-13T09:47:45.457Z] PID=1740 APP_ID="57f713042c" JOB_ID="57f713042c" COMPANY="Vbeyond Corporation" ROLE="Mern Stack Developer" JOB_URL="https://www.naukri.com/job-listings-mern-stack-developer-vbeyond-corporation-bengaluru-india-3-to-8-years-110826030691" SUBMISSION_RESULT="MANUAL_REQUIRED" HISTORY_WRITE=true OUTCOME_WRITE=true REASON="NONE"
[2026-08-13T09:47:46.494Z] PID=1740 APP_ID="ext_safety_001" JOB_ID="ext_safety_001" COMPANY="External Corp Safety Test" ROLE="Full Stack Engineer" JOB_URL="https://www.naukri.com/job-listings-ext-safety-001" SUBMISSION_RESULT="MANUAL_REQUIRED" HISTORY_WRITE=true OUTCOME_WRITE=true REASON="NONE"
[2026-08-13T09:47:47.102Z] PID=1740 APP_ID="ext_test_999" JOB_ID="ext_test_999" COMPANY="The Glove Test Company" ROLE="Mern Stack Developer" JOB_URL="https://www.naukri.com/job-listings-mern-stack-developer-the-glove-ext-999" SUBMISSION_RESULT="MANUAL_REQUIRED" HISTORY_WRITE=true OUTCOME_WRITE=true REASON="NONE"
[2026-08-13T09:47:47.783Z] PID=1740 APP_ID="be6497dbdc" JOB_ID="be6497dbdc" COMPANY="The Glove" ROLE="Mern Stack Developer" JOB_URL="https://www.naukri.com/job-listings-mern-stack-developer-the-glove-bengaluru-india-3-to-8-years-110826030677" SUBMISSION_RESULT="MANUAL_REQUIRED" HISTORY_WRITE=true OUTCOME_WRITE=true REASON="NONE"
[2026-08-13T09:47:47.810Z] PID=1740 APP_ID="manual_001" JOB_ID="manual_001" COMPANY="Manual Test Company" ROLE="Backend Dev" JOB_URL="https://www.naukri.com/job-listings-manual-001" SUBMISSION_RESULT="MANUAL_REQUIRED" HISTORY_WRITE=true OUTCOME_WRITE=true REASON="NONE"
[2026-08-13T09:47:47.839Z] PID=1740 APP_ID="prep_only_01" JOB_ID="prep_only_01" COMPANY="Prep Only Company" ROLE="React Engineer" JOB_URL="https://www.naukri.com/job-listings-prep-only-01" SUBMISSION_RESULT="MANUAL_REQUIRED" HISTORY_WRITE=true OUTCOME_WRITE=true REASON="NONE"
[2026-08-13T09:49:54.919Z] PID=11580 APP_ID="771e1e6422" JOB_ID="771e1e6422" COMPANY="jobaaj" ROLE="Software Developer MERN Stack" JOB_URL="https://www.naukri.com/job-listings-software-developer-mern-stack-jobaaj-1-to-3-years-TEST001" SUBMISSION_RESULT="SUBMITTED" HISTORY_WRITE=true OUTCOME_WRITE=true REASON="NONE"
[2026-08-13T09:49:55.620Z] PID=11580 APP_ID="ext_safety_001" JOB_ID="ext_safety_001" COMPANY="External Corp Safety Test" ROLE="Full Stack Engineer" JOB_URL="https://www.naukri.com/job-listings-ext-safety-001" SUBMISSION_RESULT="MANUAL_REQUIRED" HISTORY_WRITE=true OUTCOME_WRITE=true REASON="NONE"
[2026-08-13T09:49:56.467Z] PID=11580 APP_ID="57f713042c" JOB_ID="57f713042c" COMPANY="Vbeyond Corporation Test" ROLE="Mern Stack Developer" JOB_URL="https://www.naukri.com/job-listings-vbeyond-57f713042c" SUBMISSION_RESULT="MANUAL_REQUIRED" HISTORY_WRITE=true OUTCOME_WRITE=true REASON="NONE"
[2026-08-13T09:49:57.121Z] PID=11580 APP_ID="be6497dbdc" JOB_ID="be6497dbdc" COMPANY="The Glove" ROLE="Mern Stack Developer" JOB_URL="https://www.naukri.com/job-listings-mern-stack-developer-the-glove-bengaluru-india-3-to-8-years-110826030677" SUBMISSION_RESULT="MANUAL_REQUIRED" HISTORY_WRITE=true OUTCOME_WRITE=true REASON="NONE"
[2026-08-13T09:49:57.164Z] PID=11580 APP_ID="sub_test_01" JOB_ID="sub_test_01" COMPANY="Submitted Test Company" ROLE="Backend Dev" JOB_URL="https://www.naukri.com/job-listings-sub-test-01" SUBMISSION_RESULT="ALREADY_APPLIED" HISTORY_WRITE=true OUTCOME_WRITE=true REASON="NONE"
[2026-08-13T09:49:57.228Z] PID=11580 APP_ID="57f713042c" JOB_ID="57f713042c" COMPANY="Vbeyond Corporation" ROLE="Mern Stack Developer" JOB_URL="https://www.naukri.com/job-listings-mern-stack-developer-vbeyond-corporation-bengaluru-india-3-to-8-years-110826030691" SUBMISSION_RESULT="MANUAL_REQUIRED" HISTORY_WRITE=true OUTCOME_WRITE=true REASON="NONE"
[2026-08-13T09:49:57.821Z] PID=11580 APP_ID="test_ext_456" JOB_ID="test_ext_456" COMPANY="External Company" ROLE="Backend Engineer" JOB_URL="https://www.naukri.com/job-listings-external-dev-456" SUBMISSION_RESULT="MANUAL_REQUIRED" HISTORY_WRITE=true OUTCOME_WRITE=true REASON="NONE"
[2026-08-13T09:49:57.889Z] PID=11580 APP_ID="test_easy_123" JOB_ID="test_easy_123" COMPANY="Easy Company" ROLE="Full Stack Developer" JOB_URL="https://www.naukri.com/job-listings-easy-dev-123" SUBMISSION_RESULT="WAITING_CONFIRMATION" HISTORY_WRITE=true OUTCOME_WRITE=true REASON="NONE"
[2026-08-13T09:49:57.932Z] PID=11580 APP_ID="test_easy_123" JOB_ID="test_easy_123" COMPANY="Easy Company" ROLE="Full Stack Developer" JOB_URL="https://www.naukri.com/job-listings-easy-dev-123" SUBMISSION_RESULT="SUBMITTED" HISTORY_WRITE=true OUTCOME_WRITE=true REASON="NONE"
[2026-08-13T09:49:58.460Z] PID=11580 APP_ID="be6497dbdc" JOB_ID="be6497dbdc" COMPANY="The Glove" ROLE="Mern Stack Developer" JOB_URL="https://www.naukri.com/job-listings-mern-stack-developer-the-glove-bengaluru-india-3-to-8-years-110826030677" SUBMISSION_RESULT="MANUAL_REQUIRED" HISTORY_WRITE=true OUTCOME_WRITE=true REASON="NONE"
[2026-08-13T09:49:58.497Z] PID=11580 APP_ID="manual_001" JOB_ID="manual_001" COMPANY="Manual Test Company" ROLE="Backend Dev" JOB_URL="https://www.naukri.com/job-listings-manual-001" SUBMISSION_RESULT="MANUAL_REQUIRED" HISTORY_WRITE=true OUTCOME_WRITE=true REASON="NONE"
[2026-08-13T09:49:58.529Z] PID=11580 APP_ID="prep_only_01" JOB_ID="prep_only_01" COMPANY="Prep Only Company" ROLE="React Engineer" JOB_URL="https://www.naukri.com/job-listings-prep-only-01" SUBMISSION_RESULT="MANUAL_REQUIRED" HISTORY_WRITE=true OUTCOME_WRITE=true REASON="NONE"
[2026-08-13T09:50:00.343Z] PID=11580 APP_ID="ext_test_999" JOB_ID="ext_test_999" COMPANY="The Glove Test Company" ROLE="Mern Stack Developer" JOB_URL="https://www.naukri.com/job-listings-mern-stack-developer-the-glove-ext-999" SUBMISSION_RESULT="MANUAL_REQUIRED" HISTORY_WRITE=true OUTCOME_WRITE=true REASON="NONE"
[2026-08-13T09:51:46.296Z] PID=4496 APP_ID="771e1e6422" JOB_ID="771e1e6422" COMPANY="jobaaj" ROLE="Software Developer MERN Stack" JOB_URL="https://www.naukri.com/job-listings-software-developer-mern-stack-jobaaj-1-to-3-years-TEST001" SUBMISSION_RESULT="SUBMITTED" HISTORY_WRITE=true OUTCOME_WRITE=true REASON="NONE"
[2026-08-13T09:51:47.096Z] PID=4496 APP_ID="57f713042c" JOB_ID="57f713042c" COMPANY="Vbeyond Corporation Test" ROLE="Mern Stack Developer" JOB_URL="https://www.naukri.com/job-listings-vbeyond-57f713042c" SUBMISSION_RESULT="MANUAL_REQUIRED" HISTORY_WRITE=true OUTCOME_WRITE=true REASON="NONE"
[2026-08-13T09:51:47.770Z] PID=4496 APP_ID="be6497dbdc" JOB_ID="be6497dbdc" COMPANY="The Glove" ROLE="Mern Stack Developer" JOB_URL="https://www.naukri.com/job-listings-mern-stack-developer-the-glove-bengaluru-india-3-to-8-years-110826030677" SUBMISSION_RESULT="MANUAL_REQUIRED" HISTORY_WRITE=true OUTCOME_WRITE=true REASON="NONE"
[2026-08-13T09:51:47.826Z] PID=4496 APP_ID="sub_test_01" JOB_ID="sub_test_01" COMPANY="Submitted Test Company" ROLE="Backend Dev" JOB_URL="https://www.naukri.com/job-listings-sub-test-01" SUBMISSION_RESULT="ALREADY_APPLIED" HISTORY_WRITE=true OUTCOME_WRITE=true REASON="NONE"
[2026-08-13T09:51:47.877Z] PID=4496 APP_ID="57f713042c" JOB_ID="57f713042c" COMPANY="Vbeyond Corporation" ROLE="Mern Stack Developer" JOB_URL="https://www.naukri.com/job-listings-mern-stack-developer-vbeyond-corporation-bengaluru-india-3-to-8-years-110826030691" SUBMISSION_RESULT="MANUAL_REQUIRED" HISTORY_WRITE=true OUTCOME_WRITE=true REASON="NONE"
[2026-08-13T09:51:48.680Z] PID=4496 APP_ID="ext_safety_001" JOB_ID="ext_safety_001" COMPANY="External Corp Safety Test" ROLE="Full Stack Engineer" JOB_URL="https://www.naukri.com/job-listings-ext-safety-001" SUBMISSION_RESULT="MANUAL_REQUIRED" HISTORY_WRITE=true OUTCOME_WRITE=true REASON="NONE"
[2026-08-13T09:51:49.491Z] PID=4496 APP_ID="test_ext_456" JOB_ID="test_ext_456" COMPANY="External Company" ROLE="Backend Engineer" JOB_URL="https://www.naukri.com/job-listings-external-dev-456" SUBMISSION_RESULT="MANUAL_REQUIRED" HISTORY_WRITE=true OUTCOME_WRITE=true REASON="NONE"
[2026-08-13T09:51:49.587Z] PID=4496 APP_ID="test_easy_123" JOB_ID="test_easy_123" COMPANY="Easy Company" ROLE="Full Stack Developer" JOB_URL="https://www.naukri.com/job-listings-easy-dev-123" SUBMISSION_RESULT="WAITING_CONFIRMATION" HISTORY_WRITE=true OUTCOME_WRITE=true REASON="NONE"
[2026-08-13T09:51:49.635Z] PID=4496 APP_ID="test_easy_123" JOB_ID="test_easy_123" COMPANY="Easy Company" ROLE="Full Stack Developer" JOB_URL="https://www.naukri.com/job-listings-easy-dev-123" SUBMISSION_RESULT="SUBMITTED" HISTORY_WRITE=true OUTCOME_WRITE=true REASON="NONE"
[2026-08-13T09:51:50.345Z] PID=4496 APP_ID="ext_test_999" JOB_ID="ext_test_999" COMPANY="The Glove Test Company" ROLE="Mern Stack Developer" JOB_URL="https://www.naukri.com/job-listings-mern-stack-developer-the-glove-ext-999" SUBMISSION_RESULT="MANUAL_REQUIRED" HISTORY_WRITE=true OUTCOME_WRITE=true REASON="NONE"
[2026-08-13T09:51:51.953Z] PID=4496 APP_ID="be6497dbdc" JOB_ID="be6497dbdc" COMPANY="The Glove" ROLE="Mern Stack Developer" JOB_URL="https://www.naukri.com/job-listings-mern-stack-developer-the-glove-bengaluru-india-3-to-8-years-110826030677" SUBMISSION_RESULT="MANUAL_REQUIRED" HISTORY_WRITE=true OUTCOME_WRITE=true REASON="NONE"
[2026-08-13T09:51:51.999Z] PID=4496 APP_ID="manual_001" JOB_ID="manual_001" COMPANY="Manual Test Company" ROLE="Backend Dev" JOB_URL="https://www.naukri.com/job-listings-manual-001" SUBMISSION_RESULT="MANUAL_REQUIRED" HISTORY_WRITE=true OUTCOME_WRITE=true REASON="NONE"
[2026-08-13T09:51:52.047Z] PID=4496 APP_ID="prep_only_01" JOB_ID="prep_only_01" COMPANY="Prep Only Company" ROLE="React Engineer" JOB_URL="https://www.naukri.com/job-listings-prep-only-01" SUBMISSION_RESULT="MANUAL_REQUIRED" HISTORY_WRITE=true OUTCOME_WRITE=true REASON="NONE"
[2026-08-13T09:54:03.871Z] PID=26880 APP_ID="771e1e6422" JOB_ID="771e1e6422" COMPANY="jobaaj" ROLE="Software Developer MERN Stack" JOB_URL="https://www.naukri.com/job-listings-software-developer-mern-stack-jobaaj-1-to-3-years-TEST001" SUBMISSION_RESULT="SUBMITTED" HISTORY_WRITE=true OUTCOME_WRITE=true REASON="NONE"
[2026-08-13T09:54:04.554Z] PID=26880 APP_ID="be6497dbdc" JOB_ID="be6497dbdc" COMPANY="The Glove" ROLE="Mern Stack Developer" JOB_URL="https://www.naukri.com/job-listings-mern-stack-developer-the-glove-bengaluru-india-3-to-8-years-110826030677" SUBMISSION_RESULT="MANUAL_REQUIRED" HISTORY_WRITE=true OUTCOME_WRITE=true REASON="NONE"
[2026-08-13T09:54:04.590Z] PID=26880 APP_ID="manual_001" JOB_ID="manual_001" COMPANY="Manual Test Company" ROLE="Backend Dev" JOB_URL="https://www.naukri.com/job-listings-manual-001" SUBMISSION_RESULT="MANUAL_REQUIRED" HISTORY_WRITE=true OUTCOME_WRITE=true REASON="NONE"
[2026-08-13T09:54:04.633Z] PID=26880 APP_ID="prep_only_01" JOB_ID="prep_only_01" COMPANY="Prep Only Company" ROLE="React Engineer" JOB_URL="https://www.naukri.com/job-listings-prep-only-01" SUBMISSION_RESULT="MANUAL_REQUIRED" HISTORY_WRITE=true OUTCOME_WRITE=true REASON="NONE"
[2026-08-13T09:54:05.268Z] PID=26880 APP_ID="test_ext_456" JOB_ID="test_ext_456" COMPANY="External Company" ROLE="Backend Engineer" JOB_URL="https://www.naukri.com/job-listings-external-dev-456" SUBMISSION_RESULT="MANUAL_REQUIRED" HISTORY_WRITE=true OUTCOME_WRITE=true REASON="NONE"
[2026-08-13T09:54:05.320Z] PID=26880 APP_ID="test_easy_123" JOB_ID="test_easy_123" COMPANY="Easy Company" ROLE="Full Stack Developer" JOB_URL="https://www.naukri.com/job-listings-easy-dev-123" SUBMISSION_RESULT="WAITING_CONFIRMATION" HISTORY_WRITE=true OUTCOME_WRITE=true REASON="NONE"
[2026-08-13T09:54:05.352Z] PID=26880 APP_ID="test_easy_123" JOB_ID="test_easy_123" COMPANY="Easy Company" ROLE="Full Stack Developer" JOB_URL="https://www.naukri.com/job-listings-easy-dev-123" SUBMISSION_RESULT="SUBMITTED" HISTORY_WRITE=true OUTCOME_WRITE=true REASON="NONE"
[2026-08-13T09:54:06.036Z] PID=26880 APP_ID="ext_safety_001" JOB_ID="ext_safety_001" COMPANY="External Corp Safety Test" ROLE="Full Stack Engineer" JOB_URL="https://www.naukri.com/job-listings-ext-safety-001" SUBMISSION_RESULT="MANUAL_REQUIRED" HISTORY_WRITE=true OUTCOME_WRITE=true REASON="NONE"
[2026-08-13T09:54:06.757Z] PID=26880 APP_ID="57f713042c" JOB_ID="57f713042c" COMPANY="Vbeyond Corporation Test" ROLE="Mern Stack Developer" JOB_URL="https://www.naukri.com/job-listings-vbeyond-57f713042c" SUBMISSION_RESULT="MANUAL_REQUIRED" HISTORY_WRITE=true OUTCOME_WRITE=true REASON="NONE"
[2026-08-13T09:54:07.399Z] PID=26880 APP_ID="be6497dbdc" JOB_ID="be6497dbdc" COMPANY="The Glove" ROLE="Mern Stack Developer" JOB_URL="https://www.naukri.com/job-listings-mern-stack-developer-the-glove-bengaluru-india-3-to-8-years-110826030677" SUBMISSION_RESULT="MANUAL_REQUIRED" HISTORY_WRITE=true OUTCOME_WRITE=true REASON="NONE"
[2026-08-13T09:54:07.440Z] PID=26880 APP_ID="sub_test_01" JOB_ID="sub_test_01" COMPANY="Submitted Test Company" ROLE="Backend Dev" JOB_URL="https://www.naukri.com/job-listings-sub-test-01" SUBMISSION_RESULT="ALREADY_APPLIED" HISTORY_WRITE=true OUTCOME_WRITE=true REASON="NONE"
[2026-08-13T09:54:07.480Z] PID=26880 APP_ID="57f713042c" JOB_ID="57f713042c" COMPANY="Vbeyond Corporation" ROLE="Mern Stack Developer" JOB_URL="https://www.naukri.com/job-listings-mern-stack-developer-vbeyond-corporation-bengaluru-india-3-to-8-years-110826030691" SUBMISSION_RESULT="MANUAL_REQUIRED" HISTORY_WRITE=true OUTCOME_WRITE=true REASON="NONE"
[2026-08-13T09:54:09.410Z] PID=26880 APP_ID="ext_test_999" JOB_ID="ext_test_999" COMPANY="The Glove Test Company" ROLE="Mern Stack Developer" JOB_URL="https://www.naukri.com/job-listings-mern-stack-developer-the-glove-ext-999" SUBMISSION_RESULT="MANUAL_REQUIRED" HISTORY_WRITE=true OUTCOME_WRITE=true REASON="NONE"
[2026-08-13T09:57:36.013Z] PID=12336 APP_ID="771e1e6422" JOB_ID="771e1e6422" COMPANY="jobaaj" ROLE="Software Developer MERN Stack" JOB_URL="https://www.naukri.com/job-listings-software-developer-mern-stack-jobaaj-1-to-3-years-TEST001" SUBMISSION_RESULT="SUBMITTED" HISTORY_WRITE=true OUTCOME_WRITE=true REASON="NONE"
[2026-08-13T09:57:37.969Z] PID=12336 APP_ID="be6497dbdc" JOB_ID="be6497dbdc" COMPANY="The Glove" ROLE="Mern Stack Developer" JOB_URL="https://www.naukri.com/job-listings-mern-stack-developer-the-glove-bengaluru-india-3-to-8-years-110826030677" SUBMISSION_RESULT="MANUAL_REQUIRED" HISTORY_WRITE=true OUTCOME_WRITE=true REASON="NONE"
[2026-08-13T09:57:38.017Z] PID=12336 APP_ID="manual_001" JOB_ID="manual_001" COMPANY="Manual Test Company" ROLE="Backend Dev" JOB_URL="https://www.naukri.com/job-listings-manual-001" SUBMISSION_RESULT="MANUAL_REQUIRED" HISTORY_WRITE=true OUTCOME_WRITE=true REASON="NONE"
[2026-08-13T09:57:38.063Z] PID=12336 APP_ID="prep_only_01" JOB_ID="prep_only_01" COMPANY="Prep Only Company" ROLE="React Engineer" JOB_URL="https://www.naukri.com/job-listings-prep-only-01" SUBMISSION_RESULT="MANUAL_REQUIRED" HISTORY_WRITE=true OUTCOME_WRITE=true REASON="NONE"
[2026-08-13T09:57:38.707Z] PID=12336 APP_ID="be6497dbdc" JOB_ID="be6497dbdc" COMPANY="The Glove" ROLE="Mern Stack Developer" JOB_URL="https://www.naukri.com/job-listings-mern-stack-developer-the-glove-bengaluru-india-3-to-8-years-110826030677" SUBMISSION_RESULT="MANUAL_REQUIRED" HISTORY_WRITE=true OUTCOME_WRITE=true REASON="NONE"
[2026-08-13T09:57:38.740Z] PID=12336 APP_ID="sub_test_01" JOB_ID="sub_test_01" COMPANY="Submitted Test Company" ROLE="Backend Dev" JOB_URL="https://www.naukri.com/job-listings-sub-test-01" SUBMISSION_RESULT="ALREADY_APPLIED" HISTORY_WRITE=true OUTCOME_WRITE=true REASON="NONE"
[2026-08-13T09:57:38.781Z] PID=12336 APP_ID="57f713042c" JOB_ID="57f713042c" COMPANY="Vbeyond Corporation" ROLE="Mern Stack Developer" JOB_URL="https://www.naukri.com/job-listings-mern-stack-developer-vbeyond-corporation-bengaluru-india-3-to-8-years-110826030691" SUBMISSION_RESULT="MANUAL_REQUIRED" HISTORY_WRITE=true OUTCOME_WRITE=true REASON="NONE"
[2026-08-13T09:57:39.580Z] PID=12336 APP_ID="57f713042c" JOB_ID="57f713042c" COMPANY="Vbeyond Corporation Test" ROLE="Mern Stack Developer" JOB_URL="https://www.naukri.com/job-listings-vbeyond-57f713042c" SUBMISSION_RESULT="MANUAL_REQUIRED" HISTORY_WRITE=true OUTCOME_WRITE=true REASON="NONE"
[2026-08-13T09:57:40.280Z] PID=12336 APP_ID="test_ext_456" JOB_ID="test_ext_456" COMPANY="External Company" ROLE="Backend Engineer" JOB_URL="https://www.naukri.com/job-listings-external-dev-456" SUBMISSION_RESULT="MANUAL_REQUIRED" HISTORY_WRITE=true OUTCOME_WRITE=true REASON="NONE"
[2026-08-13T09:57:40.339Z] PID=12336 APP_ID="test_easy_123" JOB_ID="test_easy_123" COMPANY="Easy Company" ROLE="Full Stack Developer" JOB_URL="https://www.naukri.com/job-listings-easy-dev-123" SUBMISSION_RESULT="WAITING_CONFIRMATION" HISTORY_WRITE=true OUTCOME_WRITE=true REASON="NONE"
[2026-08-13T09:57:40.369Z] PID=12336 APP_ID="test_easy_123" JOB_ID="test_easy_123" COMPANY="Easy Company" ROLE="Full Stack Developer" JOB_URL="https://www.naukri.com/job-listings-easy-dev-123" SUBMISSION_RESULT="SUBMITTED" HISTORY_WRITE=true OUTCOME_WRITE=true REASON="NONE"
[2026-08-13T09:57:41.065Z] PID=12336 APP_ID="ext_safety_001" JOB_ID="ext_safety_001" COMPANY="External Corp Safety Test" ROLE="Full Stack Engineer" JOB_URL="https://www.naukri.com/job-listings-ext-safety-001" SUBMISSION_RESULT="MANUAL_REQUIRED" HISTORY_WRITE=true OUTCOME_WRITE=true REASON="NONE"
[2026-08-13T09:57:43.117Z] PID=12336 APP_ID="ext_test_999" JOB_ID="ext_test_999" COMPANY="The Glove Test Company" ROLE="Mern Stack Developer" JOB_URL="https://www.naukri.com/job-listings-mern-stack-developer-the-glove-ext-999" SUBMISSION_RESULT="MANUAL_REQUIRED" HISTORY_WRITE=true OUTCOME_WRITE=true REASON="NONE"
[2026-08-13T09:59:29.630Z] PID=26384 APP_ID="771e1e6422" JOB_ID="771e1e6422" COMPANY="jobaaj" ROLE="Software Developer MERN Stack" JOB_URL="https://www.naukri.com/job-listings-software-developer-mern-stack-jobaaj-1-to-3-years-TEST001" SUBMISSION_RESULT="SUBMITTED" HISTORY_WRITE=true OUTCOME_WRITE=true REASON="NONE"
[2026-08-13T09:59:30.298Z] PID=26384 APP_ID="57f713042c" JOB_ID="57f713042c" COMPANY="Vbeyond Corporation Test" ROLE="Mern Stack Developer" JOB_URL="https://www.naukri.com/job-listings-vbeyond-57f713042c" SUBMISSION_RESULT="MANUAL_REQUIRED" HISTORY_WRITE=true OUTCOME_WRITE=true REASON="NONE"
[2026-08-13T09:59:30.857Z] PID=26384 APP_ID="ext_test_999" JOB_ID="ext_test_999" COMPANY="The Glove Test Company" ROLE="Mern Stack Developer" JOB_URL="https://www.naukri.com/job-listings-mern-stack-developer-the-glove-ext-999" SUBMISSION_RESULT="MANUAL_REQUIRED" HISTORY_WRITE=true OUTCOME_WRITE=true REASON="NONE"
[2026-08-13T09:59:31.409Z] PID=26384 APP_ID="test_ext_456" JOB_ID="test_ext_456" COMPANY="External Company" ROLE="Backend Engineer" JOB_URL="https://www.naukri.com/job-listings-external-dev-456" SUBMISSION_RESULT="MANUAL_REQUIRED" HISTORY_WRITE=true OUTCOME_WRITE=true REASON="NONE"
[2026-08-13T09:59:31.455Z] PID=26384 APP_ID="test_easy_123" JOB_ID="test_easy_123" COMPANY="Easy Company" ROLE="Full Stack Developer" JOB_URL="https://www.naukri.com/job-listings-easy-dev-123" SUBMISSION_RESULT="WAITING_CONFIRMATION" HISTORY_WRITE=true OUTCOME_WRITE=true REASON="NONE"
[2026-08-13T09:59:31.506Z] PID=26384 APP_ID="test_easy_123" JOB_ID="test_easy_123" COMPANY="Easy Company" ROLE="Full Stack Developer" JOB_URL="https://www.naukri.com/job-listings-easy-dev-123" SUBMISSION_RESULT="SUBMITTED" HISTORY_WRITE=true OUTCOME_WRITE=true REASON="NONE"
[2026-08-13T09:59:32.745Z] PID=26384 APP_ID="be6497dbdc" JOB_ID="be6497dbdc" COMPANY="The Glove" ROLE="Mern Stack Developer" JOB_URL="https://www.naukri.com/job-listings-mern-stack-developer-the-glove-bengaluru-india-3-to-8-years-110826030677" SUBMISSION_RESULT="MANUAL_REQUIRED" HISTORY_WRITE=true OUTCOME_WRITE=true REASON="NONE"
[2026-08-13T09:59:32.775Z] PID=26384 APP_ID="manual_001" JOB_ID="manual_001" COMPANY="Manual Test Company" ROLE="Backend Dev" JOB_URL="https://www.naukri.com/job-listings-manual-001" SUBMISSION_RESULT="MANUAL_REQUIRED" HISTORY_WRITE=true OUTCOME_WRITE=true REASON="NONE"
[2026-08-13T09:59:32.809Z] PID=26384 APP_ID="prep_only_01" JOB_ID="prep_only_01" COMPANY="Prep Only Company" ROLE="React Engineer" JOB_URL="https://www.naukri.com/job-listings-prep-only-01" SUBMISSION_RESULT="MANUAL_REQUIRED" HISTORY_WRITE=true OUTCOME_WRITE=true REASON="NONE"
[2026-08-13T09:59:33.562Z] PID=26384 APP_ID="ext_safety_001" JOB_ID="ext_safety_001" COMPANY="External Corp Safety Test" ROLE="Full Stack Engineer" JOB_URL="https://www.naukri.com/job-listings-ext-safety-001" SUBMISSION_RESULT="MANUAL_REQUIRED" HISTORY_WRITE=true OUTCOME_WRITE=true REASON="NONE"
[2026-08-13T09:59:34.134Z] PID=26384 APP_ID="be6497dbdc" JOB_ID="be6497dbdc" COMPANY="The Glove" ROLE="Mern Stack Developer" JOB_URL="https://www.naukri.com/job-listings-mern-stack-developer-the-glove-bengaluru-india-3-to-8-years-110826030677" SUBMISSION_RESULT="MANUAL_REQUIRED" HISTORY_WRITE=true OUTCOME_WRITE=true REASON="NONE"
[2026-08-13T09:59:34.179Z] PID=26384 APP_ID="sub_test_01" JOB_ID="sub_test_01" COMPANY="Submitted Test Company" ROLE="Backend Dev" JOB_URL="https://www.naukri.com/job-listings-sub-test-01" SUBMISSION_RESULT="ALREADY_APPLIED" HISTORY_WRITE=true OUTCOME_WRITE=true REASON="NONE"
[2026-08-13T09:59:34.242Z] PID=26384 APP_ID="57f713042c" JOB_ID="57f713042c" COMPANY="Vbeyond Corporation" ROLE="Mern Stack Developer" JOB_URL="https://www.naukri.com/job-listings-mern-stack-developer-vbeyond-corporation-bengaluru-india-3-to-8-years-110826030691" SUBMISSION_RESULT="MANUAL_REQUIRED" HISTORY_WRITE=true OUTCOME_WRITE=true REASON="NONE"
[2026-08-13T10:01:19.952Z] PID=25452 APP_ID="771e1e6422" JOB_ID="771e1e6422" COMPANY="jobaaj" ROLE="Software Developer MERN Stack" JOB_URL="https://www.naukri.com/job-listings-software-developer-mern-stack-jobaaj-1-to-3-years-TEST001" SUBMISSION_RESULT="SUBMITTED" HISTORY_WRITE=true OUTCOME_WRITE=true REASON="NONE"
[2026-08-13T10:01:21.100Z] PID=25452 APP_ID="ext_safety_001" JOB_ID="ext_safety_001" COMPANY="External Corp Safety Test" ROLE="Full Stack Engineer" JOB_URL="https://www.naukri.com/job-listings-ext-safety-001" SUBMISSION_RESULT="MANUAL_REQUIRED" HISTORY_WRITE=true OUTCOME_WRITE=true REASON="NONE"
[2026-08-13T10:01:23.889Z] PID=25452 APP_ID="57f713042c" JOB_ID="57f713042c" COMPANY="Vbeyond Corporation Test" ROLE="Mern Stack Developer" JOB_URL="https://www.naukri.com/job-listings-vbeyond-57f713042c" SUBMISSION_RESULT="MANUAL_REQUIRED" HISTORY_WRITE=true OUTCOME_WRITE=true REASON="NONE"
[2026-08-13T10:01:24.610Z] PID=25452 APP_ID="be6497dbdc" JOB_ID="be6497dbdc" COMPANY="The Glove" ROLE="Mern Stack Developer" JOB_URL="https://www.naukri.com/job-listings-mern-stack-developer-the-glove-bengaluru-india-3-to-8-years-110826030677" SUBMISSION_RESULT="MANUAL_REQUIRED" HISTORY_WRITE=true OUTCOME_WRITE=true REASON="NONE"
[2026-08-13T10:01:24.657Z] PID=25452 APP_ID="manual_001" JOB_ID="manual_001" COMPANY="Manual Test Company" ROLE="Backend Dev" JOB_URL="https://www.naukri.com/job-listings-manual-001" SUBMISSION_RESULT="MANUAL_REQUIRED" HISTORY_WRITE=true OUTCOME_WRITE=true REASON="NONE"
[2026-08-13T10:01:24.708Z] PID=25452 APP_ID="prep_only_01" JOB_ID="prep_only_01" COMPANY="Prep Only Company" ROLE="React Engineer" JOB_URL="https://www.naukri.com/job-listings-prep-only-01" SUBMISSION_RESULT="MANUAL_REQUIRED" HISTORY_WRITE=true OUTCOME_WRITE=true REASON="NONE"
[2026-08-13T10:01:25.351Z] PID=25452 APP_ID="be6497dbdc" JOB_ID="be6497dbdc" COMPANY="The Glove" ROLE="Mern Stack Developer" JOB_URL="https://www.naukri.com/job-listings-mern-stack-developer-the-glove-bengaluru-india-3-to-8-years-110826030677" SUBMISSION_RESULT="MANUAL_REQUIRED" HISTORY_WRITE=true OUTCOME_WRITE=true REASON="NONE"
[2026-08-13T10:01:25.400Z] PID=25452 APP_ID="sub_test_01" JOB_ID="sub_test_01" COMPANY="Submitted Test Company" ROLE="Backend Dev" JOB_URL="https://www.naukri.com/job-listings-sub-test-01" SUBMISSION_RESULT="ALREADY_APPLIED" HISTORY_WRITE=true OUTCOME_WRITE=true REASON="NONE"
[2026-08-13T10:01:25.455Z] PID=25452 APP_ID="57f713042c" JOB_ID="57f713042c" COMPANY="Vbeyond Corporation" ROLE="Mern Stack Developer" JOB_URL="https://www.naukri.com/job-listings-mern-stack-developer-vbeyond-corporation-bengaluru-india-3-to-8-years-110826030691" SUBMISSION_RESULT="MANUAL_REQUIRED" HISTORY_WRITE=true OUTCOME_WRITE=true REASON="NONE"
[2026-08-13T10:01:26.314Z] PID=25452 APP_ID="test_ext_456" JOB_ID="test_ext_456" COMPANY="External Company" ROLE="Backend Engineer" JOB_URL="https://www.naukri.com/job-listings-external-dev-456" SUBMISSION_RESULT="MANUAL_REQUIRED" HISTORY_WRITE=true OUTCOME_WRITE=true REASON="NONE"
[2026-08-13T10:01:26.374Z] PID=25452 APP_ID="test_easy_123" JOB_ID="test_easy_123" COMPANY="Easy Company" ROLE="Full Stack Developer" JOB_URL="https://www.naukri.com/job-listings-easy-dev-123" SUBMISSION_RESULT="WAITING_CONFIRMATION" HISTORY_WRITE=true OUTCOME_WRITE=true REASON="NONE"
[2026-08-13T10:01:26.424Z] PID=25452 APP_ID="test_easy_123" JOB_ID="test_easy_123" COMPANY="Easy Company" ROLE="Full Stack Developer" JOB_URL="https://www.naukri.com/job-listings-easy-dev-123" SUBMISSION_RESULT="SUBMITTED" HISTORY_WRITE=true OUTCOME_WRITE=true REASON="NONE"
[2026-08-13T10:01:27.650Z] PID=25452 APP_ID="ext_test_999" JOB_ID="ext_test_999" COMPANY="The Glove Test Company" ROLE="Mern Stack Developer" JOB_URL="https://www.naukri.com/job-listings-mern-stack-developer-the-glove-ext-999" SUBMISSION_RESULT="MANUAL_REQUIRED" HISTORY_WRITE=true OUTCOME_WRITE=true REASON="NONE"
[2026-08-13T10:04:38.642Z] PID=24912 APP_ID="771e1e6422" JOB_ID="771e1e6422" COMPANY="jobaaj" ROLE="Software Developer MERN Stack" JOB_URL="https://www.naukri.com/job-listings-software-developer-mern-stack-jobaaj-1-to-3-years-TEST001" SUBMISSION_RESULT="SUBMITTED" HISTORY_WRITE=true OUTCOME_WRITE=true REASON="NONE"
[2026-08-13T10:04:39.372Z] PID=24912 APP_ID="test_ext_456" JOB_ID="test_ext_456" COMPANY="External Company" ROLE="Backend Engineer" JOB_URL="https://www.naukri.com/job-listings-external-dev-456" SUBMISSION_RESULT="MANUAL_REQUIRED" HISTORY_WRITE=true OUTCOME_WRITE=true REASON="NONE"
[2026-08-13T10:04:39.422Z] PID=24912 APP_ID="test_easy_123" JOB_ID="test_easy_123" COMPANY="Easy Company" ROLE="Full Stack Developer" JOB_URL="https://www.naukri.com/job-listings-easy-dev-123" SUBMISSION_RESULT="WAITING_CONFIRMATION" HISTORY_WRITE=true OUTCOME_WRITE=true REASON="NONE"
[2026-08-13T10:04:39.454Z] PID=24912 APP_ID="test_easy_123" JOB_ID="test_easy_123" COMPANY="Easy Company" ROLE="Full Stack Developer" JOB_URL="https://www.naukri.com/job-listings-easy-dev-123" SUBMISSION_RESULT="SUBMITTED" HISTORY_WRITE=true OUTCOME_WRITE=true REASON="NONE"
[2026-08-13T10:04:40.038Z] PID=24912 APP_ID="be6497dbdc" JOB_ID="be6497dbdc" COMPANY="The Glove" ROLE="Mern Stack Developer" JOB_URL="https://www.naukri.com/job-listings-mern-stack-developer-the-glove-bengaluru-india-3-to-8-years-110826030677" SUBMISSION_RESULT="MANUAL_REQUIRED" HISTORY_WRITE=true OUTCOME_WRITE=true REASON="NONE"
[2026-08-13T10:04:40.072Z] PID=24912 APP_ID="manual_001" JOB_ID="manual_001" COMPANY="Manual Test Company" ROLE="Backend Dev" JOB_URL="https://www.naukri.com/job-listings-manual-001" SUBMISSION_RESULT="MANUAL_REQUIRED" HISTORY_WRITE=true OUTCOME_WRITE=true REASON="NONE"
[2026-08-13T10:04:40.106Z] PID=24912 APP_ID="prep_only_01" JOB_ID="prep_only_01" COMPANY="Prep Only Company" ROLE="React Engineer" JOB_URL="https://www.naukri.com/job-listings-prep-only-01" SUBMISSION_RESULT="MANUAL_REQUIRED" HISTORY_WRITE=true OUTCOME_WRITE=true REASON="NONE"
[2026-08-13T10:04:41.597Z] PID=24912 APP_ID="57f713042c" JOB_ID="57f713042c" COMPANY="Vbeyond Corporation Test" ROLE="Mern Stack Developer" JOB_URL="https://www.naukri.com/job-listings-vbeyond-57f713042c" SUBMISSION_RESULT="MANUAL_REQUIRED" HISTORY_WRITE=true OUTCOME_WRITE=true REASON="NONE"
[2026-08-13T10:04:42.271Z] PID=24912 APP_ID="be6497dbdc" JOB_ID="be6497dbdc" COMPANY="The Glove" ROLE="Mern Stack Developer" JOB_URL="https://www.naukri.com/job-listings-mern-stack-developer-the-glove-bengaluru-india-3-to-8-years-110826030677" SUBMISSION_RESULT="MANUAL_REQUIRED" HISTORY_WRITE=true OUTCOME_WRITE=true REASON="NONE"
[2026-08-13T10:04:42.315Z] PID=24912 APP_ID="sub_test_01" JOB_ID="sub_test_01" COMPANY="Submitted Test Company" ROLE="Backend Dev" JOB_URL="https://www.naukri.com/job-listings-sub-test-01" SUBMISSION_RESULT="ALREADY_APPLIED" HISTORY_WRITE=true OUTCOME_WRITE=true REASON="NONE"
[2026-08-13T10:04:42.360Z] PID=24912 APP_ID="57f713042c" JOB_ID="57f713042c" COMPANY="Vbeyond Corporation" ROLE="Mern Stack Developer" JOB_URL="https://www.naukri.com/job-listings-mern-stack-developer-vbeyond-corporation-bengaluru-india-3-to-8-years-110826030691" SUBMISSION_RESULT="MANUAL_REQUIRED" HISTORY_WRITE=true OUTCOME_WRITE=true REASON="NONE"
[2026-08-13T10:04:43.097Z] PID=24912 APP_ID="ext_safety_001" JOB_ID="ext_safety_001" COMPANY="External Corp Safety Test" ROLE="Full Stack Engineer" JOB_URL="https://www.naukri.com/job-listings-ext-safety-001" SUBMISSION_RESULT="MANUAL_REQUIRED" HISTORY_WRITE=true OUTCOME_WRITE=true REASON="NONE"
[2026-08-13T10:04:44.437Z] PID=24912 APP_ID="ext_test_999" JOB_ID="ext_test_999" COMPANY="The Glove Test Company" ROLE="Mern Stack Developer" JOB_URL="https://www.naukri.com/job-listings-mern-stack-developer-the-glove-ext-999" SUBMISSION_RESULT="MANUAL_REQUIRED" HISTORY_WRITE=true OUTCOME_WRITE=true REASON="NONE"
[2026-08-13T10:06:02.148Z] PID=12700 APP_ID="771e1e6422" JOB_ID="771e1e6422" COMPANY="jobaaj" ROLE="Software Developer MERN Stack" JOB_URL="https://www.naukri.com/job-listings-software-developer-mern-stack-jobaaj-1-to-3-years-TEST001" SUBMISSION_RESULT="SUBMITTED" HISTORY_WRITE=true OUTCOME_WRITE=true REASON="NONE"
[2026-08-13T10:06:02.912Z] PID=12700 APP_ID="57f713042c" JOB_ID="57f713042c" COMPANY="Vbeyond Corporation Test" ROLE="Mern Stack Developer" JOB_URL="https://www.naukri.com/job-listings-vbeyond-57f713042c" SUBMISSION_RESULT="MANUAL_REQUIRED" HISTORY_WRITE=true OUTCOME_WRITE=true REASON="NONE"
[2026-08-13T10:06:03.620Z] PID=12700 APP_ID="test_ext_456" JOB_ID="test_ext_456" COMPANY="External Company" ROLE="Backend Engineer" JOB_URL="https://www.naukri.com/job-listings-external-dev-456" SUBMISSION_RESULT="MANUAL_REQUIRED" HISTORY_WRITE=true OUTCOME_WRITE=true REASON="NONE"
[2026-08-13T10:06:03.676Z] PID=12700 APP_ID="test_easy_123" JOB_ID="test_easy_123" COMPANY="Easy Company" ROLE="Full Stack Developer" JOB_URL="https://www.naukri.com/job-listings-easy-dev-123" SUBMISSION_RESULT="WAITING_CONFIRMATION" HISTORY_WRITE=true OUTCOME_WRITE=true REASON="NONE"
[2026-08-13T10:06:03.711Z] PID=12700 APP_ID="test_easy_123" JOB_ID="test_easy_123" COMPANY="Easy Company" ROLE="Full Stack Developer" JOB_URL="https://www.naukri.com/job-listings-easy-dev-123" SUBMISSION_RESULT="SUBMITTED" HISTORY_WRITE=true OUTCOME_WRITE=true REASON="NONE"
[2026-08-13T10:06:04.309Z] PID=12700 APP_ID="be6497dbdc" JOB_ID="be6497dbdc" COMPANY="The Glove" ROLE="Mern Stack Developer" JOB_URL="https://www.naukri.com/job-listings-mern-stack-developer-the-glove-bengaluru-india-3-to-8-years-110826030677" SUBMISSION_RESULT="MANUAL_REQUIRED" HISTORY_WRITE=true OUTCOME_WRITE=true REASON="NONE"
[2026-08-13T10:06:04.346Z] PID=12700 APP_ID="sub_test_01" JOB_ID="sub_test_01" COMPANY="Submitted Test Company" ROLE="Backend Dev" JOB_URL="https://www.naukri.com/job-listings-sub-test-01" SUBMISSION_RESULT="ALREADY_APPLIED" HISTORY_WRITE=true OUTCOME_WRITE=true REASON="NONE"
[2026-08-13T10:06:04.384Z] PID=12700 APP_ID="57f713042c" JOB_ID="57f713042c" COMPANY="Vbeyond Corporation" ROLE="Mern Stack Developer" JOB_URL="https://www.naukri.com/job-listings-mern-stack-developer-vbeyond-corporation-bengaluru-india-3-to-8-years-110826030691" SUBMISSION_RESULT="MANUAL_REQUIRED" HISTORY_WRITE=true OUTCOME_WRITE=true REASON="NONE"
[2026-08-13T10:06:05.180Z] PID=12700 APP_ID="ext_safety_001" JOB_ID="ext_safety_001" COMPANY="External Corp Safety Test" ROLE="Full Stack Engineer" JOB_URL="https://www.naukri.com/job-listings-ext-safety-001" SUBMISSION_RESULT="MANUAL_REQUIRED" HISTORY_WRITE=true OUTCOME_WRITE=true REASON="NONE"
[2026-08-13T10:06:06.586Z] PID=12700 APP_ID="ext_test_999" JOB_ID="ext_test_999" COMPANY="The Glove Test Company" ROLE="Mern Stack Developer" JOB_URL="https://www.naukri.com/job-listings-mern-stack-developer-the-glove-ext-999" SUBMISSION_RESULT="MANUAL_REQUIRED" HISTORY_WRITE=true OUTCOME_WRITE=true REASON="NONE"
[2026-08-13T10:06:08.043Z] PID=12700 APP_ID="be6497dbdc" JOB_ID="be6497dbdc" COMPANY="The Glove" ROLE="Mern Stack Developer" JOB_URL="https://www.naukri.com/job-listings-mern-stack-developer-the-glove-bengaluru-india-3-to-8-years-110826030677" SUBMISSION_RESULT="MANUAL_REQUIRED" HISTORY_WRITE=true OUTCOME_WRITE=true REASON="NONE"
[2026-08-13T10:06:08.090Z] PID=12700 APP_ID="manual_001" JOB_ID="manual_001" COMPANY="Manual Test Company" ROLE="Backend Dev" JOB_URL="https://www.naukri.com/job-listings-manual-001" SUBMISSION_RESULT="MANUAL_REQUIRED" HISTORY_WRITE=true OUTCOME_WRITE=true REASON="NONE"
[2026-08-13T10:06:08.127Z] PID=12700 APP_ID="prep_only_01" JOB_ID="prep_only_01" COMPANY="Prep Only Company" ROLE="React Engineer" JOB_URL="https://www.naukri.com/job-listings-prep-only-01" SUBMISSION_RESULT="MANUAL_REQUIRED" HISTORY_WRITE=true OUTCOME_WRITE=true REASON="NONE"
[2026-08-13T10:08:55.677Z] PID=13488 APP_ID="771e1e6422" JOB_ID="771e1e6422" COMPANY="jobaaj" ROLE="Software Developer MERN Stack" JOB_URL="https://www.naukri.com/job-listings-software-developer-mern-stack-jobaaj-1-to-3-years-TEST001" SUBMISSION_RESULT="SUBMITTED" HISTORY_WRITE=true OUTCOME_WRITE=true REASON="NONE"
[2026-08-13T10:08:57.115Z] PID=13488 APP_ID="be6497dbdc" JOB_ID="be6497dbdc" COMPANY="The Glove" ROLE="Mern Stack Developer" JOB_URL="https://www.naukri.com/job-listings-mern-stack-developer-the-glove-bengaluru-india-3-to-8-years-110826030677" SUBMISSION_RESULT="MANUAL_REQUIRED" HISTORY_WRITE=true OUTCOME_WRITE=true REASON="NONE"
[2026-08-13T10:08:57.162Z] PID=13488 APP_ID="manual_001" JOB_ID="manual_001" COMPANY="Manual Test Company" ROLE="Backend Dev" JOB_URL="https://www.naukri.com/job-listings-manual-001" SUBMISSION_RESULT="MANUAL_REQUIRED" HISTORY_WRITE=true OUTCOME_WRITE=true REASON="NONE"
[2026-08-13T10:08:57.201Z] PID=13488 APP_ID="prep_only_01" JOB_ID="prep_only_01" COMPANY="Prep Only Company" ROLE="React Engineer" JOB_URL="https://www.naukri.com/job-listings-prep-only-01" SUBMISSION_RESULT="MANUAL_REQUIRED" HISTORY_WRITE=true OUTCOME_WRITE=true REASON="NONE"
[2026-08-13T10:08:58.011Z] PID=13488 APP_ID="ext_safety_001" JOB_ID="ext_safety_001" COMPANY="External Corp Safety Test" ROLE="Full Stack Engineer" JOB_URL="https://www.naukri.com/job-listings-ext-safety-001" SUBMISSION_RESULT="MANUAL_REQUIRED" HISTORY_WRITE=true OUTCOME_WRITE=true REASON="NONE"
[2026-08-13T10:08:58.863Z] PID=13488 APP_ID="57f713042c" JOB_ID="57f713042c" COMPANY="Vbeyond Corporation Test" ROLE="Mern Stack Developer" JOB_URL="https://www.naukri.com/job-listings-vbeyond-57f713042c" SUBMISSION_RESULT="MANUAL_REQUIRED" HISTORY_WRITE=true OUTCOME_WRITE=true REASON="NONE"
[2026-08-13T10:08:59.686Z] PID=13488 APP_ID="test_ext_456" JOB_ID="test_ext_456" COMPANY="External Company" ROLE="Backend Engineer" JOB_URL="https://www.naukri.com/job-listings-external-dev-456" SUBMISSION_RESULT="MANUAL_REQUIRED" HISTORY_WRITE=true OUTCOME_WRITE=true REASON="NONE"
[2026-08-13T10:08:59.744Z] PID=13488 APP_ID="test_easy_123" JOB_ID="test_easy_123" COMPANY="Easy Company" ROLE="Full Stack Developer" JOB_URL="https://www.naukri.com/job-listings-easy-dev-123" SUBMISSION_RESULT="WAITING_CONFIRMATION" HISTORY_WRITE=true OUTCOME_WRITE=true REASON="NONE"
[2026-08-13T10:08:59.785Z] PID=13488 APP_ID="test_easy_123" JOB_ID="test_easy_123" COMPANY="Easy Company" ROLE="Full Stack Developer" JOB_URL="https://www.naukri.com/job-listings-easy-dev-123" SUBMISSION_RESULT="SUBMITTED" HISTORY_WRITE=true OUTCOME_WRITE=true REASON="NONE"
[2026-08-13T10:09:01.132Z] PID=13488 APP_ID="be6497dbdc" JOB_ID="be6497dbdc" COMPANY="The Glove" ROLE="Mern Stack Developer" JOB_URL="https://www.naukri.com/job-listings-mern-stack-developer-the-glove-bengaluru-india-3-to-8-years-110826030677" SUBMISSION_RESULT="MANUAL_REQUIRED" HISTORY_WRITE=true OUTCOME_WRITE=true REASON="NONE"
[2026-08-13T10:09:01.174Z] PID=13488 APP_ID="sub_test_01" JOB_ID="sub_test_01" COMPANY="Submitted Test Company" ROLE="Backend Dev" JOB_URL="https://www.naukri.com/job-listings-sub-test-01" SUBMISSION_RESULT="ALREADY_APPLIED" HISTORY_WRITE=true OUTCOME_WRITE=true REASON="NONE"
[2026-08-13T10:09:01.225Z] PID=13488 APP_ID="57f713042c" JOB_ID="57f713042c" COMPANY="Vbeyond Corporation" ROLE="Mern Stack Developer" JOB_URL="https://www.naukri.com/job-listings-mern-stack-developer-vbeyond-corporation-bengaluru-india-3-to-8-years-110826030691" SUBMISSION_RESULT="MANUAL_REQUIRED" HISTORY_WRITE=true OUTCOME_WRITE=true REASON="NONE"
[2026-08-13T10:09:02.607Z] PID=13488 APP_ID="ext_test_999" JOB_ID="ext_test_999" COMPANY="The Glove Test Company" ROLE="Mern Stack Developer" JOB_URL="https://www.naukri.com/job-listings-mern-stack-developer-the-glove-ext-999" SUBMISSION_RESULT="MANUAL_REQUIRED" HISTORY_WRITE=true OUTCOME_WRITE=true REASON="NONE"
[2026-08-13T10:19:46.084Z] PID=3644 APP_ID="771e1e6422" JOB_ID="771e1e6422" COMPANY="jobaaj" ROLE="Software Developer MERN Stack" JOB_URL="https://www.naukri.com/job-listings-software-developer-mern-stack-jobaaj-1-to-3-years-TEST001" SUBMISSION_RESULT="SUBMITTED" HISTORY_WRITE=true OUTCOME_WRITE=true REASON="NONE"
[2026-08-13T10:19:46.719Z] PID=3644 APP_ID="test_ext_456" JOB_ID="test_ext_456" COMPANY="External Company" ROLE="Backend Engineer" JOB_URL="https://www.naukri.com/job-listings-external-dev-456" SUBMISSION_RESULT="MANUAL_REQUIRED" HISTORY_WRITE=true OUTCOME_WRITE=true REASON="NONE"
[2026-08-13T10:19:46.785Z] PID=3644 APP_ID="test_easy_123" JOB_ID="test_easy_123" COMPANY="Easy Company" ROLE="Full Stack Developer" JOB_URL="https://www.naukri.com/job-listings-easy-dev-123" SUBMISSION_RESULT="WAITING_CONFIRMATION" HISTORY_WRITE=true OUTCOME_WRITE=true REASON="NONE"
[2026-08-13T10:19:46.815Z] PID=3644 APP_ID="test_easy_123" JOB_ID="test_easy_123" COMPANY="Easy Company" ROLE="Full Stack Developer" JOB_URL="https://www.naukri.com/job-listings-easy-dev-123" SUBMISSION_RESULT="SUBMITTED" HISTORY_WRITE=true OUTCOME_WRITE=true REASON="NONE"
[2026-08-13T10:19:47.675Z] PID=3644 APP_ID="ext_safety_001" JOB_ID="ext_safety_001" COMPANY="External Corp Safety Test" ROLE="Full Stack Engineer" JOB_URL="https://www.naukri.com/job-listings-ext-safety-001" SUBMISSION_RESULT="MANUAL_REQUIRED" HISTORY_WRITE=true OUTCOME_WRITE=true REASON="NONE"
[2026-08-13T10:19:48.486Z] PID=3644 APP_ID="57f713042c" JOB_ID="57f713042c" COMPANY="Vbeyond Corporation Test" ROLE="Mern Stack Developer" JOB_URL="https://www.naukri.com/job-listings-vbeyond-57f713042c" SUBMISSION_RESULT="MANUAL_REQUIRED" HISTORY_WRITE=true OUTCOME_WRITE=true REASON="NONE"
[2026-08-13T10:19:49.117Z] PID=3644 APP_ID="be6497dbdc" JOB_ID="be6497dbdc" COMPANY="The Glove" ROLE="Mern Stack Developer" JOB_URL="https://www.naukri.com/job-listings-mern-stack-developer-the-glove-bengaluru-india-3-to-8-years-110826030677" SUBMISSION_RESULT="MANUAL_REQUIRED" HISTORY_WRITE=true OUTCOME_WRITE=true REASON="NONE"
[2026-08-13T10:19:49.155Z] PID=3644 APP_ID="manual_001" JOB_ID="manual_001" COMPANY="Manual Test Company" ROLE="Backend Dev" JOB_URL="https://www.naukri.com/job-listings-manual-001" SUBMISSION_RESULT="MANUAL_REQUIRED" HISTORY_WRITE=true OUTCOME_WRITE=true REASON="NONE"
[2026-08-13T10:19:49.196Z] PID=3644 APP_ID="prep_only_01" JOB_ID="prep_only_01" COMPANY="Prep Only Company" ROLE="React Engineer" JOB_URL="https://www.naukri.com/job-listings-prep-only-01" SUBMISSION_RESULT="MANUAL_REQUIRED" HISTORY_WRITE=true OUTCOME_WRITE=true REASON="NONE"
[2026-08-13T10:19:49.834Z] PID=3644 APP_ID="be6497dbdc" JOB_ID="be6497dbdc" COMPANY="The Glove" ROLE="Mern Stack Developer" JOB_URL="https://www.naukri.com/job-listings-mern-stack-developer-the-glove-bengaluru-india-3-to-8-years-110826030677" SUBMISSION_RESULT="MANUAL_REQUIRED" HISTORY_WRITE=true OUTCOME_WRITE=true REASON="NONE"
[2026-08-13T10:19:49.888Z] PID=3644 APP_ID="sub_test_01" JOB_ID="sub_test_01" COMPANY="Submitted Test Company" ROLE="Backend Dev" JOB_URL="https://www.naukri.com/job-listings-sub-test-01" SUBMISSION_RESULT="ALREADY_APPLIED" HISTORY_WRITE=true OUTCOME_WRITE=true REASON="NONE"
[2026-08-13T10:19:49.932Z] PID=3644 APP_ID="57f713042c" JOB_ID="57f713042c" COMPANY="Vbeyond Corporation" ROLE="Mern Stack Developer" JOB_URL="https://www.naukri.com/job-listings-mern-stack-developer-vbeyond-corporation-bengaluru-india-3-to-8-years-110826030691" SUBMISSION_RESULT="MANUAL_REQUIRED" HISTORY_WRITE=true OUTCOME_WRITE=true REASON="NONE"
[2026-08-13T10:19:53.448Z] PID=3644 APP_ID="ext_test_999" JOB_ID="ext_test_999" COMPANY="The Glove Test Company" ROLE="Mern Stack Developer" JOB_URL="https://www.naukri.com/job-listings-mern-stack-developer-the-glove-ext-999" SUBMISSION_RESULT="MANUAL_REQUIRED" HISTORY_WRITE=true OUTCOME_WRITE=true REASON="NONE"
[2026-08-13T10:24:52.293Z] PID=2176 APP_ID="771e1e6422" JOB_ID="771e1e6422" COMPANY="jobaaj" ROLE="Software Developer MERN Stack" JOB_URL="https://www.naukri.com/job-listings-software-developer-mern-stack-jobaaj-1-to-3-years-TEST001" SUBMISSION_RESULT="SUBMITTED" HISTORY_WRITE=true OUTCOME_WRITE=true REASON="NONE"
[2026-08-13T10:24:53.067Z] PID=2176 APP_ID="ext_safety_001" JOB_ID="ext_safety_001" COMPANY="External Corp Safety Test" ROLE="Full Stack Engineer" JOB_URL="https://www.naukri.com/job-listings-ext-safety-001" SUBMISSION_RESULT="MANUAL_REQUIRED" HISTORY_WRITE=true OUTCOME_WRITE=true REASON="NONE"
[2026-08-13T10:24:53.968Z] PID=2176 APP_ID="57f713042c" JOB_ID="57f713042c" COMPANY="Vbeyond Corporation Test" ROLE="Mern Stack Developer" JOB_URL="https://www.naukri.com/job-listings-vbeyond-57f713042c" SUBMISSION_RESULT="MANUAL_REQUIRED" HISTORY_WRITE=true OUTCOME_WRITE=true REASON="NONE"
[2026-08-13T10:24:54.781Z] PID=2176 APP_ID="be6497dbdc" JOB_ID="be6497dbdc" COMPANY="The Glove" ROLE="Mern Stack Developer" JOB_URL="https://www.naukri.com/job-listings-mern-stack-developer-the-glove-bengaluru-india-3-to-8-years-110826030677" SUBMISSION_RESULT="MANUAL_REQUIRED" HISTORY_WRITE=true OUTCOME_WRITE=true REASON="NONE"
[2026-08-13T10:24:54.830Z] PID=2176 APP_ID="sub_test_01" JOB_ID="sub_test_01" COMPANY="Submitted Test Company" ROLE="Backend Dev" JOB_URL="https://www.naukri.com/job-listings-sub-test-01" SUBMISSION_RESULT="ALREADY_APPLIED" HISTORY_WRITE=true OUTCOME_WRITE=true REASON="NONE"
[2026-08-13T10:24:54.879Z] PID=2176 APP_ID="57f713042c" JOB_ID="57f713042c" COMPANY="Vbeyond Corporation" ROLE="Mern Stack Developer" JOB_URL="https://www.naukri.com/job-listings-mern-stack-developer-vbeyond-corporation-bengaluru-india-3-to-8-years-110826030691" SUBMISSION_RESULT="MANUAL_REQUIRED" HISTORY_WRITE=true OUTCOME_WRITE=true REASON="NONE"
[2026-08-13T10:24:57.106Z] PID=2176 APP_ID="test_ext_456" JOB_ID="test_ext_456" COMPANY="External Company" ROLE="Backend Engineer" JOB_URL="https://www.naukri.com/job-listings-external-dev-456" SUBMISSION_RESULT="MANUAL_REQUIRED" HISTORY_WRITE=true OUTCOME_WRITE=true REASON="NONE"
[2026-08-13T10:24:57.168Z] PID=2176 APP_ID="test_easy_123" JOB_ID="test_easy_123" COMPANY="Easy Company" ROLE="Full Stack Developer" JOB_URL="https://www.naukri.com/job-listings-easy-dev-123" SUBMISSION_RESULT="WAITING_CONFIRMATION" HISTORY_WRITE=true OUTCOME_WRITE=true REASON="NONE"
[2026-08-13T10:24:57.200Z] PID=2176 APP_ID="test_easy_123" JOB_ID="test_easy_123" COMPANY="Easy Company" ROLE="Full Stack Developer" JOB_URL="https://www.naukri.com/job-listings-easy-dev-123" SUBMISSION_RESULT="SUBMITTED" HISTORY_WRITE=true OUTCOME_WRITE=true REASON="NONE"
[2026-08-13T10:24:58.032Z] PID=2176 APP_ID="be6497dbdc" JOB_ID="be6497dbdc" COMPANY="The Glove" ROLE="Mern Stack Developer" JOB_URL="https://www.naukri.com/job-listings-mern-stack-developer-the-glove-bengaluru-india-3-to-8-years-110826030677" SUBMISSION_RESULT="MANUAL_REQUIRED" HISTORY_WRITE=true OUTCOME_WRITE=true REASON="NONE"
[2026-08-13T10:24:58.070Z] PID=2176 APP_ID="manual_001" JOB_ID="manual_001" COMPANY="Manual Test Company" ROLE="Backend Dev" JOB_URL="https://www.naukri.com/job-listings-manual-001" SUBMISSION_RESULT="MANUAL_REQUIRED" HISTORY_WRITE=true OUTCOME_WRITE=true REASON="NONE"
[2026-08-13T10:24:58.111Z] PID=2176 APP_ID="prep_only_01" JOB_ID="prep_only_01" COMPANY="Prep Only Company" ROLE="React Engineer" JOB_URL="https://www.naukri.com/job-listings-prep-only-01" SUBMISSION_RESULT="MANUAL_REQUIRED" HISTORY_WRITE=true OUTCOME_WRITE=true REASON="NONE"
[2026-08-13T10:25:00.282Z] PID=2176 APP_ID="ext_test_999" JOB_ID="ext_test_999" COMPANY="The Glove Test Company" ROLE="Mern Stack Developer" JOB_URL="https://www.naukri.com/job-listings-mern-stack-developer-the-glove-ext-999" SUBMISSION_RESULT="MANUAL_REQUIRED" HISTORY_WRITE=true OUTCOME_WRITE=true REASON="NONE"
[2026-08-13T10:43:56.059Z] PID=14560 APP_ID="771e1e6422" JOB_ID="771e1e6422" COMPANY="jobaaj" ROLE="Software Developer MERN Stack" JOB_URL="https://www.naukri.com/job-listings-software-developer-mern-stack-jobaaj-1-to-3-years-TEST001" SUBMISSION_RESULT="SUBMITTED" HISTORY_WRITE=true OUTCOME_WRITE=true REASON="NONE"
[2026-08-13T10:43:57.557Z] PID=14560 APP_ID="57f713042c" JOB_ID="57f713042c" COMPANY="Vbeyond Corporation Test" ROLE="Mern Stack Developer" JOB_URL="https://www.naukri.com/job-listings-vbeyond-57f713042c" SUBMISSION_RESULT="MANUAL_REQUIRED" HISTORY_WRITE=true OUTCOME_WRITE=true REASON="NONE"
[2026-08-13T10:43:58.207Z] PID=14560 APP_ID="be6497dbdc" JOB_ID="be6497dbdc" COMPANY="The Glove" ROLE="Mern Stack Developer" JOB_URL="https://www.naukri.com/job-listings-mern-stack-developer-the-glove-bengaluru-india-3-to-8-years-110826030677" SUBMISSION_RESULT="MANUAL_REQUIRED" HISTORY_WRITE=true OUTCOME_WRITE=true REASON="NONE"
[2026-08-13T10:43:58.246Z] PID=14560 APP_ID="manual_001" JOB_ID="manual_001" COMPANY="Manual Test Company" ROLE="Backend Dev" JOB_URL="https://www.naukri.com/job-listings-manual-001" SUBMISSION_RESULT="MANUAL_REQUIRED" HISTORY_WRITE=true OUTCOME_WRITE=true REASON="NONE"
[2026-08-13T10:43:58.285Z] PID=14560 APP_ID="prep_only_01" JOB_ID="prep_only_01" COMPANY="Prep Only Company" ROLE="React Engineer" JOB_URL="https://www.naukri.com/job-listings-prep-only-01" SUBMISSION_RESULT="MANUAL_REQUIRED" HISTORY_WRITE=true OUTCOME_WRITE=true REASON="NONE"
[2026-08-13T10:43:58.882Z] PID=14560 APP_ID="be6497dbdc" JOB_ID="be6497dbdc" COMPANY="The Glove" ROLE="Mern Stack Developer" JOB_URL="https://www.naukri.com/job-listings-mern-stack-developer-the-glove-bengaluru-india-3-to-8-years-110826030677" SUBMISSION_RESULT="MANUAL_REQUIRED" HISTORY_WRITE=true OUTCOME_WRITE=true REASON="NONE"
[2026-08-13T10:43:58.920Z] PID=14560 APP_ID="sub_test_01" JOB_ID="sub_test_01" COMPANY="Submitted Test Company" ROLE="Backend Dev" JOB_URL="https://www.naukri.com/job-listings-sub-test-01" SUBMISSION_RESULT="ALREADY_APPLIED" HISTORY_WRITE=true OUTCOME_WRITE=true REASON="NONE"
[2026-08-13T10:43:58.995Z] PID=14560 APP_ID="57f713042c" JOB_ID="57f713042c" COMPANY="Vbeyond Corporation" ROLE="Mern Stack Developer" JOB_URL="https://www.naukri.com/job-listings-mern-stack-developer-vbeyond-corporation-bengaluru-india-3-to-8-years-110826030691" SUBMISSION_RESULT="MANUAL_REQUIRED" HISTORY_WRITE=true OUTCOME_WRITE=true REASON="NONE"
[2026-08-13T10:43:59.752Z] PID=14560 APP_ID="test_ext_456" JOB_ID="test_ext_456" COMPANY="External Company" ROLE="Backend Engineer" JOB_URL="https://www.naukri.com/job-listings-external-dev-456" SUBMISSION_RESULT="MANUAL_REQUIRED" HISTORY_WRITE=true OUTCOME_WRITE=true REASON="NONE"
[2026-08-13T10:43:59.809Z] PID=14560 APP_ID="test_easy_123" JOB_ID="test_easy_123" COMPANY="Easy Company" ROLE="Full Stack Developer" JOB_URL="https://www.naukri.com/job-listings-easy-dev-123" SUBMISSION_RESULT="WAITING_CONFIRMATION" HISTORY_WRITE=true OUTCOME_WRITE=true REASON="NONE"
[2026-08-13T10:43:59.842Z] PID=14560 APP_ID="test_easy_123" JOB_ID="test_easy_123" COMPANY="Easy Company" ROLE="Full Stack Developer" JOB_URL="https://www.naukri.com/job-listings-easy-dev-123" SUBMISSION_RESULT="SUBMITTED" HISTORY_WRITE=true OUTCOME_WRITE=true REASON="NONE"
[2026-08-13T10:44:01.847Z] PID=14560 APP_ID="ext_safety_001" JOB_ID="ext_safety_001" COMPANY="External Corp Safety Test" ROLE="Full Stack Engineer" JOB_URL="https://www.naukri.com/job-listings-ext-safety-001" SUBMISSION_RESULT="MANUAL_REQUIRED" HISTORY_WRITE=true OUTCOME_WRITE=true REASON="NONE"
[2026-08-13T10:44:03.273Z] PID=14560 APP_ID="ext_test_999" JOB_ID="ext_test_999" COMPANY="The Glove Test Company" ROLE="Mern Stack Developer" JOB_URL="https://www.naukri.com/job-listings-mern-stack-developer-the-glove-ext-999" SUBMISSION_RESULT="MANUAL_REQUIRED" HISTORY_WRITE=true OUTCOME_WRITE=true REASON="NONE"
[2026-08-13T10:47:19.886Z] PID=8040 APP_ID="771e1e6422" JOB_ID="771e1e6422" COMPANY="jobaaj" ROLE="Software Developer MERN Stack" JOB_URL="https://www.naukri.com/job-listings-software-developer-mern-stack-jobaaj-1-to-3-years-TEST001" SUBMISSION_RESULT="SUBMITTED" HISTORY_WRITE=true OUTCOME_WRITE=true REASON="NONE"
[2026-08-13T10:47:22.181Z] PID=8040 APP_ID="57f713042c" JOB_ID="57f713042c" COMPANY="Vbeyond Corporation Test" ROLE="Mern Stack Developer" JOB_URL="https://www.naukri.com/job-listings-vbeyond-57f713042c" SUBMISSION_RESULT="MANUAL_REQUIRED" HISTORY_WRITE=true OUTCOME_WRITE=true REASON="NONE"
[2026-08-13T10:47:22.887Z] PID=8040 APP_ID="ext_test_999" JOB_ID="ext_test_999" COMPANY="The Glove Test Company" ROLE="Mern Stack Developer" JOB_URL="https://www.naukri.com/job-listings-mern-stack-developer-the-glove-ext-999" SUBMISSION_RESULT="MANUAL_REQUIRED" HISTORY_WRITE=true OUTCOME_WRITE=true REASON="NONE"
[2026-08-13T10:47:23.551Z] PID=8040 APP_ID="test_ext_456" JOB_ID="test_ext_456" COMPANY="External Company" ROLE="Backend Engineer" JOB_URL="https://www.naukri.com/job-listings-external-dev-456" SUBMISSION_RESULT="MANUAL_REQUIRED" HISTORY_WRITE=true OUTCOME_WRITE=true REASON="NONE"
[2026-08-13T10:47:23.604Z] PID=8040 APP_ID="test_easy_123" JOB_ID="test_easy_123" COMPANY="Easy Company" ROLE="Full Stack Developer" JOB_URL="https://www.naukri.com/job-listings-easy-dev-123" SUBMISSION_RESULT="WAITING_CONFIRMATION" HISTORY_WRITE=true OUTCOME_WRITE=true REASON="NONE"
[2026-08-13T10:47:23.649Z] PID=8040 APP_ID="test_easy_123" JOB_ID="test_easy_123" COMPANY="Easy Company" ROLE="Full Stack Developer" JOB_URL="https://www.naukri.com/job-listings-easy-dev-123" SUBMISSION_RESULT="SUBMITTED" HISTORY_WRITE=true OUTCOME_WRITE=true REASON="NONE"
[2026-08-13T10:47:24.716Z] PID=8040 APP_ID="be6497dbdc" JOB_ID="be6497dbdc" COMPANY="The Glove" ROLE="Mern Stack Developer" JOB_URL="https://www.naukri.com/job-listings-mern-stack-developer-the-glove-bengaluru-india-3-to-8-years-110826030677" SUBMISSION_RESULT="MANUAL_REQUIRED" HISTORY_WRITE=true OUTCOME_WRITE=true REASON="NONE"
[2026-08-13T10:47:24.777Z] PID=8040 APP_ID="sub_test_01" JOB_ID="sub_test_01" COMPANY="Submitted Test Company" ROLE="Backend Dev" JOB_URL="https://www.naukri.com/job-listings-sub-test-01" SUBMISSION_RESULT="ALREADY_APPLIED" HISTORY_WRITE=true OUTCOME_WRITE=true REASON="NONE"
[2026-08-13T10:47:24.851Z] PID=8040 APP_ID="57f713042c" JOB_ID="57f713042c" COMPANY="Vbeyond Corporation" ROLE="Mern Stack Developer" JOB_URL="https://www.naukri.com/job-listings-mern-stack-developer-vbeyond-corporation-bengaluru-india-3-to-8-years-110826030691" SUBMISSION_RESULT="MANUAL_REQUIRED" HISTORY_WRITE=true OUTCOME_WRITE=true REASON="NONE"
[2026-08-13T10:47:26.652Z] PID=8040 APP_ID="ext_safety_001" JOB_ID="ext_safety_001" COMPANY="External Corp Safety Test" ROLE="Full Stack Engineer" JOB_URL="https://www.naukri.com/job-listings-ext-safety-001" SUBMISSION_RESULT="MANUAL_REQUIRED" HISTORY_WRITE=true OUTCOME_WRITE=true REASON="NONE"
[2026-08-13T10:47:27.460Z] PID=8040 APP_ID="be6497dbdc" JOB_ID="be6497dbdc" COMPANY="The Glove" ROLE="Mern Stack Developer" JOB_URL="https://www.naukri.com/job-listings-mern-stack-developer-the-glove-bengaluru-india-3-to-8-years-110826030677" SUBMISSION_RESULT="MANUAL_REQUIRED" HISTORY_WRITE=true OUTCOME_WRITE=true REASON="NONE"
[2026-08-13T10:47:27.509Z] PID=8040 APP_ID="manual_001" JOB_ID="manual_001" COMPANY="Manual Test Company" ROLE="Backend Dev" JOB_URL="https://www.naukri.com/job-listings-manual-001" SUBMISSION_RESULT="MANUAL_REQUIRED" HISTORY_WRITE=true OUTCOME_WRITE=true REASON="NONE"
[2026-08-13T10:47:27.567Z] PID=8040 APP_ID="prep_only_01" JOB_ID="prep_only_01" COMPANY="Prep Only Company" ROLE="React Engineer" JOB_URL="https://www.naukri.com/job-listings-prep-only-01" SUBMISSION_RESULT="MANUAL_REQUIRED" HISTORY_WRITE=true OUTCOME_WRITE=true REASON="NONE"
[2026-08-13T10:50:23.873Z] PID=8748 APP_ID="771e1e6422" JOB_ID="771e1e6422" COMPANY="jobaaj" ROLE="Software Developer MERN Stack" JOB_URL="https://www.naukri.com/job-listings-software-developer-mern-stack-jobaaj-1-to-3-years-TEST001" SUBMISSION_RESULT="SUBMITTED" HISTORY_WRITE=true OUTCOME_WRITE=true REASON="NONE"
[2026-08-13T10:50:25.244Z] PID=8748 APP_ID="ext_safety_001" JOB_ID="ext_safety_001" COMPANY="External Corp Safety Test" ROLE="Full Stack Engineer" JOB_URL="https://www.naukri.com/job-listings-ext-safety-001" SUBMISSION_RESULT="MANUAL_REQUIRED" HISTORY_WRITE=true OUTCOME_WRITE=true REASON="NONE"
[2026-08-13T10:50:25.879Z] PID=8748 APP_ID="57f713042c" JOB_ID="57f713042c" COMPANY="Vbeyond Corporation Test" ROLE="Mern Stack Developer" JOB_URL="https://www.naukri.com/job-listings-vbeyond-57f713042c" SUBMISSION_RESULT="MANUAL_REQUIRED" HISTORY_WRITE=true OUTCOME_WRITE=true REASON="NONE"
[2026-08-13T10:50:26.574Z] PID=8748 APP_ID="be6497dbdc" JOB_ID="be6497dbdc" COMPANY="The Glove" ROLE="Mern Stack Developer" JOB_URL="https://www.naukri.com/job-listings-mern-stack-developer-the-glove-bengaluru-india-3-to-8-years-110826030677" SUBMISSION_RESULT="MANUAL_REQUIRED" HISTORY_WRITE=true OUTCOME_WRITE=true REASON="NONE"
[2026-08-13T10:50:26.617Z] PID=8748 APP_ID="manual_001" JOB_ID="manual_001" COMPANY="Manual Test Company" ROLE="Backend Dev" JOB_URL="https://www.naukri.com/job-listings-manual-001" SUBMISSION_RESULT="MANUAL_REQUIRED" HISTORY_WRITE=true OUTCOME_WRITE=true REASON="NONE"
[2026-08-13T10:50:26.666Z] PID=8748 APP_ID="prep_only_01" JOB_ID="prep_only_01" COMPANY="Prep Only Company" ROLE="React Engineer" JOB_URL="https://www.naukri.com/job-listings-prep-only-01" SUBMISSION_RESULT="MANUAL_REQUIRED" HISTORY_WRITE=true OUTCOME_WRITE=true REASON="NONE"
[2026-08-13T10:50:28.064Z] PID=8748 APP_ID="be6497dbdc" JOB_ID="be6497dbdc" COMPANY="The Glove" ROLE="Mern Stack Developer" JOB_URL="https://www.naukri.com/job-listings-mern-stack-developer-the-glove-bengaluru-india-3-to-8-years-110826030677" SUBMISSION_RESULT="MANUAL_REQUIRED" HISTORY_WRITE=true OUTCOME_WRITE=true REASON="NONE"
[2026-08-13T10:50:28.110Z] PID=8748 APP_ID="sub_test_01" JOB_ID="sub_test_01" COMPANY="Submitted Test Company" ROLE="Backend Dev" JOB_URL="https://www.naukri.com/job-listings-sub-test-01" SUBMISSION_RESULT="ALREADY_APPLIED" HISTORY_WRITE=true OUTCOME_WRITE=true REASON="NONE"
[2026-08-13T10:50:28.152Z] PID=8748 APP_ID="57f713042c" JOB_ID="57f713042c" COMPANY="Vbeyond Corporation" ROLE="Mern Stack Developer" JOB_URL="https://www.naukri.com/job-listings-mern-stack-developer-vbeyond-corporation-bengaluru-india-3-to-8-years-110826030691" SUBMISSION_RESULT="MANUAL_REQUIRED" HISTORY_WRITE=true OUTCOME_WRITE=true REASON="NONE"
[2026-08-13T10:50:28.808Z] PID=8748 APP_ID="test_ext_456" JOB_ID="test_ext_456" COMPANY="External Company" ROLE="Backend Engineer" JOB_URL="https://www.naukri.com/job-listings-external-dev-456" SUBMISSION_RESULT="MANUAL_REQUIRED" HISTORY_WRITE=true OUTCOME_WRITE=true REASON="NONE"
[2026-08-13T10:50:28.854Z] PID=8748 APP_ID="test_easy_123" JOB_ID="test_easy_123" COMPANY="Easy Company" ROLE="Full Stack Developer" JOB_URL="https://www.naukri.com/job-listings-easy-dev-123" SUBMISSION_RESULT="WAITING_CONFIRMATION" HISTORY_WRITE=true OUTCOME_WRITE=true REASON="NONE"
[2026-08-13T10:50:28.885Z] PID=8748 APP_ID="test_easy_123" JOB_ID="test_easy_123" COMPANY="Easy Company" ROLE="Full Stack Developer" JOB_URL="https://www.naukri.com/job-listings-easy-dev-123" SUBMISSION_RESULT="SUBMITTED" HISTORY_WRITE=true OUTCOME_WRITE=true REASON="NONE"
[2026-08-13T10:50:30.039Z] PID=8748 APP_ID="ext_test_999" JOB_ID="ext_test_999" COMPANY="The Glove Test Company" ROLE="Mern Stack Developer" JOB_URL="https://www.naukri.com/job-listings-mern-stack-developer-the-glove-ext-999" SUBMISSION_RESULT="MANUAL_REQUIRED" HISTORY_WRITE=true OUTCOME_WRITE=true REASON="NONE"
[2026-08-13T10:55:34.138Z] PID=5036 APP_ID="771e1e6422" JOB_ID="771e1e6422" COMPANY="jobaaj" ROLE="Software Developer MERN Stack" JOB_URL="https://www.naukri.com/job-listings-software-developer-mern-stack-jobaaj-1-to-3-years-TEST001" SUBMISSION_RESULT="SUBMITTED" HISTORY_WRITE=true OUTCOME_WRITE=true REASON="NONE"
[2026-08-13T10:55:35.438Z] PID=5036 APP_ID="be6497dbdc" JOB_ID="be6497dbdc" COMPANY="The Glove" ROLE="Mern Stack Developer" JOB_URL="https://www.naukri.com/job-listings-mern-stack-developer-the-glove-bengaluru-india-3-to-8-years-110826030677" SUBMISSION_RESULT="MANUAL_REQUIRED" HISTORY_WRITE=true OUTCOME_WRITE=true REASON="NONE"
[2026-08-13T10:55:35.471Z] PID=5036 APP_ID="sub_test_01" JOB_ID="sub_test_01" COMPANY="Submitted Test Company" ROLE="Backend Dev" JOB_URL="https://www.naukri.com/job-listings-sub-test-01" SUBMISSION_RESULT="ALREADY_APPLIED" HISTORY_WRITE=true OUTCOME_WRITE=true REASON="NONE"
[2026-08-13T10:55:35.507Z] PID=5036 APP_ID="57f713042c" JOB_ID="57f713042c" COMPANY="Vbeyond Corporation" ROLE="Mern Stack Developer" JOB_URL="https://www.naukri.com/job-listings-mern-stack-developer-vbeyond-corporation-bengaluru-india-3-to-8-years-110826030691" SUBMISSION_RESULT="MANUAL_REQUIRED" HISTORY_WRITE=true OUTCOME_WRITE=true REASON="NONE"
[2026-08-13T10:55:36.174Z] PID=5036 APP_ID="be6497dbdc" JOB_ID="be6497dbdc" COMPANY="The Glove" ROLE="Mern Stack Developer" JOB_URL="https://www.naukri.com/job-listings-mern-stack-developer-the-glove-bengaluru-india-3-to-8-years-110826030677" SUBMISSION_RESULT="MANUAL_REQUIRED" HISTORY_WRITE=true OUTCOME_WRITE=true REASON="NONE"
[2026-08-13T10:55:36.222Z] PID=5036 APP_ID="manual_001" JOB_ID="manual_001" COMPANY="Manual Test Company" ROLE="Backend Dev" JOB_URL="https://www.naukri.com/job-listings-manual-001" SUBMISSION_RESULT="MANUAL_REQUIRED" HISTORY_WRITE=true OUTCOME_WRITE=true REASON="NONE"
[2026-08-13T10:55:36.262Z] PID=5036 APP_ID="prep_only_01" JOB_ID="prep_only_01" COMPANY="Prep Only Company" ROLE="React Engineer" JOB_URL="https://www.naukri.com/job-listings-prep-only-01" SUBMISSION_RESULT="MANUAL_REQUIRED" HISTORY_WRITE=true OUTCOME_WRITE=true REASON="NONE"
[2026-08-13T10:55:36.875Z] PID=5036 APP_ID="test_ext_456" JOB_ID="test_ext_456" COMPANY="External Company" ROLE="Backend Engineer" JOB_URL="https://www.naukri.com/job-listings-external-dev-456" SUBMISSION_RESULT="MANUAL_REQUIRED" HISTORY_WRITE=true OUTCOME_WRITE=true REASON="NONE"
[2026-08-13T10:55:36.943Z] PID=5036 APP_ID="test_easy_123" JOB_ID="test_easy_123" COMPANY="Easy Company" ROLE="Full Stack Developer" JOB_URL="https://www.naukri.com/job-listings-easy-dev-123" SUBMISSION_RESULT="WAITING_CONFIRMATION" HISTORY_WRITE=true OUTCOME_WRITE=true REASON="NONE"
[2026-08-13T10:55:36.975Z] PID=5036 APP_ID="test_easy_123" JOB_ID="test_easy_123" COMPANY="Easy Company" ROLE="Full Stack Developer" JOB_URL="https://www.naukri.com/job-listings-easy-dev-123" SUBMISSION_RESULT="SUBMITTED" HISTORY_WRITE=true OUTCOME_WRITE=true REASON="NONE"
[2026-08-13T10:55:38.344Z] PID=5036 APP_ID="57f713042c" JOB_ID="57f713042c" COMPANY="Vbeyond Corporation Test" ROLE="Mern Stack Developer" JOB_URL="https://www.naukri.com/job-listings-vbeyond-57f713042c" SUBMISSION_RESULT="MANUAL_REQUIRED" HISTORY_WRITE=true OUTCOME_WRITE=true REASON="NONE"
[2026-08-13T10:55:39.692Z] PID=5036 APP_ID="ext_safety_001" JOB_ID="ext_safety_001" COMPANY="External Corp Safety Test" ROLE="Full Stack Engineer" JOB_URL="https://www.naukri.com/job-listings-ext-safety-001" SUBMISSION_RESULT="MANUAL_REQUIRED" HISTORY_WRITE=true OUTCOME_WRITE=true REASON="NONE"
[2026-08-13T10:55:40.945Z] PID=5036 APP_ID="ext_test_999" JOB_ID="ext_test_999" COMPANY="The Glove Test Company" ROLE="Mern Stack Developer" JOB_URL="https://www.naukri.com/job-listings-mern-stack-developer-the-glove-ext-999" SUBMISSION_RESULT="MANUAL_REQUIRED" HISTORY_WRITE=true OUTCOME_WRITE=true REASON="NONE"
[2026-08-13T11:01:15.404Z] PID=21008 APP_ID="771e1e6422" JOB_ID="771e1e6422" COMPANY="jobaaj" ROLE="Software Developer MERN Stack" JOB_URL="https://www.naukri.com/job-listings-software-developer-mern-stack-jobaaj-1-to-3-years-TEST001" SUBMISSION_RESULT="SUBMITTED" HISTORY_WRITE=true OUTCOME_WRITE=true REASON="NONE"
[2026-08-13T11:01:17.003Z] PID=21008 APP_ID="be6497dbdc" JOB_ID="be6497dbdc" COMPANY="The Glove" ROLE="Mern Stack Developer" JOB_URL="https://www.naukri.com/job-listings-mern-stack-developer-the-glove-bengaluru-india-3-to-8-years-110826030677" SUBMISSION_RESULT="MANUAL_REQUIRED" HISTORY_WRITE=true OUTCOME_WRITE=true REASON="NONE"
[2026-08-13T11:01:17.032Z] PID=21008 APP_ID="manual_001" JOB_ID="manual_001" COMPANY="Manual Test Company" ROLE="Backend Dev" JOB_URL="https://www.naukri.com/job-listings-manual-001" SUBMISSION_RESULT="MANUAL_REQUIRED" HISTORY_WRITE=true OUTCOME_WRITE=true REASON="NONE"
[2026-08-13T11:01:17.061Z] PID=21008 APP_ID="prep_only_01" JOB_ID="prep_only_01" COMPANY="Prep Only Company" ROLE="React Engineer" JOB_URL="https://www.naukri.com/job-listings-prep-only-01" SUBMISSION_RESULT="MANUAL_REQUIRED" HISTORY_WRITE=true OUTCOME_WRITE=true REASON="NONE"
[2026-08-13T11:01:17.643Z] PID=21008 APP_ID="57f713042c" JOB_ID="57f713042c" COMPANY="Vbeyond Corporation Test" ROLE="Mern Stack Developer" JOB_URL="https://www.naukri.com/job-listings-vbeyond-57f713042c" SUBMISSION_RESULT="MANUAL_REQUIRED" HISTORY_WRITE=true OUTCOME_WRITE=true REASON="NONE"
[2026-08-13T11:01:18.178Z] PID=21008 APP_ID="test_ext_456" JOB_ID="test_ext_456" COMPANY="External Company" ROLE="Backend Engineer" JOB_URL="https://www.naukri.com/job-listings-external-dev-456" SUBMISSION_RESULT="MANUAL_REQUIRED" HISTORY_WRITE=true OUTCOME_WRITE=true REASON="NONE"
[2026-08-13T11:01:18.233Z] PID=21008 APP_ID="test_easy_123" JOB_ID="test_easy_123" COMPANY="Easy Company" ROLE="Full Stack Developer" JOB_URL="https://www.naukri.com/job-listings-easy-dev-123" SUBMISSION_RESULT="WAITING_CONFIRMATION" HISTORY_WRITE=true OUTCOME_WRITE=true REASON="NONE"
[2026-08-13T11:01:18.268Z] PID=21008 APP_ID="test_easy_123" JOB_ID="test_easy_123" COMPANY="Easy Company" ROLE="Full Stack Developer" JOB_URL="https://www.naukri.com/job-listings-easy-dev-123" SUBMISSION_RESULT="SUBMITTED" HISTORY_WRITE=true OUTCOME_WRITE=true REASON="NONE"
[2026-08-13T11:01:18.958Z] PID=21008 APP_ID="ext_safety_001" JOB_ID="ext_safety_001" COMPANY="External Corp Safety Test" ROLE="Full Stack Engineer" JOB_URL="https://www.naukri.com/job-listings-ext-safety-001" SUBMISSION_RESULT="MANUAL_REQUIRED" HISTORY_WRITE=true OUTCOME_WRITE=true REASON="NONE"
[2026-08-13T11:01:21.624Z] PID=21008 APP_ID="be6497dbdc" JOB_ID="be6497dbdc" COMPANY="The Glove" ROLE="Mern Stack Developer" JOB_URL="https://www.naukri.com/job-listings-mern-stack-developer-the-glove-bengaluru-india-3-to-8-years-110826030677" SUBMISSION_RESULT="MANUAL_REQUIRED" HISTORY_WRITE=true OUTCOME_WRITE=true REASON="NONE"
[2026-08-13T11:01:21.663Z] PID=21008 APP_ID="sub_test_01" JOB_ID="sub_test_01" COMPANY="Submitted Test Company" ROLE="Backend Dev" JOB_URL="https://www.naukri.com/job-listings-sub-test-01" SUBMISSION_RESULT="ALREADY_APPLIED" HISTORY_WRITE=true OUTCOME_WRITE=true REASON="NONE"
[2026-08-13T11:01:21.710Z] PID=21008 APP_ID="57f713042c" JOB_ID="57f713042c" COMPANY="Vbeyond Corporation" ROLE="Mern Stack Developer" JOB_URL="https://www.naukri.com/job-listings-mern-stack-developer-vbeyond-corporation-bengaluru-india-3-to-8-years-110826030691" SUBMISSION_RESULT="MANUAL_REQUIRED" HISTORY_WRITE=true OUTCOME_WRITE=true REASON="NONE"
[2026-08-13T11:01:23.118Z] PID=21008 APP_ID="ext_test_999" JOB_ID="ext_test_999" COMPANY="The Glove Test Company" ROLE="Mern Stack Developer" JOB_URL="https://www.naukri.com/job-listings-mern-stack-developer-the-glove-ext-999" SUBMISSION_RESULT="MANUAL_REQUIRED" HISTORY_WRITE=true OUTCOME_WRITE=true REASON="NONE"
[2026-08-13T11:10:39.256Z] PID=8064 APP_ID="771e1e6422" JOB_ID="771e1e6422" COMPANY="jobaaj" ROLE="Software Developer MERN Stack" JOB_URL="https://www.naukri.com/job-listings-software-developer-mern-stack-jobaaj-1-to-3-years-TEST001" SUBMISSION_RESULT="SUBMITTED" HISTORY_WRITE=true OUTCOME_WRITE=true REASON="NONE"
[2026-08-13T11:10:40.444Z] PID=8064 APP_ID="test_ext_456" JOB_ID="test_ext_456" COMPANY="External Company" ROLE="Backend Engineer" JOB_URL="https://www.naukri.com/job-listings-external-dev-456" SUBMISSION_RESULT="MANUAL_REQUIRED" HISTORY_WRITE=true OUTCOME_WRITE=true REASON="NONE"
[2026-08-13T11:10:40.536Z] PID=8064 APP_ID="test_easy_123" JOB_ID="test_easy_123" COMPANY="Easy Company" ROLE="Full Stack Developer" JOB_URL="https://www.naukri.com/job-listings-easy-dev-123" SUBMISSION_RESULT="WAITING_CONFIRMATION" HISTORY_WRITE=true OUTCOME_WRITE=true REASON="NONE"
[2026-08-13T11:10:40.599Z] PID=8064 APP_ID="test_easy_123" JOB_ID="test_easy_123" COMPANY="Easy Company" ROLE="Full Stack Developer" JOB_URL="https://www.naukri.com/job-listings-easy-dev-123" SUBMISSION_RESULT="SUBMITTED" HISTORY_WRITE=true OUTCOME_WRITE=true REASON="NONE"
