[2026-08-10T05:51:13.986Z] PID=5380 APP_ID="app_test_999" JOB_ID="job_test_999" COMPANY="Test Company" ROLE="Backend Developer" JOB_URL="https://www.naukri.com/job-listings-test-company-999" SUBMISSION_RESULT="SUBMITTED" HISTORY_WRITE=true OUTCOME_WRITE=true REASON="NONE"
[2026-08-10T05:51:14.003Z] PID=5380 APP_ID="" JOB_ID="" COMPANY="" ROLE="" JOB_URL="" SUBMISSION_RESULT="INVALID_RECORD" HISTORY_WRITE=false OUTCOME_WRITE=false REASON="INVALID_APPLICATION_RECORD"
[2026-08-10T05:51:21.334Z] PID=5380 APP_ID="0bd6a14980" JOB_ID="test123" COMPANY="Company" ROLE="Software Developer" JOB_URL="https://www.naukri.com/job-listings-test-123" SUBMISSION_RESULT="SUBMITTED" HISTORY_WRITE=true OUTCOME_WRITE=true REASON="NONE"
[2026-08-10T05:51:22.410Z] PID=5380 APP_ID="test_ext_456" JOB_ID="test_ext_456" COMPANY="External Company" ROLE="Backend Engineer" JOB_URL="https://www.naukri.com/job-listings-external-dev-456" SUBMISSION_RESULT="MANUAL_REQUIRED" HISTORY_WRITE=true OUTCOME_WRITE=true REASON="NONE"
[2026-08-10T05:51:22.508Z] PID=5380 APP_ID="test_easy_123" JOB_ID="test_easy_123" COMPANY="Easy Company" ROLE="Full Stack Developer" JOB_URL="https://www.naukri.com/job-listings-easy-dev-123" SUBMISSION_RESULT="WAITING_CONFIRMATION" HISTORY_WRITE=true OUTCOME_WRITE=true REASON="NONE"
[2026-08-10T05:51:22.566Z] PID=5380 APP_ID="test_easy_123" JOB_ID="test_easy_123" COMPANY="Easy Company" ROLE="Full Stack Developer" JOB_URL="https://www.naukri.com/job-listings-easy-dev-123" SUBMISSION_RESULT="SUBMITTED" HISTORY_WRITE=true OUTCOME_WRITE=true REASON="NONE"
[2026-08-10T05:51:23.616Z] PID=5380 APP_ID="guard_test_123" JOB_ID="guard_test_123" COMPANY="Guard Company" ROLE="React JS Developer" JOB_URL="https://www.naukri.com/job-listings-guard-test-123" SUBMISSION_RESULT="SUBMITTED" HISTORY_WRITE=true OUTCOME_WRITE=true REASON="NONE"
[2026-08-10T05:52:03.382Z] PID=17312 APP_ID="0bd6a14980" JOB_ID="test123" COMPANY="Company" ROLE="Software Developer" JOB_URL="https://www.naukri.com/job-listings-test-123" SUBMISSION_RESULT="SUBMITTED" HISTORY_WRITE=true OUTCOME_WRITE=true REASON="NONE"
[2026-08-10T05:52:04.438Z] PID=17312 APP_ID="test_ext_456" JOB_ID="test_ext_456" COMPANY="External Company" ROLE="Backend Engineer" JOB_URL="https://www.naukri.com/job-listings-external-dev-456" SUBMISSION_RESULT="MANUAL_REQUIRED" HISTORY_WRITE=true OUTCOME_WRITE=true REASON="NONE"
[2026-08-10T05:52:04.526Z] PID=17312 APP_ID="test_easy_123" JOB_ID="test_easy_123" COMPANY="Easy Company" ROLE="Full Stack Developer" JOB_URL="https://www.naukri.com/job-listings-easy-dev-123" SUBMISSION_RESULT="WAITING_CONFIRMATION" HISTORY_WRITE=true OUTCOME_WRITE=true REASON="NONE"
[2026-08-10T05:52:04.580Z] PID=17312 APP_ID="test_easy_123" JOB_ID="test_easy_123" COMPANY="Easy Company" ROLE="Full Stack Developer" JOB_URL="https://www.naukri.com/job-listings-easy-dev-123" SUBMISSION_RESULT="SUBMITTED" HISTORY_WRITE=true OUTCOME_WRITE=true REASON="NONE"
[2026-08-10T05:52:05.631Z] PID=17312 APP_ID="guard_test_123" JOB_ID="guard_test_123" COMPANY="Guard Company" ROLE="React JS Developer" JOB_URL="https://www.naukri.com/job-listings-guard-test-123" SUBMISSION_RESULT="SUBMITTED" HISTORY_WRITE=true OUTCOME_WRITE=true REASON="NONE"
[2026-08-10T05:52:06.928Z] PID=17312 APP_ID="app_test_999" JOB_ID="job_test_999" COMPANY="Test Company" ROLE="Backend Developer" JOB_URL="https://www.naukri.com/job-listings-test-company-999" SUBMISSION_RESULT="SUBMITTED" HISTORY_WRITE=true OUTCOME_WRITE=true REASON="NONE"
[2026-08-10T05:52:06.938Z] PID=17312 APP_ID="" JOB_ID="" COMPANY="" ROLE="" JOB_URL="" SUBMISSION_RESULT="INVALID_RECORD" HISTORY_WRITE=false OUTCOME_WRITE=false REASON="INVALID_APPLICATION_RECORD"
[2026-08-10T05:55:11.355Z] PID=12068 APP_ID="0bd6a14980" JOB_ID="test123" COMPANY="Company" ROLE="Software Developer" JOB_URL="https://www.naukri.com/job-listings-test-123" SUBMISSION_RESULT="SUBMITTED" HISTORY_WRITE=true OUTCOME_WRITE=true REASON="NONE"
[2026-08-10T05:55:13.922Z] PID=12068 APP_ID="test_ext_456" JOB_ID="test_ext_456" COMPANY="External Company" ROLE="Backend Engineer" JOB_URL="https://www.naukri.com/job-listings-external-dev-456" SUBMISSION_RESULT="MANUAL_REQUIRED" HISTORY_WRITE=true OUTCOME_WRITE=true REASON="NONE"
[2026-08-10T05:55:14.020Z] PID=12068 APP_ID="test_easy_123" JOB_ID="test_easy_123" COMPANY="Easy Company" ROLE="Full Stack Developer" JOB_URL="https://www.naukri.com/job-listings-easy-dev-123" SUBMISSION_RESULT="WAITING_CONFIRMATION" HISTORY_WRITE=true OUTCOME_WRITE=true REASON="NONE"
[2026-08-10T05:55:14.078Z] PID=12068 APP_ID="test_easy_123" JOB_ID="test_easy_123" COMPANY="Easy Company" ROLE="Full Stack Developer" JOB_URL="https://www.naukri.com/job-listings-easy-dev-123" SUBMISSION_RESULT="SUBMITTED" HISTORY_WRITE=true OUTCOME_WRITE=true REASON="NONE"
[2026-08-10T05:55:15.121Z] PID=12068 APP_ID="guard_test_123" JOB_ID="guard_test_123" COMPANY="Guard Company" ROLE="React JS Developer" JOB_URL="https://www.naukri.com/job-listings-guard-test-123" SUBMISSION_RESULT="SUBMITTED" HISTORY_WRITE=true OUTCOME_WRITE=true REASON="NONE"
[2026-08-10T05:55:20.452Z] PID=12068 APP_ID="app_test_999" JOB_ID="job_test_999" COMPANY="Test Company" ROLE="Backend Developer" JOB_URL="https://www.naukri.com/job-listings-test-company-999" SUBMISSION_RESULT="SUBMITTED" HISTORY_WRITE=true OUTCOME_WRITE=true REASON="NONE"
[2026-08-10T05:55:20.461Z] PID=12068 APP_ID="" JOB_ID="" COMPANY="" ROLE="" JOB_URL="" SUBMISSION_RESULT="INVALID_RECORD" HISTORY_WRITE=false OUTCOME_WRITE=false REASON="INVALID_APPLICATION_RECORD"
[2026-08-10T05:55:59.948Z] PID=19568 APP_ID="test_ext_456" JOB_ID="test_ext_456" COMPANY="External Company" ROLE="Backend Engineer" JOB_URL="https://www.naukri.com/job-listings-external-dev-456" SUBMISSION_RESULT="MANUAL_REQUIRED" HISTORY_WRITE=true OUTCOME_WRITE=true REASON="NONE"
[2026-08-10T05:56:00.079Z] PID=19568 APP_ID="test_easy_123" JOB_ID="test_easy_123" COMPANY="Easy Company" ROLE="Full Stack Developer" JOB_URL="https://www.naukri.com/job-listings-easy-dev-123" SUBMISSION_RESULT="WAITING_CONFIRMATION" HISTORY_WRITE=true OUTCOME_WRITE=true REASON="NONE"
[2026-08-10T05:56:00.145Z] PID=19568 APP_ID="test_easy_123" JOB_ID="test_easy_123" COMPANY="Easy Company" ROLE="Full Stack Developer" JOB_URL="https://www.naukri.com/job-listings-easy-dev-123" SUBMISSION_RESULT="SUBMITTED" HISTORY_WRITE=true OUTCOME_WRITE=true REASON="NONE"
[2026-08-10T05:56:01.402Z] PID=19568 APP_ID="0bd6a14980" JOB_ID="test123" COMPANY="Company" ROLE="Software Developer" JOB_URL="https://www.naukri.com/job-listings-test-123" SUBMISSION_RESULT="SUBMITTED" HISTORY_WRITE=true OUTCOME_WRITE=true REASON="NONE"
[2026-08-10T05:56:04.609Z] PID=19568 APP_ID="guard_test_123" JOB_ID="guard_test_123" COMPANY="Guard Company" ROLE="React JS Developer" JOB_URL="https://www.naukri.com/job-listings-guard-test-123" SUBMISSION_RESULT="SUBMITTED" HISTORY_WRITE=true OUTCOME_WRITE=true REASON="NONE"
[2026-08-10T05:56:07.715Z] PID=19568 APP_ID="app_test_999" JOB_ID="job_test_999" COMPANY="Test Company" ROLE="Backend Developer" JOB_URL="https://www.naukri.com/job-listings-test-company-999" SUBMISSION_RESULT="SUBMITTED" HISTORY_WRITE=true OUTCOME_WRITE=true REASON="NONE"
[2026-08-10T05:56:07.724Z] PID=19568 APP_ID="" JOB_ID="" COMPANY="" ROLE="" JOB_URL="" SUBMISSION_RESULT="INVALID_RECORD" HISTORY_WRITE=false OUTCOME_WRITE=false REASON="INVALID_APPLICATION_RECORD"
[2026-08-10T06:01:23.429Z] PID=27840 APP_ID="0bd6a14980" JOB_ID="test123" COMPANY="Company" ROLE="Software Developer" JOB_URL="https://www.naukri.com/job-listings-test-123" SUBMISSION_RESULT="SUBMITTED" HISTORY_WRITE=true OUTCOME_WRITE=true REASON="NONE"
[2026-08-10T06:01:24.526Z] PID=27840 APP_ID="test_ext_456" JOB_ID="test_ext_456" COMPANY="External Company" ROLE="Backend Engineer" JOB_URL="https://www.naukri.com/job-listings-external-dev-456" SUBMISSION_RESULT="MANUAL_REQUIRED" HISTORY_WRITE=true OUTCOME_WRITE=true REASON="NONE"
[2026-08-10T06:01:24.617Z] PID=27840 APP_ID="test_easy_123" JOB_ID="test_easy_123" COMPANY="Easy Company" ROLE="Full Stack Developer" JOB_URL="https://www.naukri.com/job-listings-easy-dev-123" SUBMISSION_RESULT="WAITING_CONFIRMATION" HISTORY_WRITE=true OUTCOME_WRITE=true REASON="NONE"
[2026-08-10T06:01:24.678Z] PID=27840 APP_ID="test_easy_123" JOB_ID="test_easy_123" COMPANY="Easy Company" ROLE="Full Stack Developer" JOB_URL="https://www.naukri.com/job-listings-easy-dev-123" SUBMISSION_RESULT="SUBMITTED" HISTORY_WRITE=true OUTCOME_WRITE=true REASON="NONE"
[2026-08-10T06:01:25.715Z] PID=27840 APP_ID="guard_test_123" JOB_ID="guard_test_123" COMPANY="Guard Company" ROLE="React JS Developer" JOB_URL="https://www.naukri.com/job-listings-guard-test-123" SUBMISSION_RESULT="SUBMITTED" HISTORY_WRITE=true OUTCOME_WRITE=true REASON="NONE"
[2026-08-10T06:01:31.940Z] PID=27840 APP_ID="app_test_999" JOB_ID="job_test_999" COMPANY="Test Company" ROLE="Backend Developer" JOB_URL="https://www.naukri.com/job-listings-test-company-999" SUBMISSION_RESULT="SUBMITTED" HISTORY_WRITE=true OUTCOME_WRITE=true REASON="NONE"
[2026-08-10T06:01:31.951Z] PID=27840 APP_ID="" JOB_ID="" COMPANY="" ROLE="" JOB_URL="" SUBMISSION_RESULT="INVALID_RECORD" HISTORY_WRITE=false OUTCOME_WRITE=false REASON="INVALID_APPLICATION_RECORD"
[2026-08-10T06:04:36.867Z] PID=25540 APP_ID="0bd6a14980" JOB_ID="test123" COMPANY="Company" ROLE="Software Developer" JOB_URL="https://www.naukri.com/job-listings-test-123" SUBMISSION_RESULT="SUBMITTED" HISTORY_WRITE=true OUTCOME_WRITE=true REASON="NONE"
[2026-08-10T06:04:37.961Z] PID=25540 APP_ID="test_ext_456" JOB_ID="test_ext_456" COMPANY="External Company" ROLE="Backend Engineer" JOB_URL="https://www.naukri.com/job-listings-external-dev-456" SUBMISSION_RESULT="MANUAL_REQUIRED" HISTORY_WRITE=true OUTCOME_WRITE=true REASON="NONE"
[2026-08-10T06:04:38.068Z] PID=25540 APP_ID="test_easy_123" JOB_ID="test_easy_123" COMPANY="Easy Company" ROLE="Full Stack Developer" JOB_URL="https://www.naukri.com/job-listings-easy-dev-123" SUBMISSION_RESULT="WAITING_CONFIRMATION" HISTORY_WRITE=true OUTCOME_WRITE=true REASON="NONE"
[2026-08-10T06:04:38.128Z] PID=25540 APP_ID="test_easy_123" JOB_ID="test_easy_123" COMPANY="Easy Company" ROLE="Full Stack Developer" JOB_URL="https://www.naukri.com/job-listings-easy-dev-123" SUBMISSION_RESULT="SUBMITTED" HISTORY_WRITE=true OUTCOME_WRITE=true REASON="NONE"
[2026-08-10T06:04:39.193Z] PID=25540 APP_ID="guard_test_123" JOB_ID="guard_test_123" COMPANY="Guard Company" ROLE="React JS Developer" JOB_URL="https://www.naukri.com/job-listings-guard-test-123" SUBMISSION_RESULT="SUBMITTED" HISTORY_WRITE=true OUTCOME_WRITE=true REASON="NONE"
[2026-08-10T06:04:45.417Z] PID=25540 APP_ID="app_test_999" JOB_ID="job_test_999" COMPANY="Test Company" ROLE="Backend Developer" JOB_URL="https://www.naukri.com/job-listings-test-company-999" SUBMISSION_RESULT="SUBMITTED" HISTORY_WRITE=true OUTCOME_WRITE=true REASON="NONE"
[2026-08-10T06:04:45.425Z] PID=25540 APP_ID="" JOB_ID="" COMPANY="" ROLE="" JOB_URL="" SUBMISSION_RESULT="INVALID_RECORD" HISTORY_WRITE=false OUTCOME_WRITE=false REASON="INVALID_APPLICATION_RECORD"
[2026-08-10T06:08:16.505Z] PID=5400 APP_ID="b00c6b8697" JOB_ID="b00c6b8697" COMPANY="Sixsigma Technosoft" ROLE="MERN Stack Developer" JOB_URL="https://www.naukri.com/job-listings-mern-stack-developer-sixsigma-technosoft-kolkata-mumbai-new-delhi-hyderabad-pune-chennai-bengaluru-1-to-5-years-121224502854" SUBMISSION_RESULT="SUBMITTED" HISTORY_WRITE=true OUTCOME_WRITE=true REASON="NONE"
[2026-08-10T06:08:39.926Z] PID=4904 APP_ID="0bd6a14980" JOB_ID="test123" COMPANY="Company" ROLE="Software Developer" JOB_URL="https://www.naukri.com/job-listings-test-123" SUBMISSION_RESULT="SUBMITTED" HISTORY_WRITE=true OUTCOME_WRITE=true REASON="NONE"
[2026-08-10T06:08:41.046Z] PID=4904 APP_ID="test_ext_456" JOB_ID="test_ext_456" COMPANY="External Company" ROLE="Backend Engineer" JOB_URL="https://www.naukri.com/job-listings-external-dev-456" SUBMISSION_RESULT="MANUAL_REQUIRED" HISTORY_WRITE=true OUTCOME_WRITE=true REASON="NONE"
[2026-08-10T06:08:41.134Z] PID=4904 APP_ID="test_easy_123" JOB_ID="test_easy_123" COMPANY="Easy Company" ROLE="Full Stack Developer" JOB_URL="https://www.naukri.com/job-listings-easy-dev-123" SUBMISSION_RESULT="WAITING_CONFIRMATION" HISTORY_WRITE=true OUTCOME_WRITE=true REASON="NONE"
[2026-08-10T06:08:41.193Z] PID=4904 APP_ID="test_easy_123" JOB_ID="test_easy_123" COMPANY="Easy Company" ROLE="Full Stack Developer" JOB_URL="https://www.naukri.com/job-listings-easy-dev-123" SUBMISSION_RESULT="SUBMITTED" HISTORY_WRITE=true OUTCOME_WRITE=true REASON="NONE"
[2026-08-10T06:08:42.238Z] PID=4904 APP_ID="guard_test_123" JOB_ID="guard_test_123" COMPANY="Guard Company" ROLE="React JS Developer" JOB_URL="https://www.naukri.com/job-listings-guard-test-123" SUBMISSION_RESULT="SUBMITTED" HISTORY_WRITE=true OUTCOME_WRITE=true REASON="NONE"
[2026-08-10T06:08:48.554Z] PID=4904 APP_ID="app_test_999" JOB_ID="job_test_999" COMPANY="Test Company" ROLE="Backend Developer" JOB_URL="https://www.naukri.com/job-listings-test-company-999" SUBMISSION_RESULT="SUBMITTED" HISTORY_WRITE=true OUTCOME_WRITE=true REASON="NONE"
[2026-08-10T06:08:48.564Z] PID=4904 APP_ID="" JOB_ID="" COMPANY="" ROLE="" JOB_URL="" SUBMISSION_RESULT="INVALID_RECORD" HISTORY_WRITE=false OUTCOME_WRITE=false REASON="INVALID_APPLICATION_RECORD"
[2026-08-10T06:11:21.536Z] PID=5860 APP_ID="57f713042c" JOB_ID="57f713042c" COMPANY="Vbeyond Corporation" ROLE="Mern Stack Developer" JOB_URL="https://www.naukri.com/job-listings-mern-stack-developer-vbeyond-corporation-bengaluru-2-to-5-years-070826019309" SUBMISSION_RESULT="SUBMITTED" HISTORY_WRITE=true OUTCOME_WRITE=true REASON="NONE"
[2026-08-10T06:12:07.162Z] PID=21488 APP_ID="0bd6a14980" JOB_ID="test123" COMPANY="Company" ROLE="Software Developer" JOB_URL="https://www.naukri.com/job-listings-test-123" SUBMISSION_RESULT="SUBMITTED" HISTORY_WRITE=true OUTCOME_WRITE=true REASON="NONE"
[2026-08-10T06:12:09.655Z] PID=21488 APP_ID="test_ext_456" JOB_ID="test_ext_456" COMPANY="External Company" ROLE="Backend Engineer" JOB_URL="https://www.naukri.com/job-listings-external-dev-456" SUBMISSION_RESULT="MANUAL_REQUIRED" HISTORY_WRITE=true OUTCOME_WRITE=true REASON="NONE"
[2026-08-10T06:12:09.738Z] PID=21488 APP_ID="test_easy_123" JOB_ID="test_easy_123" COMPANY="Easy Company" ROLE="Full Stack Developer" JOB_URL="https://www.naukri.com/job-listings-easy-dev-123" SUBMISSION_RESULT="WAITING_CONFIRMATION" HISTORY_WRITE=true OUTCOME_WRITE=true REASON="NONE"
[2026-08-10T06:12:09.792Z] PID=21488 APP_ID="test_easy_123" JOB_ID="test_easy_123" COMPANY="Easy Company" ROLE="Full Stack Developer" JOB_URL="https://www.naukri.com/job-listings-easy-dev-123" SUBMISSION_RESULT="SUBMITTED" HISTORY_WRITE=true OUTCOME_WRITE=true REASON="NONE"
[2026-08-10T06:12:12.012Z] PID=21488 APP_ID="guard_test_123" JOB_ID="guard_test_123" COMPANY="Guard Company" ROLE="React JS Developer" JOB_URL="https://www.naukri.com/job-listings-guard-test-123" SUBMISSION_RESULT="SUBMITTED" HISTORY_WRITE=true OUTCOME_WRITE=true REASON="NONE"
[2026-08-10T06:12:17.266Z] PID=21488 APP_ID="app_test_999" JOB_ID="job_test_999" COMPANY="Test Company" ROLE="Backend Developer" JOB_URL="https://www.naukri.com/job-listings-test-company-999" SUBMISSION_RESULT="SUBMITTED" HISTORY_WRITE=true OUTCOME_WRITE=true REASON="NONE"
[2026-08-10T06:12:17.277Z] PID=21488 APP_ID="" JOB_ID="" COMPANY="" ROLE="" JOB_URL="" SUBMISSION_RESULT="INVALID_RECORD" HISTORY_WRITE=false OUTCOME_WRITE=false REASON="INVALID_APPLICATION_RECORD"
[2026-08-10T06:14:51.942Z] PID=24692 APP_ID="57f713042c" JOB_ID="57f713042c" COMPANY="Vbeyond Corporation" ROLE="Mern Stack Developer" JOB_URL="https://www.naukri.com/job-listings-mern-stack-developer-vbeyond-corporation-bengaluru-2-to-5-years-070826019309" SUBMISSION_RESULT="SUBMITTED" HISTORY_WRITE=true OUTCOME_WRITE=true REASON="NONE"
[2026-08-10T06:16:42.591Z] PID=32176 APP_ID="57f713042c" JOB_ID="57f713042c" COMPANY="Vbeyond Corporation" ROLE="Mern Stack Developer" JOB_URL="https://www.naukri.com/job-listings-mern-stack-developer-vbeyond-corporation-bengaluru-2-to-5-years-070826019309" SUBMISSION_RESULT="SUBMITTED" HISTORY_WRITE=true OUTCOME_WRITE=true REASON="NONE"
[2026-08-10T06:17:15.987Z] PID=30176 APP_ID="0bd6a14980" JOB_ID="test123" COMPANY="Company" ROLE="Software Developer" JOB_URL="https://www.naukri.com/job-listings-test-123" SUBMISSION_RESULT="SUBMITTED" HISTORY_WRITE=true OUTCOME_WRITE=true REASON="NONE"
[2026-08-10T06:17:17.275Z] PID=30176 APP_ID="test_ext_456" JOB_ID="test_ext_456" COMPANY="External Company" ROLE="Backend Engineer" JOB_URL="https://www.naukri.com/job-listings-external-dev-456" SUBMISSION_RESULT="MANUAL_REQUIRED" HISTORY_WRITE=true OUTCOME_WRITE=true REASON="NONE"
[2026-08-10T06:17:17.373Z] PID=30176 APP_ID="test_easy_123" JOB_ID="test_easy_123" COMPANY="Easy Company" ROLE="Full Stack Developer" JOB_URL="https://www.naukri.com/job-listings-easy-dev-123" SUBMISSION_RESULT="WAITING_CONFIRMATION" HISTORY_WRITE=true OUTCOME_WRITE=true REASON="NONE"
[2026-08-10T06:17:17.428Z] PID=30176 APP_ID="test_easy_123" JOB_ID="test_easy_123" COMPANY="Easy Company" ROLE="Full Stack Developer" JOB_URL="https://www.naukri.com/job-listings-easy-dev-123" SUBMISSION_RESULT="SUBMITTED" HISTORY_WRITE=true OUTCOME_WRITE=true REASON="NONE"
[2026-08-10T06:17:21.111Z] PID=30176 APP_ID="guard_test_123" JOB_ID="guard_test_123" COMPANY="Guard Company" ROLE="React JS Developer" JOB_URL="https://www.naukri.com/job-listings-guard-test-123" SUBMISSION_RESULT="SUBMITTED" HISTORY_WRITE=true OUTCOME_WRITE=true REASON="NONE"
[2026-08-10T06:17:26.022Z] PID=30176 APP_ID="app_test_999" JOB_ID="job_test_999" COMPANY="Test Company" ROLE="Backend Developer" JOB_URL="https://www.naukri.com/job-listings-test-company-999" SUBMISSION_RESULT="SUBMITTED" HISTORY_WRITE=true OUTCOME_WRITE=true REASON="NONE"
[2026-08-10T06:17:26.032Z] PID=30176 APP_ID="" JOB_ID="" COMPANY="" ROLE="" JOB_URL="" SUBMISSION_RESULT="INVALID_RECORD" HISTORY_WRITE=false OUTCOME_WRITE=false REASON="INVALID_APPLICATION_RECORD"
[2026-08-10T06:24:20.611Z] PID=23636 APP_ID="0bd6a14980" JOB_ID="test123" COMPANY="Company" ROLE="Software Developer" JOB_URL="https://www.naukri.com/job-listings-test-123" SUBMISSION_RESULT="SUBMITTED" HISTORY_WRITE=true OUTCOME_WRITE=true REASON="NONE"
[2026-08-10T06:24:21.796Z] PID=23636 APP_ID="test_ext_456" JOB_ID="test_ext_456" COMPANY="External Company" ROLE="Backend Engineer" JOB_URL="https://www.naukri.com/job-listings-external-dev-456" SUBMISSION_RESULT="MANUAL_REQUIRED" HISTORY_WRITE=true OUTCOME_WRITE=true REASON="NONE"
[2026-08-10T06:24:21.838Z] PID=23636 APP_ID="test_easy_123" JOB_ID="test_easy_123" COMPANY="Easy Company" ROLE="Full Stack Developer" JOB_URL="https://www.naukri.com/job-listings-easy-dev-123" SUBMISSION_RESULT="WAITING_CONFIRMATION" HISTORY_WRITE=true OUTCOME_WRITE=true REASON="NONE"
[2026-08-10T06:24:21.860Z] PID=23636 APP_ID="test_easy_123" JOB_ID="test_easy_123" COMPANY="Easy Company" ROLE="Full Stack Developer" JOB_URL="https://www.naukri.com/job-listings-easy-dev-123" SUBMISSION_RESULT="SUBMITTED" HISTORY_WRITE=true OUTCOME_WRITE=true REASON="NONE"
[2026-08-10T06:24:22.355Z] PID=23636 APP_ID="guard_test_123" JOB_ID="guard_test_123" COMPANY="Guard Company" ROLE="React JS Developer" JOB_URL="https://www.naukri.com/job-listings-guard-test-123" SUBMISSION_RESULT="SUBMITTED" HISTORY_WRITE=true OUTCOME_WRITE=true REASON="NONE"
[2026-08-10T06:24:25.313Z] PID=23636 APP_ID="app_test_999" JOB_ID="job_test_999" COMPANY="Test Company" ROLE="Backend Developer" JOB_URL="https://www.naukri.com/job-listings-test-company-999" SUBMISSION_RESULT="SUBMITTED" HISTORY_WRITE=true OUTCOME_WRITE=true REASON="NONE"
[2026-08-10T06:24:25.318Z] PID=23636 APP_ID="" JOB_ID="" COMPANY="" ROLE="" JOB_URL="" SUBMISSION_RESULT="INVALID_RECORD" HISTORY_WRITE=false OUTCOME_WRITE=false REASON="INVALID_APPLICATION_RECORD"
[2026-08-10T06:25:57.203Z] PID=14328 APP_ID="0bd6a14980" JOB_ID="test123" COMPANY="Company" ROLE="Software Developer" JOB_URL="https://www.naukri.com/job-listings-test-123" SUBMISSION_RESULT="SUBMITTED" HISTORY_WRITE=true OUTCOME_WRITE=true REASON="NONE"
[2026-08-10T06:25:58.219Z] PID=14328 APP_ID="test_ext_456" JOB_ID="test_ext_456" COMPANY="External Company" ROLE="Backend Engineer" JOB_URL="https://www.naukri.com/job-listings-external-dev-456" SUBMISSION_RESULT="MANUAL_REQUIRED" HISTORY_WRITE=true OUTCOME_WRITE=true REASON="NONE"
[2026-08-10T06:25:58.265Z] PID=14328 APP_ID="test_easy_123" JOB_ID="test_easy_123" COMPANY="Easy Company" ROLE="Full Stack Developer" JOB_URL="https://www.naukri.com/job-listings-easy-dev-123" SUBMISSION_RESULT="WAITING_CONFIRMATION" HISTORY_WRITE=true OUTCOME_WRITE=true REASON="NONE"
[2026-08-10T06:25:58.289Z] PID=14328 APP_ID="test_easy_123" JOB_ID="test_easy_123" COMPANY="Easy Company" ROLE="Full Stack Developer" JOB_URL="https://www.naukri.com/job-listings-easy-dev-123" SUBMISSION_RESULT="SUBMITTED" HISTORY_WRITE=true OUTCOME_WRITE=true REASON="NONE"
[2026-08-10T06:25:59.132Z] PID=14328 APP_ID="guard_test_123" JOB_ID="guard_test_123" COMPANY="Guard Company" ROLE="React JS Developer" JOB_URL="https://www.naukri.com/job-listings-guard-test-123" SUBMISSION_RESULT="SUBMITTED" HISTORY_WRITE=true OUTCOME_WRITE=true REASON="NONE"
[2026-08-10T06:26:01.356Z] PID=14328 APP_ID="app_test_999" JOB_ID="job_test_999" COMPANY="Test Company" ROLE="Backend Developer" JOB_URL="https://www.naukri.com/job-listings-test-company-999" SUBMISSION_RESULT="SUBMITTED" HISTORY_WRITE=true OUTCOME_WRITE=true REASON="NONE"
[2026-08-10T06:26:01.360Z] PID=14328 APP_ID="" JOB_ID="" COMPANY="" ROLE="" JOB_URL="" SUBMISSION_RESULT="INVALID_RECORD" HISTORY_WRITE=false OUTCOME_WRITE=false REASON="INVALID_APPLICATION_RECORD"
[2026-08-10T06:27:56.164Z] PID=14624 APP_ID="0bd6a14980" JOB_ID="test123" COMPANY="Company" ROLE="Software Developer" JOB_URL="https://www.naukri.com/job-listings-test-123" SUBMISSION_RESULT="SUBMITTED" HISTORY_WRITE=true OUTCOME_WRITE=true REASON="NONE"
[2026-08-10T06:27:57.514Z] PID=14624 APP_ID="test_ext_456" JOB_ID="test_ext_456" COMPANY="External Company" ROLE="Backend Engineer" JOB_URL="https://www.naukri.com/job-listings-external-dev-456" SUBMISSION_RESULT="MANUAL_REQUIRED" HISTORY_WRITE=true OUTCOME_WRITE=true REASON="NONE"
[2026-08-10T06:27:57.556Z] PID=14624 APP_ID="test_easy_123" JOB_ID="test_easy_123" COMPANY="Easy Company" ROLE="Full Stack Developer" JOB_URL="https://www.naukri.com/job-listings-easy-dev-123" SUBMISSION_RESULT="WAITING_CONFIRMATION" HISTORY_WRITE=true OUTCOME_WRITE=true REASON="NONE"
[2026-08-10T06:27:57.584Z] PID=14624 APP_ID="test_easy_123" JOB_ID="test_easy_123" COMPANY="Easy Company" ROLE="Full Stack Developer" JOB_URL="https://www.naukri.com/job-listings-easy-dev-123" SUBMISSION_RESULT="SUBMITTED" HISTORY_WRITE=true OUTCOME_WRITE=true REASON="NONE"
[2026-08-10T06:27:58.861Z] PID=14624 APP_ID="guard_test_123" JOB_ID="guard_test_123" COMPANY="Guard Company" ROLE="React JS Developer" JOB_URL="https://www.naukri.com/job-listings-guard-test-123" SUBMISSION_RESULT="SUBMITTED" HISTORY_WRITE=true OUTCOME_WRITE=true REASON="NONE"
[2026-08-10T06:28:00.199Z] PID=14624 APP_ID="app_test_999" JOB_ID="job_test_999" COMPANY="Test Company" ROLE="Backend Developer" JOB_URL="https://www.naukri.com/job-listings-test-company-999" SUBMISSION_RESULT="SUBMITTED" HISTORY_WRITE=true OUTCOME_WRITE=true REASON="NONE"
[2026-08-10T06:28:00.203Z] PID=14624 APP_ID="" JOB_ID="" COMPANY="" ROLE="" JOB_URL="" SUBMISSION_RESULT="INVALID_RECORD" HISTORY_WRITE=false OUTCOME_WRITE=false REASON="INVALID_APPLICATION_RECORD"
[2026-08-10T06:29:21.298Z] PID=27940 APP_ID="0bd6a14980" JOB_ID="test123" COMPANY="Company" ROLE="Software Developer" JOB_URL="https://www.naukri.com/job-listings-test-123" SUBMISSION_RESULT="SUBMITTED" HISTORY_WRITE=true OUTCOME_WRITE=true REASON="NONE"
[2026-08-10T06:29:22.274Z] PID=27940 APP_ID="test_ext_456" JOB_ID="test_ext_456" COMPANY="External Company" ROLE="Backend Engineer" JOB_URL="https://www.naukri.com/job-listings-external-dev-456" SUBMISSION_RESULT="MANUAL_REQUIRED" HISTORY_WRITE=true OUTCOME_WRITE=true REASON="NONE"
[2026-08-10T06:29:22.313Z] PID=27940 APP_ID="test_easy_123" JOB_ID="test_easy_123" COMPANY="Easy Company" ROLE="Full Stack Developer" JOB_URL="https://www.naukri.com/job-listings-easy-dev-123" SUBMISSION_RESULT="WAITING_CONFIRMATION" HISTORY_WRITE=true OUTCOME_WRITE=true REASON="NONE"
[2026-08-10T06:29:22.335Z] PID=27940 APP_ID="test_easy_123" JOB_ID="test_easy_123" COMPANY="Easy Company" ROLE="Full Stack Developer" JOB_URL="https://www.naukri.com/job-listings-easy-dev-123" SUBMISSION_RESULT="SUBMITTED" HISTORY_WRITE=true OUTCOME_WRITE=true REASON="NONE"
[2026-08-10T06:29:23.552Z] PID=27940 APP_ID="guard_test_123" JOB_ID="guard_test_123" COMPANY="Guard Company" ROLE="React JS Developer" JOB_URL="https://www.naukri.com/job-listings-guard-test-123" SUBMISSION_RESULT="SUBMITTED" HISTORY_WRITE=true OUTCOME_WRITE=true REASON="NONE"
[2026-08-10T06:29:25.241Z] PID=27940 APP_ID="app_test_999" JOB_ID="job_test_999" COMPANY="Test Company" ROLE="Backend Developer" JOB_URL="https://www.naukri.com/job-listings-test-company-999" SUBMISSION_RESULT="SUBMITTED" HISTORY_WRITE=true OUTCOME_WRITE=true REASON="NONE"
[2026-08-10T06:29:25.246Z] PID=27940 APP_ID="" JOB_ID="" COMPANY="" ROLE="" JOB_URL="" SUBMISSION_RESULT="INVALID_RECORD" HISTORY_WRITE=false OUTCOME_WRITE=false REASON="INVALID_APPLICATION_RECORD"
[2026-08-10T06:31:20.389Z] PID=32188 APP_ID="0bd6a14980" JOB_ID="test123" COMPANY="Company" ROLE="Software Developer" JOB_URL="https://www.naukri.com/job-listings-test-123" SUBMISSION_RESULT="SUBMITTED" HISTORY_WRITE=true OUTCOME_WRITE=true REASON="NONE"
[2026-08-10T06:31:21.360Z] PID=32188 APP_ID="test_ext_456" JOB_ID="test_ext_456" COMPANY="External Company" ROLE="Backend Engineer" JOB_URL="https://www.naukri.com/job-listings-external-dev-456" SUBMISSION_RESULT="MANUAL_REQUIRED" HISTORY_WRITE=true OUTCOME_WRITE=true REASON="NONE"
[2026-08-10T06:31:21.402Z] PID=32188 APP_ID="test_easy_123" JOB_ID="test_easy_123" COMPANY="Easy Company" ROLE="Full Stack Developer" JOB_URL="https://www.naukri.com/job-listings-easy-dev-123" SUBMISSION_RESULT="WAITING_CONFIRMATION" HISTORY_WRITE=true OUTCOME_WRITE=true REASON="NONE"
[2026-08-10T06:31:21.425Z] PID=32188 APP_ID="test_easy_123" JOB_ID="test_easy_123" COMPANY="Easy Company" ROLE="Full Stack Developer" JOB_URL="https://www.naukri.com/job-listings-easy-dev-123" SUBMISSION_RESULT="SUBMITTED" HISTORY_WRITE=true OUTCOME_WRITE=true REASON="NONE"
[2026-08-10T06:31:21.873Z] PID=32188 APP_ID="guard_test_123" JOB_ID="guard_test_123" COMPANY="Guard Company" ROLE="React JS Developer" JOB_URL="https://www.naukri.com/job-listings-guard-test-123" SUBMISSION_RESULT="SUBMITTED" HISTORY_WRITE=true OUTCOME_WRITE=true REASON="NONE"
[2026-08-10T06:31:24.419Z] PID=32188 APP_ID="app_test_999" JOB_ID="job_test_999" COMPANY="Test Company" ROLE="Backend Developer" JOB_URL="https://www.naukri.com/job-listings-test-company-999" SUBMISSION_RESULT="SUBMITTED" HISTORY_WRITE=true OUTCOME_WRITE=true REASON="NONE"
[2026-08-10T06:31:24.424Z] PID=32188 APP_ID="" JOB_ID="" COMPANY="" ROLE="" JOB_URL="" SUBMISSION_RESULT="INVALID_RECORD" HISTORY_WRITE=false OUTCOME_WRITE=false REASON="INVALID_APPLICATION_RECORD"
[2026-08-10T06:33:07.491Z] PID=31188 APP_ID="0bd6a14980" JOB_ID="test123" COMPANY="Company" ROLE="Software Developer" JOB_URL="https://www.naukri.com/job-listings-test-123" SUBMISSION_RESULT="SUBMITTED" HISTORY_WRITE=true OUTCOME_WRITE=true REASON="NONE"
[2026-08-10T06:33:08.494Z] PID=31188 APP_ID="test_ext_456" JOB_ID="test_ext_456" COMPANY="External Company" ROLE="Backend Engineer" JOB_URL="https://www.naukri.com/job-listings-external-dev-456" SUBMISSION_RESULT="MANUAL_REQUIRED" HISTORY_WRITE=true OUTCOME_WRITE=true REASON="NONE"
[2026-08-10T06:33:08.535Z] PID=31188 APP_ID="test_easy_123" JOB_ID="test_easy_123" COMPANY="Easy Company" ROLE="Full Stack Developer" JOB_URL="https://www.naukri.com/job-listings-easy-dev-123" SUBMISSION_RESULT="WAITING_CONFIRMATION" HISTORY_WRITE=true OUTCOME_WRITE=true REASON="NONE"
[2026-08-10T06:33:08.557Z] PID=31188 APP_ID="test_easy_123" JOB_ID="test_easy_123" COMPANY="Easy Company" ROLE="Full Stack Developer" JOB_URL="https://www.naukri.com/job-listings-easy-dev-123" SUBMISSION_RESULT="SUBMITTED" HISTORY_WRITE=true OUTCOME_WRITE=true REASON="NONE"
[2026-08-10T06:33:08.986Z] PID=31188 APP_ID="guard_test_123" JOB_ID="guard_test_123" COMPANY="Guard Company" ROLE="React JS Developer" JOB_URL="https://www.naukri.com/job-listings-guard-test-123" SUBMISSION_RESULT="SUBMITTED" HISTORY_WRITE=true OUTCOME_WRITE=true REASON="NONE"
[2026-08-10T06:33:11.892Z] PID=31188 APP_ID="app_test_999" JOB_ID="job_test_999" COMPANY="Test Company" ROLE="Backend Developer" JOB_URL="https://www.naukri.com/job-listings-test-company-999" SUBMISSION_RESULT="SUBMITTED" HISTORY_WRITE=true OUTCOME_WRITE=true REASON="NONE"
[2026-08-10T06:33:11.896Z] PID=31188 APP_ID="" JOB_ID="" COMPANY="" ROLE="" JOB_URL="" SUBMISSION_RESULT="INVALID_RECORD" HISTORY_WRITE=false OUTCOME_WRITE=false REASON="INVALID_APPLICATION_RECORD"
[2026-08-10T06:35:03.348Z] PID=1820 APP_ID="0bd6a14980" JOB_ID="test123" COMPANY="Company" ROLE="Software Developer" JOB_URL="https://www.naukri.com/job-listings-test-123" SUBMISSION_RESULT="SUBMITTED" HISTORY_WRITE=true OUTCOME_WRITE=true REASON="NONE"
[2026-08-10T06:35:04.356Z] PID=1820 APP_ID="test_ext_456" JOB_ID="test_ext_456" COMPANY="External Company" ROLE="Backend Engineer" JOB_URL="https://www.naukri.com/job-listings-external-dev-456" SUBMISSION_RESULT="MANUAL_REQUIRED" HISTORY_WRITE=true OUTCOME_WRITE=true REASON="NONE"
[2026-08-10T06:35:04.393Z] PID=1820 APP_ID="test_easy_123" JOB_ID="test_easy_123" COMPANY="Easy Company" ROLE="Full Stack Developer" JOB_URL="https://www.naukri.com/job-listings-easy-dev-123" SUBMISSION_RESULT="WAITING_CONFIRMATION" HISTORY_WRITE=true OUTCOME_WRITE=true REASON="NONE"
[2026-08-10T06:35:04.419Z] PID=1820 APP_ID="test_easy_123" JOB_ID="test_easy_123" COMPANY="Easy Company" ROLE="Full Stack Developer" JOB_URL="https://www.naukri.com/job-listings-easy-dev-123" SUBMISSION_RESULT="SUBMITTED" HISTORY_WRITE=true OUTCOME_WRITE=true REASON="NONE"
[2026-08-10T06:35:04.834Z] PID=1820 APP_ID="guard_test_123" JOB_ID="guard_test_123" COMPANY="Guard Company" ROLE="React JS Developer" JOB_URL="https://www.naukri.com/job-listings-guard-test-123" SUBMISSION_RESULT="SUBMITTED" HISTORY_WRITE=true OUTCOME_WRITE=true REASON="NONE"
[2026-08-10T06:35:07.831Z] PID=1820 APP_ID="app_test_999" JOB_ID="job_test_999" COMPANY="Test Company" ROLE="Backend Developer" JOB_URL="https://www.naukri.com/job-listings-test-company-999" SUBMISSION_RESULT="SUBMITTED" HISTORY_WRITE=true OUTCOME_WRITE=true REASON="NONE"
[2026-08-10T06:35:07.847Z] PID=1820 APP_ID="" JOB_ID="" COMPANY="" ROLE="" JOB_URL="" SUBMISSION_RESULT="INVALID_RECORD" HISTORY_WRITE=false OUTCOME_WRITE=false REASON="INVALID_APPLICATION_RECORD"
[2026-08-10T06:37:33.413Z] PID=22008 APP_ID="0bd6a14980" JOB_ID="test123" COMPANY="Company" ROLE="Software Developer" JOB_URL="https://www.naukri.com/job-listings-test-123" SUBMISSION_RESULT="SUBMITTED" HISTORY_WRITE=true OUTCOME_WRITE=true REASON="NONE"
[2026-08-10T06:37:34.461Z] PID=22008 APP_ID="test_ext_456" JOB_ID="test_ext_456" COMPANY="External Company" ROLE="Backend Engineer" JOB_URL="https://www.naukri.com/job-listings-external-dev-456" SUBMISSION_RESULT="MANUAL_REQUIRED" HISTORY_WRITE=true OUTCOME_WRITE=true REASON="NONE"
[2026-08-10T06:37:34.501Z] PID=22008 APP_ID="test_easy_123" JOB_ID="test_easy_123" COMPANY="Easy Company" ROLE="Full Stack Developer" JOB_URL="https://www.naukri.com/job-listings-easy-dev-123" SUBMISSION_RESULT="WAITING_CONFIRMATION" HISTORY_WRITE=true OUTCOME_WRITE=true REASON="NONE"
[2026-08-10T06:37:34.526Z] PID=22008 APP_ID="test_easy_123" JOB_ID="test_easy_123" COMPANY="Easy Company" ROLE="Full Stack Developer" JOB_URL="https://www.naukri.com/job-listings-easy-dev-123" SUBMISSION_RESULT="SUBMITTED" HISTORY_WRITE=true OUTCOME_WRITE=true REASON="NONE"
[2026-08-10T06:37:36.330Z] PID=22008 APP_ID="guard_test_123" JOB_ID="guard_test_123" COMPANY="Guard Company" ROLE="React JS Developer" JOB_URL="https://www.naukri.com/job-listings-guard-test-123" SUBMISSION_RESULT="SUBMITTED" HISTORY_WRITE=true OUTCOME_WRITE=true REASON="NONE"
[2026-08-10T06:37:38.045Z] PID=22008 APP_ID="app_test_999" JOB_ID="job_test_999" COMPANY="Test Company" ROLE="Backend Developer" JOB_URL="https://www.naukri.com/job-listings-test-company-999" SUBMISSION_RESULT="SUBMITTED" HISTORY_WRITE=true OUTCOME_WRITE=true REASON="NONE"
[2026-08-10T06:37:38.062Z] PID=22008 APP_ID="" JOB_ID="" COMPANY="" ROLE="" JOB_URL="" SUBMISSION_RESULT="INVALID_RECORD" HISTORY_WRITE=false OUTCOME_WRITE=false REASON="INVALID_APPLICATION_RECORD"
[2026-08-10T06:38:13.892Z] PID=33784 APP_ID="0bd6a14980" JOB_ID="test123" COMPANY="Company" ROLE="Software Developer" JOB_URL="https://www.naukri.com/job-listings-test-123" SUBMISSION_RESULT="SUBMITTED" HISTORY_WRITE=true OUTCOME_WRITE=true REASON="NONE"
[2026-08-10T06:38:14.926Z] PID=33784 APP_ID="test_ext_456" JOB_ID="test_ext_456" COMPANY="External Company" ROLE="Backend Engineer" JOB_URL="https://www.naukri.com/job-listings-external-dev-456" SUBMISSION_RESULT="MANUAL_REQUIRED" HISTORY_WRITE=true OUTCOME_WRITE=true REASON="NONE"
[2026-08-10T06:38:14.969Z] PID=33784 APP_ID="test_easy_123" JOB_ID="test_easy_123" COMPANY="Easy Company" ROLE="Full Stack Developer" JOB_URL="https://www.naukri.com/job-listings-easy-dev-123" SUBMISSION_RESULT="WAITING_CONFIRMATION" HISTORY_WRITE=true OUTCOME_WRITE=true REASON="NONE"
[2026-08-10T06:38:14.991Z] PID=33784 APP_ID="test_easy_123" JOB_ID="test_easy_123" COMPANY="Easy Company" ROLE="Full Stack Developer" JOB_URL="https://www.naukri.com/job-listings-easy-dev-123" SUBMISSION_RESULT="SUBMITTED" HISTORY_WRITE=true OUTCOME_WRITE=true REASON="NONE"
[2026-08-10T06:38:16.306Z] PID=33784 APP_ID="guard_test_123" JOB_ID="guard_test_123" COMPANY="Guard Company" ROLE="React JS Developer" JOB_URL="https://www.naukri.com/job-listings-guard-test-123" SUBMISSION_RESULT="SUBMITTED" HISTORY_WRITE=true OUTCOME_WRITE=true REASON="NONE"
[2026-08-10T06:38:18.385Z] PID=33784 APP_ID="app_test_999" JOB_ID="job_test_999" COMPANY="Test Company" ROLE="Backend Developer" JOB_URL="https://www.naukri.com/job-listings-test-company-999" SUBMISSION_RESULT="SUBMITTED" HISTORY_WRITE=true OUTCOME_WRITE=true REASON="NONE"
[2026-08-10T06:38:18.398Z] PID=33784 APP_ID="" JOB_ID="" COMPANY="" ROLE="" JOB_URL="" SUBMISSION_RESULT="INVALID_RECORD" HISTORY_WRITE=false OUTCOME_WRITE=false REASON="INVALID_APPLICATION_RECORD"
[2026-08-10T06:42:29.690Z] PID=22824 APP_ID="0bd6a14980" JOB_ID="test123" COMPANY="Company" ROLE="Software Developer" JOB_URL="https://www.naukri.com/job-listings-test-123" SUBMISSION_RESULT="SUBMITTED" HISTORY_WRITE=true OUTCOME_WRITE=true REASON="NONE"
[2026-08-10T06:42:30.257Z] PID=22824 APP_ID="test_ext_456" JOB_ID="test_ext_456" COMPANY="External Company" ROLE="Backend Engineer" JOB_URL="https://www.naukri.com/job-listings-external-dev-456" SUBMISSION_RESULT="MANUAL_REQUIRED" HISTORY_WRITE=true OUTCOME_WRITE=true REASON="NONE"
[2026-08-10T06:42:30.299Z] PID=22824 APP_ID="test_easy_123" JOB_ID="test_easy_123" COMPANY="Easy Company" ROLE="Full Stack Developer" JOB_URL="https://www.naukri.com/job-listings-easy-dev-123" SUBMISSION_RESULT="WAITING_CONFIRMATION" HISTORY_WRITE=true OUTCOME_WRITE=true REASON="NONE"
[2026-08-10T06:42:30.321Z] PID=22824 APP_ID="test_easy_123" JOB_ID="test_easy_123" COMPANY="Easy Company" ROLE="Full Stack Developer" JOB_URL="https://www.naukri.com/job-listings-easy-dev-123" SUBMISSION_RESULT="SUBMITTED" HISTORY_WRITE=true OUTCOME_WRITE=true REASON="NONE"
[2026-08-10T06:42:30.864Z] PID=22824 APP_ID="guard_test_123" JOB_ID="guard_test_123" COMPANY="Guard Company" ROLE="React JS Developer" JOB_URL="https://www.naukri.com/job-listings-guard-test-123" SUBMISSION_RESULT="SUBMITTED" HISTORY_WRITE=true OUTCOME_WRITE=true REASON="NONE"
[2026-08-10T06:42:36.429Z] PID=22824 APP_ID="app_test_999" JOB_ID="job_test_999" COMPANY="Test Company" ROLE="Backend Developer" JOB_URL="https://www.naukri.com/job-listings-test-company-999" SUBMISSION_RESULT="SUBMITTED" HISTORY_WRITE=true OUTCOME_WRITE=true REASON="NONE"
[2026-08-10T06:42:36.445Z] PID=22824 APP_ID="" JOB_ID="" COMPANY="" ROLE="" JOB_URL="" SUBMISSION_RESULT="INVALID_RECORD" HISTORY_WRITE=false OUTCOME_WRITE=false REASON="INVALID_APPLICATION_RECORD"
[2026-08-10T06:43:34.091Z] PID=9920 APP_ID="0bd6a14980" JOB_ID="test123" COMPANY="Company" ROLE="Software Developer" JOB_URL="https://www.naukri.com/job-listings-test-123" SUBMISSION_RESULT="SUBMITTED" HISTORY_WRITE=true OUTCOME_WRITE=true REASON="NONE"
[2026-08-10T06:43:34.557Z] PID=9920 APP_ID="test_ext_456" JOB_ID="test_ext_456" COMPANY="External Company" ROLE="Backend Engineer" JOB_URL="https://www.naukri.com/job-listings-external-dev-456" SUBMISSION_RESULT="MANUAL_REQUIRED" HISTORY_WRITE=true OUTCOME_WRITE=true REASON="NONE"
[2026-08-10T06:43:34.594Z] PID=9920 APP_ID="test_easy_123" JOB_ID="test_easy_123" COMPANY="Easy Company" ROLE="Full Stack Developer" JOB_URL="https://www.naukri.com/job-listings-easy-dev-123" SUBMISSION_RESULT="WAITING_CONFIRMATION" HISTORY_WRITE=true OUTCOME_WRITE=true REASON="NONE"
[2026-08-10T06:43:34.622Z] PID=9920 APP_ID="test_easy_123" JOB_ID="test_easy_123" COMPANY="Easy Company" ROLE="Full Stack Developer" JOB_URL="https://www.naukri.com/job-listings-easy-dev-123" SUBMISSION_RESULT="SUBMITTED" HISTORY_WRITE=true OUTCOME_WRITE=true REASON="NONE"
[2026-08-10T06:43:35.023Z] PID=9920 APP_ID="guard_test_123" JOB_ID="guard_test_123" COMPANY="Guard Company" ROLE="React JS Developer" JOB_URL="https://www.naukri.com/job-listings-guard-test-123" SUBMISSION_RESULT="SUBMITTED" HISTORY_WRITE=true OUTCOME_WRITE=true REASON="NONE"
[2026-08-10T06:43:37.929Z] PID=9920 APP_ID="app_test_999" JOB_ID="job_test_999" COMPANY="Test Company" ROLE="Backend Developer" JOB_URL="https://www.naukri.com/job-listings-test-company-999" SUBMISSION_RESULT="SUBMITTED" HISTORY_WRITE=true OUTCOME_WRITE=true REASON="NONE"
[2026-08-10T06:43:37.945Z] PID=9920 APP_ID="" JOB_ID="" COMPANY="" ROLE="" JOB_URL="" SUBMISSION_RESULT="INVALID_RECORD" HISTORY_WRITE=false OUTCOME_WRITE=false REASON="INVALID_APPLICATION_RECORD"
[2026-08-10T06:46:04.478Z] PID=17256 APP_ID="0bd6a14980" JOB_ID="test123" COMPANY="Company" ROLE="Software Developer" JOB_URL="https://www.naukri.com/job-listings-test-123" SUBMISSION_RESULT="SUBMITTED" HISTORY_WRITE=true OUTCOME_WRITE=true REASON="NONE"
[2026-08-10T06:46:05.917Z] PID=17256 APP_ID="test_ext_456" JOB_ID="test_ext_456" COMPANY="External Company" ROLE="Backend Engineer" JOB_URL="https://www.naukri.com/job-listings-external-dev-456" SUBMISSION_RESULT="MANUAL_REQUIRED" HISTORY_WRITE=true OUTCOME_WRITE=true REASON="NONE"
[2026-08-10T06:46:05.953Z] PID=17256 APP_ID="test_easy_123" JOB_ID="test_easy_123" COMPANY="Easy Company" ROLE="Full Stack Developer" JOB_URL="https://www.naukri.com/job-listings-easy-dev-123" SUBMISSION_RESULT="WAITING_CONFIRMATION" HISTORY_WRITE=true OUTCOME_WRITE=true REASON="NONE"
[2026-08-10T06:46:05.977Z] PID=17256 APP_ID="test_easy_123" JOB_ID="test_easy_123" COMPANY="Easy Company" ROLE="Full Stack Developer" JOB_URL="https://www.naukri.com/job-listings-easy-dev-123" SUBMISSION_RESULT="SUBMITTED" HISTORY_WRITE=true OUTCOME_WRITE=true REASON="NONE"
[2026-08-10T06:46:06.816Z] PID=17256 APP_ID="guard_test_123" JOB_ID="guard_test_123" COMPANY="Guard Company" ROLE="React JS Developer" JOB_URL="https://www.naukri.com/job-listings-guard-test-123" SUBMISSION_RESULT="SUBMITTED" HISTORY_WRITE=true OUTCOME_WRITE=true REASON="NONE"
[2026-08-10T06:46:08.942Z] PID=17256 APP_ID="app_test_999" JOB_ID="job_test_999" COMPANY="Test Company" ROLE="Backend Developer" JOB_URL="https://www.naukri.com/job-listings-test-company-999" SUBMISSION_RESULT="SUBMITTED" HISTORY_WRITE=true OUTCOME_WRITE=true REASON="NONE"
[2026-08-10T06:46:08.959Z] PID=17256 APP_ID="" JOB_ID="" COMPANY="" ROLE="" JOB_URL="" SUBMISSION_RESULT="INVALID_RECORD" HISTORY_WRITE=false OUTCOME_WRITE=false REASON="INVALID_APPLICATION_RECORD"
[2026-08-10T06:48:29.428Z] PID=19468 APP_ID="0bd6a14980" JOB_ID="test123" COMPANY="Company" ROLE="Software Developer" JOB_URL="https://www.naukri.com/job-listings-test-123" SUBMISSION_RESULT="SUBMITTED" HISTORY_WRITE=true OUTCOME_WRITE=true REASON="NONE"
[2026-08-10T06:48:29.855Z] PID=19468 APP_ID="test_ext_456" JOB_ID="test_ext_456" COMPANY="External Company" ROLE="Backend Engineer" JOB_URL="https://www.naukri.com/job-listings-external-dev-456" SUBMISSION_RESULT="MANUAL_REQUIRED" HISTORY_WRITE=true OUTCOME_WRITE=true REASON="NONE"
[2026-08-10T06:48:29.894Z] PID=19468 APP_ID="test_easy_123" JOB_ID="test_easy_123" COMPANY="Easy Company" ROLE="Full Stack Developer" JOB_URL="https://www.naukri.com/job-listings-easy-dev-123" SUBMISSION_RESULT="WAITING_CONFIRMATION" HISTORY_WRITE=true OUTCOME_WRITE=true REASON="NONE"
[2026-08-10T06:48:29.916Z] PID=19468 APP_ID="test_easy_123" JOB_ID="test_easy_123" COMPANY="Easy Company" ROLE="Full Stack Developer" JOB_URL="https://www.naukri.com/job-listings-easy-dev-123" SUBMISSION_RESULT="SUBMITTED" HISTORY_WRITE=true OUTCOME_WRITE=true REASON="NONE"
[2026-08-10T06:48:31.148Z] PID=19468 APP_ID="guard_test_123" JOB_ID="guard_test_123" COMPANY="Guard Company" ROLE="React JS Developer" JOB_URL="https://www.naukri.com/job-listings-guard-test-123" SUBMISSION_RESULT="SUBMITTED" HISTORY_WRITE=true OUTCOME_WRITE=true REASON="NONE"
[2026-08-10T06:48:33.195Z] PID=19468 APP_ID="app_test_999" JOB_ID="job_test_999" COMPANY="Test Company" ROLE="Backend Developer" JOB_URL="https://www.naukri.com/job-listings-test-company-999" SUBMISSION_RESULT="SUBMITTED" HISTORY_WRITE=true OUTCOME_WRITE=true REASON="NONE"
[2026-08-10T06:48:33.210Z] PID=19468 APP_ID="" JOB_ID="" COMPANY="" ROLE="" JOB_URL="" SUBMISSION_RESULT="INVALID_RECORD" HISTORY_WRITE=false OUTCOME_WRITE=false REASON="INVALID_APPLICATION_RECORD"
[2026-08-10T06:49:05.990Z] PID=21972 APP_ID="0bd6a14980" JOB_ID="test123" COMPANY="Company" ROLE="Software Developer" JOB_URL="https://www.naukri.com/job-listings-test-123" SUBMISSION_RESULT="SUBMITTED" HISTORY_WRITE=true OUTCOME_WRITE=true REASON="NONE"
[2026-08-10T06:49:06.421Z] PID=21972 APP_ID="test_ext_456" JOB_ID="test_ext_456" COMPANY="External Company" ROLE="Backend Engineer" JOB_URL="https://www.naukri.com/job-listings-external-dev-456" SUBMISSION_RESULT="MANUAL_REQUIRED" HISTORY_WRITE=true OUTCOME_WRITE=true REASON="NONE"
[2026-08-10T06:49:06.465Z] PID=21972 APP_ID="test_easy_123" JOB_ID="test_easy_123" COMPANY="Easy Company" ROLE="Full Stack Developer" JOB_URL="https://www.naukri.com/job-listings-easy-dev-123" SUBMISSION_RESULT="WAITING_CONFIRMATION" HISTORY_WRITE=true OUTCOME_WRITE=true REASON="NONE"
[2026-08-10T06:49:06.489Z] PID=21972 APP_ID="test_easy_123" JOB_ID="test_easy_123" COMPANY="Easy Company" ROLE="Full Stack Developer" JOB_URL="https://www.naukri.com/job-listings-easy-dev-123" SUBMISSION_RESULT="SUBMITTED" HISTORY_WRITE=true OUTCOME_WRITE=true REASON="NONE"
[2026-08-10T06:49:07.323Z] PID=21972 APP_ID="guard_test_123" JOB_ID="guard_test_123" COMPANY="Guard Company" ROLE="React JS Developer" JOB_URL="https://www.naukri.com/job-listings-guard-test-123" SUBMISSION_RESULT="SUBMITTED" HISTORY_WRITE=true OUTCOME_WRITE=true REASON="NONE"
[2026-08-10T06:49:09.798Z] PID=21972 APP_ID="app_test_999" JOB_ID="job_test_999" COMPANY="Test Company" ROLE="Backend Developer" JOB_URL="https://www.naukri.com/job-listings-test-company-999" SUBMISSION_RESULT="SUBMITTED" HISTORY_WRITE=true OUTCOME_WRITE=true REASON="NONE"
[2026-08-10T06:49:09.811Z] PID=21972 APP_ID="" JOB_ID="" COMPANY="" ROLE="" JOB_URL="" SUBMISSION_RESULT="INVALID_RECORD" HISTORY_WRITE=false OUTCOME_WRITE=false REASON="INVALID_APPLICATION_RECORD"
[2026-08-10T06:49:40.866Z] PID=16860 APP_ID="0bd6a14980" JOB_ID="test123" COMPANY="Company" ROLE="Software Developer" JOB_URL="https://www.naukri.com/job-listings-test-123" SUBMISSION_RESULT="SUBMITTED" HISTORY_WRITE=true OUTCOME_WRITE=true REASON="NONE"
[2026-08-10T06:49:41.674Z] PID=16860 APP_ID="test_ext_456" JOB_ID="test_ext_456" COMPANY="External Company" ROLE="Backend Engineer" JOB_URL="https://www.naukri.com/job-listings-external-dev-456" SUBMISSION_RESULT="MANUAL_REQUIRED" HISTORY_WRITE=true OUTCOME_WRITE=true REASON="NONE"
[2026-08-10T06:49:41.716Z] PID=16860 APP_ID="test_easy_123" JOB_ID="test_easy_123" COMPANY="Easy Company" ROLE="Full Stack Developer" JOB_URL="https://www.naukri.com/job-listings-easy-dev-123" SUBMISSION_RESULT="WAITING_CONFIRMATION" HISTORY_WRITE=true OUTCOME_WRITE=true REASON="NONE"
[2026-08-10T06:49:41.746Z] PID=16860 APP_ID="test_easy_123" JOB_ID="test_easy_123" COMPANY="Easy Company" ROLE="Full Stack Developer" JOB_URL="https://www.naukri.com/job-listings-easy-dev-123" SUBMISSION_RESULT="SUBMITTED" HISTORY_WRITE=true OUTCOME_WRITE=true REASON="NONE"
[2026-08-10T06:49:43.001Z] PID=16860 APP_ID="guard_test_123" JOB_ID="guard_test_123" COMPANY="Guard Company" ROLE="React JS Developer" JOB_URL="https://www.naukri.com/job-listings-guard-test-123" SUBMISSION_RESULT="SUBMITTED" HISTORY_WRITE=true OUTCOME_WRITE=true REASON="NONE"
[2026-08-10T06:49:44.639Z] PID=16860 APP_ID="app_test_999" JOB_ID="job_test_999" COMPANY="Test Company" ROLE="Backend Developer" JOB_URL="https://www.naukri.com/job-listings-test-company-999" SUBMISSION_RESULT="SUBMITTED" HISTORY_WRITE=true OUTCOME_WRITE=true REASON="NONE"
[2026-08-10T06:49:44.657Z] PID=16860 APP_ID="" JOB_ID="" COMPANY="" ROLE="" JOB_URL="" SUBMISSION_RESULT="INVALID_RECORD" HISTORY_WRITE=false OUTCOME_WRITE=false REASON="INVALID_APPLICATION_RECORD"
[2026-08-10T06:50:02.612Z] PID=32628 APP_ID="0bd6a14980" JOB_ID="test123" COMPANY="Company" ROLE="Software Developer" JOB_URL="https://www.naukri.com/job-listings-test-123" SUBMISSION_RESULT="SUBMITTED" HISTORY_WRITE=true OUTCOME_WRITE=true REASON="NONE"
[2026-08-10T06:50:03.051Z] PID=32628 APP_ID="test_ext_456" JOB_ID="test_ext_456" COMPANY="External Company" ROLE="Backend Engineer" JOB_URL="https://www.naukri.com/job-listings-external-dev-456" SUBMISSION_RESULT="MANUAL_REQUIRED" HISTORY_WRITE=true OUTCOME_WRITE=true REASON="NONE"
[2026-08-10T06:50:03.086Z] PID=32628 APP_ID="test_easy_123" JOB_ID="test_easy_123" COMPANY="Easy Company" ROLE="Full Stack Developer" JOB_URL="https://www.naukri.com/job-listings-easy-dev-123" SUBMISSION_RESULT="WAITING_CONFIRMATION" HISTORY_WRITE=true OUTCOME_WRITE=true REASON="NONE"
[2026-08-10T06:50:03.108Z] PID=32628 APP_ID="test_easy_123" JOB_ID="test_easy_123" COMPANY="Easy Company" ROLE="Full Stack Developer" JOB_URL="https://www.naukri.com/job-listings-easy-dev-123" SUBMISSION_RESULT="SUBMITTED" HISTORY_WRITE=true OUTCOME_WRITE=true REASON="NONE"
[2026-08-10T06:50:04.294Z] PID=32628 APP_ID="guard_test_123" JOB_ID="guard_test_123" COMPANY="Guard Company" ROLE="React JS Developer" JOB_URL="https://www.naukri.com/job-listings-guard-test-123" SUBMISSION_RESULT="SUBMITTED" HISTORY_WRITE=true OUTCOME_WRITE=true REASON="NONE"
[2026-08-10T06:50:06.321Z] PID=32628 APP_ID="app_test_999" JOB_ID="job_test_999" COMPANY="Test Company" ROLE="Backend Developer" JOB_URL="https://www.naukri.com/job-listings-test-company-999" SUBMISSION_RESULT="SUBMITTED" HISTORY_WRITE=true OUTCOME_WRITE=true REASON="NONE"
[2026-08-10T06:50:06.338Z] PID=32628 APP_ID="" JOB_ID="" COMPANY="" ROLE="" JOB_URL="" SUBMISSION_RESULT="INVALID_RECORD" HISTORY_WRITE=false OUTCOME_WRITE=false REASON="INVALID_APPLICATION_RECORD"
[2026-08-10T06:54:07.047Z] PID=19700 APP_ID="0bd6a14980" JOB_ID="test123" COMPANY="Company" ROLE="Software Developer" JOB_URL="https://www.naukri.com/job-listings-test-123" SUBMISSION_RESULT="SUBMITTED" HISTORY_WRITE=true OUTCOME_WRITE=true REASON="NONE"
[2026-08-10T06:54:07.599Z] PID=19700 APP_ID="test_ext_456" JOB_ID="test_ext_456" COMPANY="External Company" ROLE="Backend Engineer" JOB_URL="https://www.naukri.com/job-listings-external-dev-456" SUBMISSION_RESULT="MANUAL_REQUIRED" HISTORY_WRITE=true OUTCOME_WRITE=true REASON="NONE"
[2026-08-10T06:54:07.637Z] PID=19700 APP_ID="test_easy_123" JOB_ID="test_easy_123" COMPANY="Easy Company" ROLE="Full Stack Developer" JOB_URL="https://www.naukri.com/job-listings-easy-dev-123" SUBMISSION_RESULT="WAITING_CONFIRMATION" HISTORY_WRITE=true OUTCOME_WRITE=true REASON="NONE"
[2026-08-10T06:54:07.666Z] PID=19700 APP_ID="test_easy_123" JOB_ID="test_easy_123" COMPANY="Easy Company" ROLE="Full Stack Developer" JOB_URL="https://www.naukri.com/job-listings-easy-dev-123" SUBMISSION_RESULT="SUBMITTED" HISTORY_WRITE=true OUTCOME_WRITE=true REASON="NONE"
[2026-08-10T06:54:08.541Z] PID=19700 APP_ID="guard_test_123" JOB_ID="guard_test_123" COMPANY="Guard Company" ROLE="React JS Developer" JOB_URL="https://www.naukri.com/job-listings-guard-test-123" SUBMISSION_RESULT="SUBMITTED" HISTORY_WRITE=true OUTCOME_WRITE=true REASON="NONE"
[2026-08-10T06:54:10.980Z] PID=19700 APP_ID="app_test_999" JOB_ID="job_test_999" COMPANY="Test Company" ROLE="Backend Developer" JOB_URL="https://www.naukri.com/job-listings-test-company-999" SUBMISSION_RESULT="SUBMITTED" HISTORY_WRITE=true OUTCOME_WRITE=true REASON="NONE"
[2026-08-10T06:54:10.993Z] PID=19700 APP_ID="" JOB_ID="" COMPANY="" ROLE="" JOB_URL="" SUBMISSION_RESULT="INVALID_RECORD" HISTORY_WRITE=false OUTCOME_WRITE=false REASON="INVALID_APPLICATION_RECORD"
[2026-08-10T06:54:26.090Z] PID=30184 APP_ID="0bd6a14980" JOB_ID="test123" COMPANY="Company" ROLE="Software Developer" JOB_URL="https://www.naukri.com/job-listings-test-123" SUBMISSION_RESULT="SUBMITTED" HISTORY_WRITE=true OUTCOME_WRITE=true REASON="NONE"
[2026-08-10T06:54:27.548Z] PID=30184 APP_ID="test_ext_456" JOB_ID="test_ext_456" COMPANY="External Company" ROLE="Backend Engineer" JOB_URL="https://www.naukri.com/job-listings-external-dev-456" SUBMISSION_RESULT="MANUAL_REQUIRED" HISTORY_WRITE=true OUTCOME_WRITE=true REASON="NONE"
[2026-08-10T06:54:27.584Z] PID=30184 APP_ID="test_easy_123" JOB_ID="test_easy_123" COMPANY="Easy Company" ROLE="Full Stack Developer" JOB_URL="https://www.naukri.com/job-listings-easy-dev-123" SUBMISSION_RESULT="WAITING_CONFIRMATION" HISTORY_WRITE=true OUTCOME_WRITE=true REASON="NONE"
[2026-08-10T06:54:27.610Z] PID=30184 APP_ID="test_easy_123" JOB_ID="test_easy_123" COMPANY="Easy Company" ROLE="Full Stack Developer" JOB_URL="https://www.naukri.com/job-listings-easy-dev-123" SUBMISSION_RESULT="SUBMITTED" HISTORY_WRITE=true OUTCOME_WRITE=true REASON="NONE"
[2026-08-10T06:54:28.988Z] PID=30184 APP_ID="guard_test_123" JOB_ID="guard_test_123" COMPANY="Guard Company" ROLE="React JS Developer" JOB_URL="https://www.naukri.com/job-listings-guard-test-123" SUBMISSION_RESULT="SUBMITTED" HISTORY_WRITE=true OUTCOME_WRITE=true REASON="NONE"
[2026-08-10T06:54:30.643Z] PID=30184 APP_ID="app_test_999" JOB_ID="job_test_999" COMPANY="Test Company" ROLE="Backend Developer" JOB_URL="https://www.naukri.com/job-listings-test-company-999" SUBMISSION_RESULT="SUBMITTED" HISTORY_WRITE=true OUTCOME_WRITE=true REASON="NONE"
[2026-08-10T06:54:30.655Z] PID=30184 APP_ID="" JOB_ID="" COMPANY="" ROLE="" JOB_URL="" SUBMISSION_RESULT="INVALID_RECORD" HISTORY_WRITE=false OUTCOME_WRITE=false REASON="INVALID_APPLICATION_RECORD"
[2026-08-10T06:54:44.240Z] PID=11108 APP_ID="0bd6a14980" JOB_ID="test123" COMPANY="Company" ROLE="Software Developer" JOB_URL="https://www.naukri.com/job-listings-test-123" SUBMISSION_RESULT="SUBMITTED" HISTORY_WRITE=true OUTCOME_WRITE=true REASON="NONE"
[2026-08-10T06:54:44.677Z] PID=11108 APP_ID="guard_test_123" JOB_ID="guard_test_123" COMPANY="Guard Company" ROLE="React JS Developer" JOB_URL="https://www.naukri.com/job-listings-guard-test-123" SUBMISSION_RESULT="SUBMITTED" HISTORY_WRITE=true OUTCOME_WRITE=true REASON="NONE"
[2026-08-10T06:54:45.086Z] PID=11108 APP_ID="test_ext_456" JOB_ID="test_ext_456" COMPANY="External Company" ROLE="Backend Engineer" JOB_URL="https://www.naukri.com/job-listings-external-dev-456" SUBMISSION_RESULT="MANUAL_REQUIRED" HISTORY_WRITE=true OUTCOME_WRITE=true REASON="NONE"
[2026-08-10T06:54:45.122Z] PID=11108 APP_ID="test_easy_123" JOB_ID="test_easy_123" COMPANY="Easy Company" ROLE="Full Stack Developer" JOB_URL="https://www.naukri.com/job-listings-easy-dev-123" SUBMISSION_RESULT="WAITING_CONFIRMATION" HISTORY_WRITE=true OUTCOME_WRITE=true REASON="NONE"
[2026-08-10T06:54:45.146Z] PID=11108 APP_ID="test_easy_123" JOB_ID="test_easy_123" COMPANY="Easy Company" ROLE="Full Stack Developer" JOB_URL="https://www.naukri.com/job-listings-easy-dev-123" SUBMISSION_RESULT="SUBMITTED" HISTORY_WRITE=true OUTCOME_WRITE=true REASON="NONE"
[2026-08-10T06:54:48.102Z] PID=11108 APP_ID="app_test_999" JOB_ID="job_test_999" COMPANY="Test Company" ROLE="Backend Developer" JOB_URL="https://www.naukri.com/job-listings-test-company-999" SUBMISSION_RESULT="SUBMITTED" HISTORY_WRITE=true OUTCOME_WRITE=true REASON="NONE"
[2026-08-10T06:54:48.120Z] PID=11108 APP_ID="" JOB_ID="" COMPANY="" ROLE="" JOB_URL="" SUBMISSION_RESULT="INVALID_RECORD" HISTORY_WRITE=false OUTCOME_WRITE=false REASON="INVALID_APPLICATION_RECORD"
[2026-08-10T06:57:28.475Z] PID=16776 APP_ID="0bd6a14980" JOB_ID="test123" COMPANY="Company" ROLE="Software Developer" JOB_URL="https://www.naukri.com/job-listings-test-123" SUBMISSION_RESULT="SUBMITTED" HISTORY_WRITE=true OUTCOME_WRITE=true REASON="NONE"
[2026-08-10T06:57:29.443Z] PID=16776 APP_ID="test_ext_456" JOB_ID="test_ext_456" COMPANY="External Company" ROLE="Backend Engineer" JOB_URL="https://www.naukri.com/job-listings-external-dev-456" SUBMISSION_RESULT="MANUAL_REQUIRED" HISTORY_WRITE=true OUTCOME_WRITE=true REASON="NONE"
[2026-08-10T06:57:29.478Z] PID=16776 APP_ID="test_easy_123" JOB_ID="test_easy_123" COMPANY="Easy Company" ROLE="Full Stack Developer" JOB_URL="https://www.naukri.com/job-listings-easy-dev-123" SUBMISSION_RESULT="WAITING_CONFIRMATION" HISTORY_WRITE=true OUTCOME_WRITE=true REASON="NONE"
[2026-08-10T06:57:29.499Z] PID=16776 APP_ID="test_easy_123" JOB_ID="test_easy_123" COMPANY="Easy Company" ROLE="Full Stack Developer" JOB_URL="https://www.naukri.com/job-listings-easy-dev-123" SUBMISSION_RESULT="SUBMITTED" HISTORY_WRITE=true OUTCOME_WRITE=true REASON="NONE"
[2026-08-10T06:57:30.370Z] PID=16776 APP_ID="guard_test_123" JOB_ID="guard_test_123" COMPANY="Guard Company" ROLE="React JS Developer" JOB_URL="https://www.naukri.com/job-listings-guard-test-123" SUBMISSION_RESULT="SUBMITTED" HISTORY_WRITE=true OUTCOME_WRITE=true REASON="NONE"
[2026-08-10T06:57:32.563Z] PID=16776 APP_ID="app_test_999" JOB_ID="job_test_999" COMPANY="Test Company" ROLE="Backend Developer" JOB_URL="https://www.naukri.com/job-listings-test-company-999" SUBMISSION_RESULT="SUBMITTED" HISTORY_WRITE=true OUTCOME_WRITE=true REASON="NONE"
[2026-08-10T06:57:32.579Z] PID=16776 APP_ID="" JOB_ID="" COMPANY="" ROLE="" JOB_URL="" SUBMISSION_RESULT="INVALID_RECORD" HISTORY_WRITE=false OUTCOME_WRITE=false REASON="INVALID_APPLICATION_RECORD"
[2026-08-10T07:00:40.376Z] PID=17060 APP_ID="0bd6a14980" JOB_ID="test123" COMPANY="Company" ROLE="Software Developer" JOB_URL="https://www.naukri.com/job-listings-test-123" SUBMISSION_RESULT="SUBMITTED" HISTORY_WRITE=true OUTCOME_WRITE=true REASON="NONE"
[2026-08-10T07:00:41.794Z] PID=17060 APP_ID="test_ext_456" JOB_ID="test_ext_456" COMPANY="External Company" ROLE="Backend Engineer" JOB_URL="https://www.naukri.com/job-listings-external-dev-456" SUBMISSION_RESULT="MANUAL_REQUIRED" HISTORY_WRITE=true OUTCOME_WRITE=true REASON="NONE"
[2026-08-10T07:00:41.837Z] PID=17060 APP_ID="test_easy_123" JOB_ID="test_easy_123" COMPANY="Easy Company" ROLE="Full Stack Developer" JOB_URL="https://www.naukri.com/job-listings-easy-dev-123" SUBMISSION_RESULT="WAITING_CONFIRMATION" HISTORY_WRITE=true OUTCOME_WRITE=true REASON="NONE"
[2026-08-10T07:00:41.862Z] PID=17060 APP_ID="test_easy_123" JOB_ID="test_easy_123" COMPANY="Easy Company" ROLE="Full Stack Developer" JOB_URL="https://www.naukri.com/job-listings-easy-dev-123" SUBMISSION_RESULT="SUBMITTED" HISTORY_WRITE=true OUTCOME_WRITE=true REASON="NONE"
[2026-08-10T07:00:42.258Z] PID=17060 APP_ID="guard_test_123" JOB_ID="guard_test_123" COMPANY="Guard Company" ROLE="React JS Developer" JOB_URL="https://www.naukri.com/job-listings-guard-test-123" SUBMISSION_RESULT="SUBMITTED" HISTORY_WRITE=true OUTCOME_WRITE=true REASON="NONE"
[2026-08-10T07:00:44.770Z] PID=17060 APP_ID="app_test_999" JOB_ID="job_test_999" COMPANY="Test Company" ROLE="Backend Developer" JOB_URL="https://www.naukri.com/job-listings-test-company-999" SUBMISSION_RESULT="SUBMITTED" HISTORY_WRITE=true OUTCOME_WRITE=true REASON="NONE"
[2026-08-10T07:00:44.788Z] PID=17060 APP_ID="" JOB_ID="" COMPANY="" ROLE="" JOB_URL="" SUBMISSION_RESULT="INVALID_RECORD" HISTORY_WRITE=false OUTCOME_WRITE=false REASON="INVALID_APPLICATION_RECORD"
[2026-08-10T07:01:08.986Z] PID=9072 APP_ID="0bd6a14980" JOB_ID="test123" COMPANY="Company" ROLE="Software Developer" JOB_URL="https://www.naukri.com/job-listings-test-123" SUBMISSION_RESULT="SUBMITTED" HISTORY_WRITE=true OUTCOME_WRITE=true REASON="NONE"
[2026-08-10T07:01:09.843Z] PID=9072 APP_ID="test_ext_456" JOB_ID="test_ext_456" COMPANY="External Company" ROLE="Backend Engineer" JOB_URL="https://www.naukri.com/job-listings-external-dev-456" SUBMISSION_RESULT="MANUAL_REQUIRED" HISTORY_WRITE=true OUTCOME_WRITE=true REASON="NONE"
[2026-08-10T07:01:09.880Z] PID=9072 APP_ID="test_easy_123" JOB_ID="test_easy_123" COMPANY="Easy Company" ROLE="Full Stack Developer" JOB_URL="https://www.naukri.com/job-listings-easy-dev-123" SUBMISSION_RESULT="WAITING_CONFIRMATION" HISTORY_WRITE=true OUTCOME_WRITE=true REASON="NONE"
[2026-08-10T07:01:09.903Z] PID=9072 APP_ID="test_easy_123" JOB_ID="test_easy_123" COMPANY="Easy Company" ROLE="Full Stack Developer" JOB_URL="https://www.naukri.com/job-listings-easy-dev-123" SUBMISSION_RESULT="SUBMITTED" HISTORY_WRITE=true OUTCOME_WRITE=true REASON="NONE"
[2026-08-10T07:01:10.301Z] PID=9072 APP_ID="guard_test_123" JOB_ID="guard_test_123" COMPANY="Guard Company" ROLE="React JS Developer" JOB_URL="https://www.naukri.com/job-listings-guard-test-123" SUBMISSION_RESULT="SUBMITTED" HISTORY_WRITE=true OUTCOME_WRITE=true REASON="NONE"
[2026-08-10T07:01:12.717Z] PID=9072 APP_ID="app_test_999" JOB_ID="job_test_999" COMPANY="Test Company" ROLE="Backend Developer" JOB_URL="https://www.naukri.com/job-listings-test-company-999" SUBMISSION_RESULT="SUBMITTED" HISTORY_WRITE=true OUTCOME_WRITE=true REASON="NONE"
[2026-08-10T07:01:12.730Z] PID=9072 APP_ID="" JOB_ID="" COMPANY="" ROLE="" JOB_URL="" SUBMISSION_RESULT="INVALID_RECORD" HISTORY_WRITE=false OUTCOME_WRITE=false REASON="INVALID_APPLICATION_RECORD"
[2026-08-10T07:01:33.906Z] PID=4600 APP_ID="0bd6a14980" JOB_ID="test123" COMPANY="Company" ROLE="Software Developer" JOB_URL="https://www.naukri.com/job-listings-test-123" SUBMISSION_RESULT="SUBMITTED" HISTORY_WRITE=true OUTCOME_WRITE=true REASON="NONE"
[2026-08-10T07:01:34.864Z] PID=4600 APP_ID="test_ext_456" JOB_ID="test_ext_456" COMPANY="External Company" ROLE="Backend Engineer" JOB_URL="https://www.naukri.com/job-listings-external-dev-456" SUBMISSION_RESULT="MANUAL_REQUIRED" HISTORY_WRITE=true OUTCOME_WRITE=true REASON="NONE"
[2026-08-10T07:01:34.898Z] PID=4600 APP_ID="test_easy_123" JOB_ID="test_easy_123" COMPANY="Easy Company" ROLE="Full Stack Developer" JOB_URL="https://www.naukri.com/job-listings-easy-dev-123" SUBMISSION_RESULT="WAITING_CONFIRMATION" HISTORY_WRITE=true OUTCOME_WRITE=true REASON="NONE"
[2026-08-10T07:01:34.919Z] PID=4600 APP_ID="test_easy_123" JOB_ID="test_easy_123" COMPANY="Easy Company" ROLE="Full Stack Developer" JOB_URL="https://www.naukri.com/job-listings-easy-dev-123" SUBMISSION_RESULT="SUBMITTED" HISTORY_WRITE=true OUTCOME_WRITE=true REASON="NONE"
[2026-08-10T07:01:36.585Z] PID=4600 APP_ID="guard_test_123" JOB_ID="guard_test_123" COMPANY="Guard Company" ROLE="React JS Developer" JOB_URL="https://www.naukri.com/job-listings-guard-test-123" SUBMISSION_RESULT="SUBMITTED" HISTORY_WRITE=true OUTCOME_WRITE=true REASON="NONE"
[2026-08-10T07:01:38.544Z] PID=4600 APP_ID="app_test_999" JOB_ID="job_test_999" COMPANY="Test Company" ROLE="Backend Developer" JOB_URL="https://www.naukri.com/job-listings-test-company-999" SUBMISSION_RESULT="SUBMITTED" HISTORY_WRITE=true OUTCOME_WRITE=true REASON="NONE"
[2026-08-10T07:01:38.563Z] PID=4600 APP_ID="" JOB_ID="" COMPANY="" ROLE="" JOB_URL="" SUBMISSION_RESULT="INVALID_RECORD" HISTORY_WRITE=false OUTCOME_WRITE=false REASON="INVALID_APPLICATION_RECORD"
[2026-08-10T07:01:53.893Z] PID=19672 APP_ID="0bd6a14980" JOB_ID="test123" COMPANY="Company" ROLE="Software Developer" JOB_URL="https://www.naukri.com/job-listings-test-123" SUBMISSION_RESULT="SUBMITTED" HISTORY_WRITE=true OUTCOME_WRITE=true REASON="NONE"
[2026-08-10T07:01:54.348Z] PID=19672 APP_ID="test_ext_456" JOB_ID="test_ext_456" COMPANY="External Company" ROLE="Backend Engineer" JOB_URL="https://www.naukri.com/job-listings-external-dev-456" SUBMISSION_RESULT="MANUAL_REQUIRED" HISTORY_WRITE=true OUTCOME_WRITE=true REASON="NONE"
[2026-08-10T07:01:54.390Z] PID=19672 APP_ID="test_easy_123" JOB_ID="test_easy_123" COMPANY="Easy Company" ROLE="Full Stack Developer" JOB_URL="https://www.naukri.com/job-listings-easy-dev-123" SUBMISSION_RESULT="WAITING_CONFIRMATION" HISTORY_WRITE=true OUTCOME_WRITE=true REASON="NONE"
[2026-08-10T07:01:54.412Z] PID=19672 APP_ID="test_easy_123" JOB_ID="test_easy_123" COMPANY="Easy Company" ROLE="Full Stack Developer" JOB_URL="https://www.naukri.com/job-listings-easy-dev-123" SUBMISSION_RESULT="SUBMITTED" HISTORY_WRITE=true OUTCOME_WRITE=true REASON="NONE"
[2026-08-10T07:01:55.973Z] PID=19672 APP_ID="guard_test_123" JOB_ID="guard_test_123" COMPANY="Guard Company" ROLE="React JS Developer" JOB_URL="https://www.naukri.com/job-listings-guard-test-123" SUBMISSION_RESULT="SUBMITTED" HISTORY_WRITE=true OUTCOME_WRITE=true REASON="NONE"
[2026-08-10T07:01:57.997Z] PID=19672 APP_ID="app_test_999" JOB_ID="job_test_999" COMPANY="Test Company" ROLE="Backend Developer" JOB_URL="https://www.naukri.com/job-listings-test-company-999" SUBMISSION_RESULT="SUBMITTED" HISTORY_WRITE=true OUTCOME_WRITE=true REASON="NONE"
[2026-08-10T07:01:58.010Z] PID=19672 APP_ID="" JOB_ID="" COMPANY="" ROLE="" JOB_URL="" SUBMISSION_RESULT="INVALID_RECORD" HISTORY_WRITE=false OUTCOME_WRITE=false REASON="INVALID_APPLICATION_RECORD"
[2026-08-10T07:02:12.904Z] PID=21776 APP_ID="0bd6a14980" JOB_ID="test123" COMPANY="Company" ROLE="Software Developer" JOB_URL="https://www.naukri.com/job-listings-test-123" SUBMISSION_RESULT="SUBMITTED" HISTORY_WRITE=true OUTCOME_WRITE=true REASON="NONE"
[2026-08-10T07:02:13.324Z] PID=21776 APP_ID="test_ext_456" JOB_ID="test_ext_456" COMPANY="External Company" ROLE="Backend Engineer" JOB_URL="https://www.naukri.com/job-listings-external-dev-456" SUBMISSION_RESULT="MANUAL_REQUIRED" HISTORY_WRITE=true OUTCOME_WRITE=true REASON="NONE"
[2026-08-10T07:02:13.360Z] PID=21776 APP_ID="test_easy_123" JOB_ID="test_easy_123" COMPANY="Easy Company" ROLE="Full Stack Developer" JOB_URL="https://www.naukri.com/job-listings-easy-dev-123" SUBMISSION_RESULT="WAITING_CONFIRMATION" HISTORY_WRITE=true OUTCOME_WRITE=true REASON="NONE"
[2026-08-10T07:02:13.383Z] PID=21776 APP_ID="test_easy_123" JOB_ID="test_easy_123" COMPANY="Easy Company" ROLE="Full Stack Developer" JOB_URL="https://www.naukri.com/job-listings-easy-dev-123" SUBMISSION_RESULT="SUBMITTED" HISTORY_WRITE=true OUTCOME_WRITE=true REASON="NONE"
[2026-08-10T07:02:14.642Z] PID=21776 APP_ID="guard_test_123" JOB_ID="guard_test_123" COMPANY="Guard Company" ROLE="React JS Developer" JOB_URL="https://www.naukri.com/job-listings-guard-test-123" SUBMISSION_RESULT="SUBMITTED" HISTORY_WRITE=true OUTCOME_WRITE=true REASON="NONE"
[2026-08-10T07:02:16.945Z] PID=21776 APP_ID="app_test_999" JOB_ID="job_test_999" COMPANY="Test Company" ROLE="Backend Developer" JOB_URL="https://www.naukri.com/job-listings-test-company-999" SUBMISSION_RESULT="SUBMITTED" HISTORY_WRITE=true OUTCOME_WRITE=true REASON="NONE"
[2026-08-10T07:02:16.962Z] PID=21776 APP_ID="" JOB_ID="" COMPANY="" ROLE="" JOB_URL="" SUBMISSION_RESULT="INVALID_RECORD" HISTORY_WRITE=false OUTCOME_WRITE=false REASON="INVALID_APPLICATION_RECORD"
[2026-08-10T07:05:28.068Z] PID=3192 APP_ID="" JOB_ID="" COMPANY="" ROLE="" JOB_URL="" SUBMISSION_RESULT="INVALID_RECORD" HISTORY_WRITE=false OUTCOME_WRITE=false REASON="INVALID_APPLICATION_RECORD"
[2026-08-10T07:06:10.890Z] PID=21812 APP_ID="0bd6a14980" JOB_ID="test123" COMPANY="Company" ROLE="Software Developer" JOB_URL="https://www.naukri.com/job-listings-test-123" SUBMISSION_RESULT="SUBMITTED" HISTORY_WRITE=true OUTCOME_WRITE=true REASON="NONE"
[2026-08-10T07:06:11.324Z] PID=21812 APP_ID="test_ext_456" JOB_ID="test_ext_456" COMPANY="External Company" ROLE="Backend Engineer" JOB_URL="https://www.naukri.com/job-listings-external-dev-456" SUBMISSION_RESULT="MANUAL_REQUIRED" HISTORY_WRITE=true OUTCOME_WRITE=true REASON="NONE"
[2026-08-10T07:06:11.360Z] PID=21812 APP_ID="test_easy_123" JOB_ID="test_easy_123" COMPANY="Easy Company" ROLE="Full Stack Developer" JOB_URL="https://www.naukri.com/job-listings-easy-dev-123" SUBMISSION_RESULT="WAITING_CONFIRMATION" HISTORY_WRITE=true OUTCOME_WRITE=true REASON="NONE"
[2026-08-10T07:06:11.384Z] PID=21812 APP_ID="test_easy_123" JOB_ID="test_easy_123" COMPANY="Easy Company" ROLE="Full Stack Developer" JOB_URL="https://www.naukri.com/job-listings-easy-dev-123" SUBMISSION_RESULT="SUBMITTED" HISTORY_WRITE=true OUTCOME_WRITE=true REASON="NONE"
[2026-08-10T07:06:12.637Z] PID=21812 APP_ID="guard_test_123" JOB_ID="guard_test_123" COMPANY="Guard Company" ROLE="React JS Developer" JOB_URL="https://www.naukri.com/job-listings-guard-test-123" SUBMISSION_RESULT="SUBMITTED" HISTORY_WRITE=true OUTCOME_WRITE=true REASON="NONE"
[2026-08-10T07:06:15.016Z] PID=21812 APP_ID="app_test_999" JOB_ID="job_test_999" COMPANY="Test Company" ROLE="Backend Developer" JOB_URL="https://www.naukri.com/job-listings-test-company-999" SUBMISSION_RESULT="SUBMITTED" HISTORY_WRITE=true OUTCOME_WRITE=true REASON="NONE"
[2026-08-10T07:06:15.032Z] PID=21812 APP_ID="" JOB_ID="" COMPANY="" ROLE="" JOB_URL="" SUBMISSION_RESULT="INVALID_RECORD" HISTORY_WRITE=false OUTCOME_WRITE=false REASON="INVALID_APPLICATION_RECORD"
[2026-08-10T07:08:28.903Z] PID=27384 APP_ID="0bd6a14980" JOB_ID="test123" COMPANY="Company" ROLE="Software Developer" JOB_URL="https://www.naukri.com/job-listings-test-123" SUBMISSION_RESULT="SUBMITTED" HISTORY_WRITE=true OUTCOME_WRITE=true REASON="NONE"
[2026-08-10T07:08:29.341Z] PID=27384 APP_ID="test_ext_456" JOB_ID="test_ext_456" COMPANY="External Company" ROLE="Backend Engineer" JOB_URL="https://www.naukri.com/job-listings-external-dev-456" SUBMISSION_RESULT="MANUAL_REQUIRED" HISTORY_WRITE=true OUTCOME_WRITE=true REASON="NONE"
[2026-08-10T07:08:29.379Z] PID=27384 APP_ID="test_easy_123" JOB_ID="test_easy_123" COMPANY="Easy Company" ROLE="Full Stack Developer" JOB_URL="https://www.naukri.com/job-listings-easy-dev-123" SUBMISSION_RESULT="WAITING_CONFIRMATION" HISTORY_WRITE=true OUTCOME_WRITE=true REASON="NONE"
[2026-08-10T07:08:29.407Z] PID=27384 APP_ID="test_easy_123" JOB_ID="test_easy_123" COMPANY="Easy Company" ROLE="Full Stack Developer" JOB_URL="https://www.naukri.com/job-listings-easy-dev-123" SUBMISSION_RESULT="SUBMITTED" HISTORY_WRITE=true OUTCOME_WRITE=true REASON="NONE"
[2026-08-10T07:08:30.622Z] PID=27384 APP_ID="guard_test_123" JOB_ID="guard_test_123" COMPANY="Guard Company" ROLE="React JS Developer" JOB_URL="https://www.naukri.com/job-listings-guard-test-123" SUBMISSION_RESULT="SUBMITTED" HISTORY_WRITE=true OUTCOME_WRITE=true REASON="NONE"
[2026-08-10T07:08:33.068Z] PID=27384 APP_ID="app_test_999" JOB_ID="job_test_999" COMPANY="Test Company" ROLE="Backend Developer" JOB_URL="https://www.naukri.com/job-listings-test-company-999" SUBMISSION_RESULT="SUBMITTED" HISTORY_WRITE=true OUTCOME_WRITE=true REASON="NONE"
[2026-08-10T07:08:33.083Z] PID=27384 APP_ID="" JOB_ID="" COMPANY="" ROLE="" JOB_URL="" SUBMISSION_RESULT="INVALID_RECORD" HISTORY_WRITE=false OUTCOME_WRITE=false REASON="INVALID_APPLICATION_RECORD"
[2026-08-10T07:08:49.636Z] PID=11900 APP_ID="0bd6a14980" JOB_ID="test123" COMPANY="Company" ROLE="Software Developer" JOB_URL="https://www.naukri.com/job-listings-test-123" SUBMISSION_RESULT="SUBMITTED" HISTORY_WRITE=true OUTCOME_WRITE=true REASON="NONE"
[2026-08-10T07:08:50.073Z] PID=11900 APP_ID="test_ext_456" JOB_ID="test_ext_456" COMPANY="External Company" ROLE="Backend Engineer" JOB_URL="https://www.naukri.com/job-listings-external-dev-456" SUBMISSION_RESULT="MANUAL_REQUIRED" HISTORY_WRITE=true OUTCOME_WRITE=true REASON="NONE"
[2026-08-10T07:08:50.108Z] PID=11900 APP_ID="test_easy_123" JOB_ID="test_easy_123" COMPANY="Easy Company" ROLE="Full Stack Developer" JOB_URL="https://www.naukri.com/job-listings-easy-dev-123" SUBMISSION_RESULT="WAITING_CONFIRMATION" HISTORY_WRITE=true OUTCOME_WRITE=true REASON="NONE"
[2026-08-10T07:08:50.133Z] PID=11900 APP_ID="test_easy_123" JOB_ID="test_easy_123" COMPANY="Easy Company" ROLE="Full Stack Developer" JOB_URL="https://www.naukri.com/job-listings-easy-dev-123" SUBMISSION_RESULT="SUBMITTED" HISTORY_WRITE=true OUTCOME_WRITE=true REASON="NONE"
[2026-08-10T07:08:52.195Z] PID=11900 APP_ID="guard_test_123" JOB_ID="guard_test_123" COMPANY="Guard Company" ROLE="React JS Developer" JOB_URL="https://www.naukri.com/job-listings-guard-test-123" SUBMISSION_RESULT="SUBMITTED" HISTORY_WRITE=true OUTCOME_WRITE=true REASON="NONE"
[2026-08-10T07:08:54.247Z] PID=11900 APP_ID="app_test_999" JOB_ID="job_test_999" COMPANY="Test Company" ROLE="Backend Developer" JOB_URL="https://www.naukri.com/job-listings-test-company-999" SUBMISSION_RESULT="SUBMITTED" HISTORY_WRITE=true OUTCOME_WRITE=true REASON="NONE"
[2026-08-10T07:08:54.260Z] PID=11900 APP_ID="" JOB_ID="" COMPANY="" ROLE="" JOB_URL="" SUBMISSION_RESULT="INVALID_RECORD" HISTORY_WRITE=false OUTCOME_WRITE=false REASON="INVALID_APPLICATION_RECORD"
[2026-08-10T07:10:36.798Z] PID=25064 APP_ID="0bd6a14980" JOB_ID="test123" COMPANY="Company" ROLE="Software Developer" JOB_URL="https://www.naukri.com/job-listings-test-123" SUBMISSION_RESULT="SUBMITTED" HISTORY_WRITE=true OUTCOME_WRITE=true REASON="NONE"
[2026-08-10T07:10:38.146Z] PID=25064 APP_ID="test_ext_456" JOB_ID="test_ext_456" COMPANY="External Company" ROLE="Backend Engineer" JOB_URL="https://www.naukri.com/job-listings-external-dev-456" SUBMISSION_RESULT="MANUAL_REQUIRED" HISTORY_WRITE=true OUTCOME_WRITE=true REASON="NONE"
[2026-08-10T07:10:38.186Z] PID=25064 APP_ID="test_easy_123" JOB_ID="test_easy_123" COMPANY="Easy Company" ROLE="Full Stack Developer" JOB_URL="https://www.naukri.com/job-listings-easy-dev-123" SUBMISSION_RESULT="WAITING_CONFIRMATION" HISTORY_WRITE=true OUTCOME_WRITE=true REASON="NONE"
[2026-08-10T07:10:38.207Z] PID=25064 APP_ID="test_easy_123" JOB_ID="test_easy_123" COMPANY="Easy Company" ROLE="Full Stack Developer" JOB_URL="https://www.naukri.com/job-listings-easy-dev-123" SUBMISSION_RESULT="SUBMITTED" HISTORY_WRITE=true OUTCOME_WRITE=true REASON="NONE"
[2026-08-10T07:10:39.037Z] PID=25064 APP_ID="guard_test_123" JOB_ID="guard_test_123" COMPANY="Guard Company" ROLE="React JS Developer" JOB_URL="https://www.naukri.com/job-listings-guard-test-123" SUBMISSION_RESULT="SUBMITTED" HISTORY_WRITE=true OUTCOME_WRITE=true REASON="NONE"
[2026-08-10T07:10:41.967Z] PID=25064 APP_ID="app_test_999" JOB_ID="job_test_999" COMPANY="Test Company" ROLE="Backend Developer" JOB_URL="https://www.naukri.com/job-listings-test-company-999" SUBMISSION_RESULT="SUBMITTED" HISTORY_WRITE=true OUTCOME_WRITE=true REASON="NONE"
[2026-08-10T07:10:41.983Z] PID=25064 APP_ID="" JOB_ID="" COMPANY="" ROLE="" JOB_URL="" SUBMISSION_RESULT="INVALID_RECORD" HISTORY_WRITE=false OUTCOME_WRITE=false REASON="INVALID_APPLICATION_RECORD"
[2026-08-10T07:15:30.883Z] PID=3820 APP_ID="0bd6a14980" JOB_ID="test123" COMPANY="Company" ROLE="Software Developer" JOB_URL="https://www.naukri.com/job-listings-test-123" SUBMISSION_RESULT="SUBMITTED" HISTORY_WRITE=true OUTCOME_WRITE=true REASON="NONE"
[2026-08-10T07:15:32.212Z] PID=3820 APP_ID="test_ext_456" JOB_ID="test_ext_456" COMPANY="External Company" ROLE="Backend Engineer" JOB_URL="https://www.naukri.com/job-listings-external-dev-456" SUBMISSION_RESULT="MANUAL_REQUIRED" HISTORY_WRITE=true OUTCOME_WRITE=true REASON="NONE"
[2026-08-10T07:15:32.251Z] PID=3820 APP_ID="test_easy_123" JOB_ID="test_easy_123" COMPANY="Easy Company" ROLE="Full Stack Developer" JOB_URL="https://www.naukri.com/job-listings-easy-dev-123" SUBMISSION_RESULT="WAITING_CONFIRMATION" HISTORY_WRITE=true OUTCOME_WRITE=true REASON="NONE"
[2026-08-10T07:15:32.273Z] PID=3820 APP_ID="test_easy_123" JOB_ID="test_easy_123" COMPANY="Easy Company" ROLE="Full Stack Developer" JOB_URL="https://www.naukri.com/job-listings-easy-dev-123" SUBMISSION_RESULT="SUBMITTED" HISTORY_WRITE=true OUTCOME_WRITE=true REASON="NONE"
[2026-08-10T07:15:33.162Z] PID=3820 APP_ID="guard_test_123" JOB_ID="guard_test_123" COMPANY="Guard Company" ROLE="React JS Developer" JOB_URL="https://www.naukri.com/job-listings-guard-test-123" SUBMISSION_RESULT="SUBMITTED" HISTORY_WRITE=true OUTCOME_WRITE=true REASON="NONE"
[2026-08-10T07:15:35.976Z] PID=3820 APP_ID="app_test_999" JOB_ID="job_test_999" COMPANY="Test Company" ROLE="Backend Developer" JOB_URL="https://www.naukri.com/job-listings-test-company-999" SUBMISSION_RESULT="SUBMITTED" HISTORY_WRITE=true OUTCOME_WRITE=true REASON="NONE"
[2026-08-10T07:15:35.987Z] PID=3820 APP_ID="" JOB_ID="" COMPANY="" ROLE="" JOB_URL="" SUBMISSION_RESULT="INVALID_RECORD" HISTORY_WRITE=false OUTCOME_WRITE=false REASON="INVALID_APPLICATION_RECORD"
[2026-08-10T07:15:58.272Z] PID=30516 APP_ID="0bd6a14980" JOB_ID="test123" COMPANY="Company" ROLE="Software Developer" JOB_URL="https://www.naukri.com/job-listings-test-123" SUBMISSION_RESULT="SUBMITTED" HISTORY_WRITE=true OUTCOME_WRITE=true REASON="NONE"
[2026-08-10T07:15:59.146Z] PID=30516 APP_ID="test_ext_456" JOB_ID="test_ext_456" COMPANY="External Company" ROLE="Backend Engineer" JOB_URL="https://www.naukri.com/job-listings-external-dev-456" SUBMISSION_RESULT="MANUAL_REQUIRED" HISTORY_WRITE=true OUTCOME_WRITE=true REASON="NONE"
[2026-08-10T07:15:59.186Z] PID=30516 APP_ID="test_easy_123" JOB_ID="test_easy_123" COMPANY="Easy Company" ROLE="Full Stack Developer" JOB_URL="https://www.naukri.com/job-listings-easy-dev-123" SUBMISSION_RESULT="WAITING_CONFIRMATION" HISTORY_WRITE=true OUTCOME_WRITE=true REASON="NONE"
[2026-08-10T07:15:59.212Z] PID=30516 APP_ID="test_easy_123" JOB_ID="test_easy_123" COMPANY="Easy Company" ROLE="Full Stack Developer" JOB_URL="https://www.naukri.com/job-listings-easy-dev-123" SUBMISSION_RESULT="SUBMITTED" HISTORY_WRITE=true OUTCOME_WRITE=true REASON="NONE"
[2026-08-10T07:16:00.055Z] PID=30516 APP_ID="guard_test_123" JOB_ID="guard_test_123" COMPANY="Guard Company" ROLE="React JS Developer" JOB_URL="https://www.naukri.com/job-listings-guard-test-123" SUBMISSION_RESULT="SUBMITTED" HISTORY_WRITE=true OUTCOME_WRITE=true REASON="NONE"
[2026-08-10T07:16:03.193Z] PID=30516 APP_ID="app_test_999" JOB_ID="job_test_999" COMPANY="Test Company" ROLE="Backend Developer" JOB_URL="https://www.naukri.com/job-listings-test-company-999" SUBMISSION_RESULT="SUBMITTED" HISTORY_WRITE=true OUTCOME_WRITE=true REASON="NONE"
[2026-08-10T07:16:03.211Z] PID=30516 APP_ID="" JOB_ID="" COMPANY="" ROLE="" JOB_URL="" SUBMISSION_RESULT="INVALID_RECORD" HISTORY_WRITE=false OUTCOME_WRITE=false REASON="INVALID_APPLICATION_RECORD"
[2026-08-10T07:16:25.570Z] PID=17612 APP_ID="0bd6a14980" JOB_ID="test123" COMPANY="Company" ROLE="Software Developer" JOB_URL="https://www.naukri.com/job-listings-test-123" SUBMISSION_RESULT="SUBMITTED" HISTORY_WRITE=true OUTCOME_WRITE=true REASON="NONE"
[2026-08-10T07:16:25.991Z] PID=17612 APP_ID="test_ext_456" JOB_ID="test_ext_456" COMPANY="External Company" ROLE="Backend Engineer" JOB_URL="https://www.naukri.com/job-listings-external-dev-456" SUBMISSION_RESULT="MANUAL_REQUIRED" HISTORY_WRITE=true OUTCOME_WRITE=true REASON="NONE"
[2026-08-10T07:16:26.030Z] PID=17612 APP_ID="test_easy_123" JOB_ID="test_easy_123" COMPANY="Easy Company" ROLE="Full Stack Developer" JOB_URL="https://www.naukri.com/job-listings-easy-dev-123" SUBMISSION_RESULT="WAITING_CONFIRMATION" HISTORY_WRITE=true OUTCOME_WRITE=true REASON="NONE"
[2026-08-10T07:16:26.052Z] PID=17612 APP_ID="test_easy_123" JOB_ID="test_easy_123" COMPANY="Easy Company" ROLE="Full Stack Developer" JOB_URL="https://www.naukri.com/job-listings-easy-dev-123" SUBMISSION_RESULT="SUBMITTED" HISTORY_WRITE=true OUTCOME_WRITE=true REASON="NONE"
[2026-08-10T07:16:27.632Z] PID=17612 APP_ID="guard_test_123" JOB_ID="guard_test_123" COMPANY="Guard Company" ROLE="React JS Developer" JOB_URL="https://www.naukri.com/job-listings-guard-test-123" SUBMISSION_RESULT="SUBMITTED" HISTORY_WRITE=true OUTCOME_WRITE=true REASON="NONE"
[2026-08-10T07:16:30.364Z] PID=17612 APP_ID="app_test_999" JOB_ID="job_test_999" COMPANY="Test Company" ROLE="Backend Developer" JOB_URL="https://www.naukri.com/job-listings-test-company-999" SUBMISSION_RESULT="SUBMITTED" HISTORY_WRITE=true OUTCOME_WRITE=true REASON="NONE"
[2026-08-10T07:16:30.376Z] PID=17612 APP_ID="" JOB_ID="" COMPANY="" ROLE="" JOB_URL="" SUBMISSION_RESULT="INVALID_RECORD" HISTORY_WRITE=false OUTCOME_WRITE=false REASON="INVALID_APPLICATION_RECORD"
[2026-08-10T07:35:55.309Z] PID=15236 APP_ID="0bd6a14980" JOB_ID="test123" COMPANY="Company" ROLE="Software Developer" JOB_URL="https://www.naukri.com/job-listings-test-123" SUBMISSION_RESULT="SUBMITTED" HISTORY_WRITE=true OUTCOME_WRITE=true REASON="NONE"
[2026-08-10T07:35:56.342Z] PID=15236 APP_ID="test_ext_456" JOB_ID="test_ext_456" COMPANY="External Company" ROLE="Backend Engineer" JOB_URL="https://www.naukri.com/job-listings-external-dev-456" SUBMISSION_RESULT="MANUAL_REQUIRED" HISTORY_WRITE=true OUTCOME_WRITE=true REASON="NONE"
[2026-08-10T07:35:56.419Z] PID=15236 APP_ID="test_easy_123" JOB_ID="test_easy_123" COMPANY="Easy Company" ROLE="Full Stack Developer" JOB_URL="https://www.naukri.com/job-listings-easy-dev-123" SUBMISSION_RESULT="WAITING_CONFIRMATION" HISTORY_WRITE=true OUTCOME_WRITE=true REASON="NONE"
[2026-08-10T07:35:56.486Z] PID=15236 APP_ID="test_easy_123" JOB_ID="test_easy_123" COMPANY="Easy Company" ROLE="Full Stack Developer" JOB_URL="https://www.naukri.com/job-listings-easy-dev-123" SUBMISSION_RESULT="SUBMITTED" HISTORY_WRITE=true OUTCOME_WRITE=true REASON="NONE"
[2026-08-10T07:36:00.782Z] PID=15236 APP_ID="guard_test_123" JOB_ID="guard_test_123" COMPANY="Guard Company" ROLE="React JS Developer" JOB_URL="https://www.naukri.com/job-listings-guard-test-123" SUBMISSION_RESULT="SUBMITTED" HISTORY_WRITE=true OUTCOME_WRITE=true REASON="NONE"
[2026-08-10T07:36:07.805Z] PID=15236 APP_ID="app_test_999" JOB_ID="job_test_999" COMPANY="Test Company" ROLE="Backend Developer" JOB_URL="https://www.naukri.com/job-listings-test-company-999" SUBMISSION_RESULT="SUBMITTED" HISTORY_WRITE=true OUTCOME_WRITE=true REASON="NONE"
[2026-08-10T07:36:07.831Z] PID=15236 APP_ID="" JOB_ID="" COMPANY="" ROLE="" JOB_URL="" SUBMISSION_RESULT="INVALID_RECORD" HISTORY_WRITE=false OUTCOME_WRITE=false REASON="INVALID_APPLICATION_RECORD"
[2026-08-10T07:47:27.749Z] PID=16284 APP_ID="0bd6a14980" JOB_ID="test123" COMPANY="Company" ROLE="Software Developer" JOB_URL="https://www.naukri.com/job-listings-test-123" SUBMISSION_RESULT="SUBMITTED" HISTORY_WRITE=true OUTCOME_WRITE=true REASON="NONE"
[2026-08-10T07:47:33.048Z] PID=16284 APP_ID="test_ext_456" JOB_ID="test_ext_456" COMPANY="External Company" ROLE="Backend Engineer" JOB_URL="https://www.naukri.com/job-listings-external-dev-456" SUBMISSION_RESULT="MANUAL_REQUIRED" HISTORY_WRITE=true OUTCOME_WRITE=true REASON="NONE"
[2026-08-10T07:47:33.142Z] PID=16284 APP_ID="test_easy_123" JOB_ID="test_easy_123" COMPANY="Easy Company" ROLE="Full Stack Developer" JOB_URL="https://www.naukri.com/job-listings-easy-dev-123" SUBMISSION_RESULT="WAITING_CONFIRMATION" HISTORY_WRITE=true OUTCOME_WRITE=true REASON="NONE"
[2026-08-10T07:47:33.207Z] PID=16284 APP_ID="test_easy_123" JOB_ID="test_easy_123" COMPANY="Easy Company" ROLE="Full Stack Developer" JOB_URL="https://www.naukri.com/job-listings-easy-dev-123" SUBMISSION_RESULT="SUBMITTED" HISTORY_WRITE=true OUTCOME_WRITE=true REASON="NONE"
[2026-08-10T07:47:37.223Z] PID=16284 APP_ID="guard_test_123" JOB_ID="guard_test_123" COMPANY="Guard Company" ROLE="React JS Developer" JOB_URL="https://www.naukri.com/job-listings-guard-test-123" SUBMISSION_RESULT="SUBMITTED" HISTORY_WRITE=true OUTCOME_WRITE=true REASON="NONE"
[2026-08-10T07:47:44.818Z] PID=16284 APP_ID="app_test_999" JOB_ID="job_test_999" COMPANY="Test Company" ROLE="Backend Developer" JOB_URL="https://www.naukri.com/job-listings-test-company-999" SUBMISSION_RESULT="SUBMITTED" HISTORY_WRITE=true OUTCOME_WRITE=true REASON="NONE"
[2026-08-10T07:47:44.856Z] PID=16284 APP_ID="" JOB_ID="" COMPANY="" ROLE="" JOB_URL="" SUBMISSION_RESULT="INVALID_RECORD" HISTORY_WRITE=false OUTCOME_WRITE=false REASON="INVALID_APPLICATION_RECORD"
[2026-08-10T07:49:13.956Z] PID=28400 APP_ID="0bd6a14980" JOB_ID="test123" COMPANY="Company" ROLE="Software Developer" JOB_URL="https://www.naukri.com/job-listings-test-123" SUBMISSION_RESULT="SUBMITTED" HISTORY_WRITE=true OUTCOME_WRITE=true REASON="NONE"
[2026-08-10T07:49:16.835Z] PID=28400 APP_ID="test_ext_456" JOB_ID="test_ext_456" COMPANY="External Company" ROLE="Backend Engineer" JOB_URL="https://www.naukri.com/job-listings-external-dev-456" SUBMISSION_RESULT="MANUAL_REQUIRED" HISTORY_WRITE=true OUTCOME_WRITE=true REASON="NONE"
[2026-08-10T07:49:16.923Z] PID=28400 APP_ID="test_easy_123" JOB_ID="test_easy_123" COMPANY="Easy Company" ROLE="Full Stack Developer" JOB_URL="https://www.naukri.com/job-listings-easy-dev-123" SUBMISSION_RESULT="WAITING_CONFIRMATION" HISTORY_WRITE=true OUTCOME_WRITE=true REASON="NONE"
[2026-08-10T07:49:16.984Z] PID=28400 APP_ID="test_easy_123" JOB_ID="test_easy_123" COMPANY="Easy Company" ROLE="Full Stack Developer" JOB_URL="https://www.naukri.com/job-listings-easy-dev-123" SUBMISSION_RESULT="SUBMITTED" HISTORY_WRITE=true OUTCOME_WRITE=true REASON="NONE"
[2026-08-10T07:49:25.144Z] PID=28400 APP_ID="guard_test_123" JOB_ID="guard_test_123" COMPANY="Guard Company" ROLE="React JS Developer" JOB_URL="https://www.naukri.com/job-listings-guard-test-123" SUBMISSION_RESULT="SUBMITTED" HISTORY_WRITE=true OUTCOME_WRITE=true REASON="NONE"
[2026-08-10T07:49:31.729Z] PID=28400 APP_ID="app_test_999" JOB_ID="job_test_999" COMPANY="Test Company" ROLE="Backend Developer" JOB_URL="https://www.naukri.com/job-listings-test-company-999" SUBMISSION_RESULT="SUBMITTED" HISTORY_WRITE=true OUTCOME_WRITE=true REASON="NONE"
[2026-08-10T07:49:31.786Z] PID=28400 APP_ID="" JOB_ID="" COMPANY="" ROLE="" JOB_URL="" SUBMISSION_RESULT="INVALID_RECORD" HISTORY_WRITE=false OUTCOME_WRITE=false REASON="INVALID_APPLICATION_RECORD"
[2026-08-10T11:17:45.033Z] PID=9500 APP_ID="0bd6a14980" JOB_ID="test123" COMPANY="Company" ROLE="Software Developer" JOB_URL="https://www.naukri.com/job-listings-test-123" SUBMISSION_RESULT="SUBMITTED" HISTORY_WRITE=true OUTCOME_WRITE=true REASON="NONE"
[2026-08-10T11:17:46.381Z] PID=9500 APP_ID="guard_test_123" JOB_ID="guard_test_123" COMPANY="Guard Company" ROLE="React JS Developer" JOB_URL="https://www.naukri.com/job-listings-guard-test-123" SUBMISSION_RESULT="SUBMITTED" HISTORY_WRITE=true OUTCOME_WRITE=true REASON="NONE"
[2026-08-10T11:17:47.671Z] PID=9500 APP_ID="test_ext_456" JOB_ID="test_ext_456" COMPANY="External Company" ROLE="Backend Engineer" JOB_URL="https://www.naukri.com/job-listings-external-dev-456" SUBMISSION_RESULT="MANUAL_REQUIRED" HISTORY_WRITE=true OUTCOME_WRITE=true REASON="NONE"
[2026-08-10T11:17:47.768Z] PID=9500 APP_ID="test_easy_123" JOB_ID="test_easy_123" COMPANY="Easy Company" ROLE="Full Stack Developer" JOB_URL="https://www.naukri.com/job-listings-easy-dev-123" SUBMISSION_RESULT="WAITING_CONFIRMATION" HISTORY_WRITE=true OUTCOME_WRITE=true REASON="NONE"
[2026-08-10T11:17:47.825Z] PID=9500 APP_ID="test_easy_123" JOB_ID="test_easy_123" COMPANY="Easy Company" ROLE="Full Stack Developer" JOB_URL="https://www.naukri.com/job-listings-easy-dev-123" SUBMISSION_RESULT="SUBMITTED" HISTORY_WRITE=true OUTCOME_WRITE=true REASON="NONE"
[2026-08-10T11:18:07.188Z] PID=9500 APP_ID="app_test_999" JOB_ID="job_test_999" COMPANY="Test Company" ROLE="Backend Developer" JOB_URL="https://www.naukri.com/job-listings-test-company-999" SUBMISSION_RESULT="SUBMITTED" HISTORY_WRITE=true OUTCOME_WRITE=true REASON="NONE"
[2026-08-10T11:18:07.236Z] PID=9500 APP_ID="" JOB_ID="" COMPANY="" ROLE="" JOB_URL="" SUBMISSION_RESULT="INVALID_RECORD" HISTORY_WRITE=false OUTCOME_WRITE=false REASON="INVALID_APPLICATION_RECORD"
[2026-08-10T11:29:33.304Z] PID=3140 APP_ID="0bd6a14980" JOB_ID="test123" COMPANY="Company" ROLE="Software Developer" JOB_URL="https://www.naukri.com/job-listings-test-123" SUBMISSION_RESULT="SUBMITTED" HISTORY_WRITE=true OUTCOME_WRITE=true REASON="NONE"
[2026-08-10T11:29:34.519Z] PID=3140 APP_ID="test_ext_456" JOB_ID="test_ext_456" COMPANY="External Company" ROLE="Backend Engineer" JOB_URL="https://www.naukri.com/job-listings-external-dev-456" SUBMISSION_RESULT="MANUAL_REQUIRED" HISTORY_WRITE=true OUTCOME_WRITE=true REASON="NONE"
[2026-08-10T11:29:34.614Z] PID=3140 APP_ID="test_easy_123" JOB_ID="test_easy_123" COMPANY="Easy Company" ROLE="Full Stack Developer" JOB_URL="https://www.naukri.com/job-listings-easy-dev-123" SUBMISSION_RESULT="WAITING_CONFIRMATION" HISTORY_WRITE=true OUTCOME_WRITE=true REASON="NONE"
[2026-08-10T11:29:34.673Z] PID=3140 APP_ID="test_easy_123" JOB_ID="test_easy_123" COMPANY="Easy Company" ROLE="Full Stack Developer" JOB_URL="https://www.naukri.com/job-listings-easy-dev-123" SUBMISSION_RESULT="SUBMITTED" HISTORY_WRITE=true OUTCOME_WRITE=true REASON="NONE"
[2026-08-10T11:29:35.833Z] PID=3140 APP_ID="guard_test_123" JOB_ID="guard_test_123" COMPANY="Guard Company" ROLE="React JS Developer" JOB_URL="https://www.naukri.com/job-listings-guard-test-123" SUBMISSION_RESULT="SUBMITTED" HISTORY_WRITE=true OUTCOME_WRITE=true REASON="NONE"
[2026-08-10T11:29:46.876Z] PID=3140 APP_ID="app_test_999" JOB_ID="job_test_999" COMPANY="Test Company" ROLE="Backend Developer" JOB_URL="https://www.naukri.com/job-listings-test-company-999" SUBMISSION_RESULT="SUBMITTED" HISTORY_WRITE=true OUTCOME_WRITE=true REASON="NONE"
[2026-08-10T11:29:46.914Z] PID=3140 APP_ID="" JOB_ID="" COMPANY="" ROLE="" JOB_URL="" SUBMISSION_RESULT="INVALID_RECORD" HISTORY_WRITE=false OUTCOME_WRITE=false REASON="INVALID_APPLICATION_RECORD"
[2026-08-10T11:31:00.663Z] PID=31376 APP_ID="0bd6a14980" JOB_ID="test123" COMPANY="Company" ROLE="Software Developer" JOB_URL="https://www.naukri.com/job-listings-test-123" SUBMISSION_RESULT="SUBMITTED" HISTORY_WRITE=true OUTCOME_WRITE=true REASON="NONE"
[2026-08-10T11:31:03.152Z] PID=31376 APP_ID="test_ext_456" JOB_ID="test_ext_456" COMPANY="External Company" ROLE="Backend Engineer" JOB_URL="https://www.naukri.com/job-listings-external-dev-456" SUBMISSION_RESULT="MANUAL_REQUIRED" HISTORY_WRITE=true OUTCOME_WRITE=true REASON="NONE"
[2026-08-10T11:31:03.245Z] PID=31376 APP_ID="test_easy_123" JOB_ID="test_easy_123" COMPANY="Easy Company" ROLE="Full Stack Developer" JOB_URL="https://www.naukri.com/job-listings-easy-dev-123" SUBMISSION_RESULT="WAITING_CONFIRMATION" HISTORY_WRITE=true OUTCOME_WRITE=true REASON="NONE"
[2026-08-10T11:31:03.319Z] PID=31376 APP_ID="test_easy_123" JOB_ID="test_easy_123" COMPANY="Easy Company" ROLE="Full Stack Developer" JOB_URL="https://www.naukri.com/job-listings-easy-dev-123" SUBMISSION_RESULT="SUBMITTED" HISTORY_WRITE=true OUTCOME_WRITE=true REASON="NONE"
[2026-08-10T11:31:04.488Z] PID=31376 APP_ID="guard_test_123" JOB_ID="guard_test_123" COMPANY="Guard Company" ROLE="React JS Developer" JOB_URL="https://www.naukri.com/job-listings-guard-test-123" SUBMISSION_RESULT="SUBMITTED" HISTORY_WRITE=true OUTCOME_WRITE=true REASON="NONE"
[2026-08-10T11:31:19.558Z] PID=31376 APP_ID="app_test_999" JOB_ID="job_test_999" COMPANY="Test Company" ROLE="Backend Developer" JOB_URL="https://www.naukri.com/job-listings-test-company-999" SUBMISSION_RESULT="SUBMITTED" HISTORY_WRITE=true OUTCOME_WRITE=true REASON="NONE"
[2026-08-10T11:31:19.590Z] PID=31376 APP_ID="" JOB_ID="" COMPANY="" ROLE="" JOB_URL="" SUBMISSION_RESULT="INVALID_RECORD" HISTORY_WRITE=false OUTCOME_WRITE=false REASON="INVALID_APPLICATION_RECORD"
[2026-08-10T11:36:09.977Z] PID=18996 APP_ID="0bd6a14980" JOB_ID="test123" COMPANY="Company" ROLE="Software Developer" JOB_URL="https://www.naukri.com/job-listings-test-123" SUBMISSION_RESULT="SUBMITTED" HISTORY_WRITE=true OUTCOME_WRITE=true REASON="NONE"
[2026-08-10T11:36:11.203Z] PID=18996 APP_ID="test_ext_456" JOB_ID="test_ext_456" COMPANY="External Company" ROLE="Backend Engineer" JOB_URL="https://www.naukri.com/job-listings-external-dev-456" SUBMISSION_RESULT="MANUAL_REQUIRED" HISTORY_WRITE=true OUTCOME_WRITE=true REASON="NONE"
[2026-08-10T11:36:11.297Z] PID=18996 APP_ID="test_easy_123" JOB_ID="test_easy_123" COMPANY="Easy Company" ROLE="Full Stack Developer" JOB_URL="https://www.naukri.com/job-listings-easy-dev-123" SUBMISSION_RESULT="WAITING_CONFIRMATION" HISTORY_WRITE=true OUTCOME_WRITE=true REASON="NONE"
[2026-08-10T11:36:11.393Z] PID=18996 APP_ID="test_easy_123" JOB_ID="test_easy_123" COMPANY="Easy Company" ROLE="Full Stack Developer" JOB_URL="https://www.naukri.com/job-listings-easy-dev-123" SUBMISSION_RESULT="SUBMITTED" HISTORY_WRITE=true OUTCOME_WRITE=true REASON="NONE"
[2026-08-10T11:36:15.832Z] PID=18996 APP_ID="guard_test_123" JOB_ID="guard_test_123" COMPANY="Guard Company" ROLE="React JS Developer" JOB_URL="https://www.naukri.com/job-listings-guard-test-123" SUBMISSION_RESULT="SUBMITTED" HISTORY_WRITE=true OUTCOME_WRITE=true REASON="NONE"
[2026-08-10T11:36:28.436Z] PID=18996 APP_ID="app_test_999" JOB_ID="job_test_999" COMPANY="Test Company" ROLE="Backend Developer" JOB_URL="https://www.naukri.com/job-listings-test-company-999" SUBMISSION_RESULT="SUBMITTED" HISTORY_WRITE=true OUTCOME_WRITE=true REASON="NONE"
[2026-08-10T11:36:28.471Z] PID=18996 APP_ID="" JOB_ID="" COMPANY="" ROLE="" JOB_URL="" SUBMISSION_RESULT="INVALID_RECORD" HISTORY_WRITE=false OUTCOME_WRITE=false REASON="INVALID_APPLICATION_RECORD"
[2026-08-10T11:37:30.423Z] PID=22168 APP_ID="test_ext_456" JOB_ID="test_ext_456" COMPANY="External Company" ROLE="Backend Engineer" JOB_URL="https://www.naukri.com/job-listings-external-dev-456" SUBMISSION_RESULT="MANUAL_REQUIRED" HISTORY_WRITE=true OUTCOME_WRITE=true REASON="NONE"
[2026-08-10T11:37:30.515Z] PID=22168 APP_ID="test_easy_123" JOB_ID="test_easy_123" COMPANY="Easy Company" ROLE="Full Stack Developer" JOB_URL="https://www.naukri.com/job-listings-easy-dev-123" SUBMISSION_RESULT="WAITING_CONFIRMATION" HISTORY_WRITE=true OUTCOME_WRITE=true REASON="NONE"
[2026-08-10T11:37:30.574Z] PID=22168 APP_ID="test_easy_123" JOB_ID="test_easy_123" COMPANY="Easy Company" ROLE="Full Stack Developer" JOB_URL="https://www.naukri.com/job-listings-easy-dev-123" SUBMISSION_RESULT="SUBMITTED" HISTORY_WRITE=true OUTCOME_WRITE=true REASON="NONE"
[2026-08-10T11:37:32.036Z] PID=22168 APP_ID="0bd6a14980" JOB_ID="test123" COMPANY="Company" ROLE="Software Developer" JOB_URL="https://www.naukri.com/job-listings-test-123" SUBMISSION_RESULT="SUBMITTED" HISTORY_WRITE=true OUTCOME_WRITE=true REASON="NONE"
[2026-08-10T11:37:35.870Z] PID=22168 APP_ID="guard_test_123" JOB_ID="guard_test_123" COMPANY="Guard Company" ROLE="React JS Developer" JOB_URL="https://www.naukri.com/job-listings-guard-test-123" SUBMISSION_RESULT="SUBMITTED" HISTORY_WRITE=true OUTCOME_WRITE=true REASON="NONE"
[2026-08-10T11:37:50.125Z] PID=22168 APP_ID="app_test_999" JOB_ID="job_test_999" COMPANY="Test Company" ROLE="Backend Developer" JOB_URL="https://www.naukri.com/job-listings-test-company-999" SUBMISSION_RESULT="SUBMITTED" HISTORY_WRITE=true OUTCOME_WRITE=true REASON="NONE"
[2026-08-10T11:37:50.164Z] PID=22168 APP_ID="" JOB_ID="" COMPANY="" ROLE="" JOB_URL="" SUBMISSION_RESULT="INVALID_RECORD" HISTORY_WRITE=false OUTCOME_WRITE=false REASON="INVALID_APPLICATION_RECORD"
[2026-08-10T11:38:46.977Z] PID=2776 APP_ID="0bd6a14980" JOB_ID="test123" COMPANY="Company" ROLE="Software Developer" JOB_URL="https://www.naukri.com/job-listings-test-123" SUBMISSION_RESULT="SUBMITTED" HISTORY_WRITE=true OUTCOME_WRITE=true REASON="NONE"
[2026-08-10T11:38:52.786Z] PID=2776 APP_ID="test_ext_456" JOB_ID="test_ext_456" COMPANY="External Company" ROLE="Backend Engineer" JOB_URL="https://www.naukri.com/job-listings-external-dev-456" SUBMISSION_RESULT="MANUAL_REQUIRED" HISTORY_WRITE=true OUTCOME_WRITE=true REASON="NONE"
[2026-08-10T11:38:52.893Z] PID=2776 APP_ID="test_easy_123" JOB_ID="test_easy_123" COMPANY="Easy Company" ROLE="Full Stack Developer" JOB_URL="https://www.naukri.com/job-listings-easy-dev-123" SUBMISSION_RESULT="WAITING_CONFIRMATION" HISTORY_WRITE=true OUTCOME_WRITE=true REASON="NONE"
[2026-08-10T11:38:52.960Z] PID=2776 APP_ID="test_easy_123" JOB_ID="test_easy_123" COMPANY="Easy Company" ROLE="Full Stack Developer" JOB_URL="https://www.naukri.com/job-listings-easy-dev-123" SUBMISSION_RESULT="SUBMITTED" HISTORY_WRITE=true OUTCOME_WRITE=true REASON="NONE"
[2026-08-10T11:38:55.274Z] PID=2776 APP_ID="guard_test_123" JOB_ID="guard_test_123" COMPANY="Guard Company" ROLE="React JS Developer" JOB_URL="https://www.naukri.com/job-listings-guard-test-123" SUBMISSION_RESULT="SUBMITTED" HISTORY_WRITE=true OUTCOME_WRITE=true REASON="NONE"
[2026-08-10T11:39:07.954Z] PID=2776 APP_ID="app_test_999" JOB_ID="job_test_999" COMPANY="Test Company" ROLE="Backend Developer" JOB_URL="https://www.naukri.com/job-listings-test-company-999" SUBMISSION_RESULT="SUBMITTED" HISTORY_WRITE=true OUTCOME_WRITE=true REASON="NONE"
[2026-08-10T11:39:07.983Z] PID=2776 APP_ID="" JOB_ID="" COMPANY="" ROLE="" JOB_URL="" SUBMISSION_RESULT="INVALID_RECORD" HISTORY_WRITE=false OUTCOME_WRITE=false REASON="INVALID_APPLICATION_RECORD"
[2026-08-10T11:48:13.574Z] PID=21880 APP_ID="0bd6a14980" JOB_ID="test123" COMPANY="Company" ROLE="Software Developer" JOB_URL="https://www.naukri.com/job-listings-test-123" SUBMISSION_RESULT="SUBMITTED" HISTORY_WRITE=true OUTCOME_WRITE=true REASON="NONE"
[2026-08-10T11:48:14.913Z] PID=21880 APP_ID="test_ext_456" JOB_ID="test_ext_456" COMPANY="External Company" ROLE="Backend Engineer" JOB_URL="https://www.naukri.com/job-listings-external-dev-456" SUBMISSION_RESULT="MANUAL_REQUIRED" HISTORY_WRITE=true OUTCOME_WRITE=true REASON="NONE"
[2026-08-10T11:48:15.016Z] PID=21880 APP_ID="test_easy_123" JOB_ID="test_easy_123" COMPANY="Easy Company" ROLE="Full Stack Developer" JOB_URL="https://www.naukri.com/job-listings-easy-dev-123" SUBMISSION_RESULT="WAITING_CONFIRMATION" HISTORY_WRITE=true OUTCOME_WRITE=true REASON="NONE"
[2026-08-10T11:48:15.080Z] PID=21880 APP_ID="test_easy_123" JOB_ID="test_easy_123" COMPANY="Easy Company" ROLE="Full Stack Developer" JOB_URL="https://www.naukri.com/job-listings-easy-dev-123" SUBMISSION_RESULT="SUBMITTED" HISTORY_WRITE=true OUTCOME_WRITE=true REASON="NONE"
[2026-08-10T11:48:20.937Z] PID=21880 APP_ID="guard_test_123" JOB_ID="guard_test_123" COMPANY="Guard Company" ROLE="React JS Developer" JOB_URL="https://www.naukri.com/job-listings-guard-test-123" SUBMISSION_RESULT="SUBMITTED" HISTORY_WRITE=true OUTCOME_WRITE=true REASON="NONE"
[2026-08-10T11:48:34.245Z] PID=21880 APP_ID="app_test_999" JOB_ID="job_test_999" COMPANY="Test Company" ROLE="Backend Developer" JOB_URL="https://www.naukri.com/job-listings-test-company-999" SUBMISSION_RESULT="SUBMITTED" HISTORY_WRITE=true OUTCOME_WRITE=true REASON="NONE"
[2026-08-10T11:48:34.284Z] PID=21880 APP_ID="" JOB_ID="" COMPANY="" ROLE="" JOB_URL="" SUBMISSION_RESULT="INVALID_RECORD" HISTORY_WRITE=false OUTCOME_WRITE=false REASON="INVALID_APPLICATION_RECORD"
[2026-08-10T11:49:20.886Z] PID=23536 APP_ID="0bd6a14980" JOB_ID="test123" COMPANY="Company" ROLE="Software Developer" JOB_URL="https://www.naukri.com/job-listings-test-123" SUBMISSION_RESULT="SUBMITTED" HISTORY_WRITE=true OUTCOME_WRITE=true REASON="NONE"
[2026-08-10T11:49:23.409Z] PID=23536 APP_ID="test_ext_456" JOB_ID="test_ext_456" COMPANY="External Company" ROLE="Backend Engineer" JOB_URL="https://www.naukri.com/job-listings-external-dev-456" SUBMISSION_RESULT="MANUAL_REQUIRED" HISTORY_WRITE=true OUTCOME_WRITE=true REASON="NONE"
[2026-08-10T11:49:23.516Z] PID=23536 APP_ID="test_easy_123" JOB_ID="test_easy_123" COMPANY="Easy Company" ROLE="Full Stack Developer" JOB_URL="https://www.naukri.com/job-listings-easy-dev-123" SUBMISSION_RESULT="WAITING_CONFIRMATION" HISTORY_WRITE=true OUTCOME_WRITE=true REASON="NONE"
[2026-08-10T11:49:23.612Z] PID=23536 APP_ID="test_easy_123" JOB_ID="test_easy_123" COMPANY="Easy Company" ROLE="Full Stack Developer" JOB_URL="https://www.naukri.com/job-listings-easy-dev-123" SUBMISSION_RESULT="SUBMITTED" HISTORY_WRITE=true OUTCOME_WRITE=true REASON="NONE"
[2026-08-10T11:49:24.987Z] PID=23536 APP_ID="guard_test_123" JOB_ID="guard_test_123" COMPANY="Guard Company" ROLE="React JS Developer" JOB_URL="https://www.naukri.com/job-listings-guard-test-123" SUBMISSION_RESULT="SUBMITTED" HISTORY_WRITE=true OUTCOME_WRITE=true REASON="NONE"
[2026-08-10T11:49:43.877Z] PID=23536 APP_ID="app_test_999" JOB_ID="job_test_999" COMPANY="Test Company" ROLE="Backend Developer" JOB_URL="https://www.naukri.com/job-listings-test-company-999" SUBMISSION_RESULT="SUBMITTED" HISTORY_WRITE=true OUTCOME_WRITE=true REASON="NONE"
[2026-08-10T11:49:43.909Z] PID=23536 APP_ID="" JOB_ID="" COMPANY="" ROLE="" JOB_URL="" SUBMISSION_RESULT="INVALID_RECORD" HISTORY_WRITE=false OUTCOME_WRITE=false REASON="INVALID_APPLICATION_RECORD"
[2026-08-10T11:50:39.395Z] PID=21976 APP_ID="guard_test_123" JOB_ID="guard_test_123" COMPANY="Guard Company" ROLE="React JS Developer" JOB_URL="https://www.naukri.com/job-listings-guard-test-123" SUBMISSION_RESULT="SUBMITTED" HISTORY_WRITE=true OUTCOME_WRITE=true REASON="NONE"
[2026-08-10T11:50:40.857Z] PID=21976 APP_ID="0bd6a14980" JOB_ID="test123" COMPANY="Company" ROLE="Software Developer" JOB_URL="https://www.naukri.com/job-listings-test-123" SUBMISSION_RESULT="SUBMITTED" HISTORY_WRITE=true OUTCOME_WRITE=true REASON="NONE"
[2026-08-10T11:50:41.962Z] PID=21976 APP_ID="test_ext_456" JOB_ID="test_ext_456" COMPANY="External Company" ROLE="Backend Engineer" JOB_URL="https://www.naukri.com/job-listings-external-dev-456" SUBMISSION_RESULT="MANUAL_REQUIRED" HISTORY_WRITE=true OUTCOME_WRITE=true REASON="NONE"
[2026-08-10T11:50:42.060Z] PID=21976 APP_ID="test_easy_123" JOB_ID="test_easy_123" COMPANY="Easy Company" ROLE="Full Stack Developer" JOB_URL="https://www.naukri.com/job-listings-easy-dev-123" SUBMISSION_RESULT="WAITING_CONFIRMATION" HISTORY_WRITE=true OUTCOME_WRITE=true REASON="NONE"
[2026-08-10T11:50:42.126Z] PID=21976 APP_ID="test_easy_123" JOB_ID="test_easy_123" COMPANY="Easy Company" ROLE="Full Stack Developer" JOB_URL="https://www.naukri.com/job-listings-easy-dev-123" SUBMISSION_RESULT="SUBMITTED" HISTORY_WRITE=true OUTCOME_WRITE=true REASON="NONE"
[2026-08-10T11:50:56.770Z] PID=21976 APP_ID="app_test_999" JOB_ID="job_test_999" COMPANY="Test Company" ROLE="Backend Developer" JOB_URL="https://www.naukri.com/job-listings-test-company-999" SUBMISSION_RESULT="SUBMITTED" HISTORY_WRITE=true OUTCOME_WRITE=true REASON="NONE"
[2026-08-10T11:50:56.805Z] PID=21976 APP_ID="" JOB_ID="" COMPANY="" ROLE="" JOB_URL="" SUBMISSION_RESULT="INVALID_RECORD" HISTORY_WRITE=false OUTCOME_WRITE=false REASON="INVALID_APPLICATION_RECORD"
[2026-08-10T11:51:50.491Z] PID=19660 APP_ID="0bd6a14980" JOB_ID="test123" COMPANY="Company" ROLE="Software Developer" JOB_URL="https://www.naukri.com/job-listings-test-123" SUBMISSION_RESULT="SUBMITTED" HISTORY_WRITE=true OUTCOME_WRITE=true REASON="NONE"
[2026-08-10T11:51:55.457Z] PID=19660 APP_ID="guard_test_123" JOB_ID="guard_test_123" COMPANY="Guard Company" ROLE="React JS Developer" JOB_URL="https://www.naukri.com/job-listings-guard-test-123" SUBMISSION_RESULT="SUBMITTED" HISTORY_WRITE=true OUTCOME_WRITE=true REASON="NONE"
[2026-08-10T11:51:59.286Z] PID=19660 APP_ID="test_ext_456" JOB_ID="test_ext_456" COMPANY="External Company" ROLE="Backend Engineer" JOB_URL="https://www.naukri.com/job-listings-external-dev-456" SUBMISSION_RESULT="MANUAL_REQUIRED" HISTORY_WRITE=true OUTCOME_WRITE=true REASON="NONE"
[2026-08-10T11:51:59.403Z] PID=19660 APP_ID="test_easy_123" JOB_ID="test_easy_123" COMPANY="Easy Company" ROLE="Full Stack Developer" JOB_URL="https://www.naukri.com/job-listings-easy-dev-123" SUBMISSION_RESULT="WAITING_CONFIRMATION" HISTORY_WRITE=true OUTCOME_WRITE=true REASON="NONE"
[2026-08-10T11:51:59.462Z] PID=19660 APP_ID="test_easy_123" JOB_ID="test_easy_123" COMPANY="Easy Company" ROLE="Full Stack Developer" JOB_URL="https://www.naukri.com/job-listings-easy-dev-123" SUBMISSION_RESULT="SUBMITTED" HISTORY_WRITE=true OUTCOME_WRITE=true REASON="NONE"
[2026-08-10T11:52:12.183Z] PID=19660 APP_ID="app_test_999" JOB_ID="job_test_999" COMPANY="Test Company" ROLE="Backend Developer" JOB_URL="https://www.naukri.com/job-listings-test-company-999" SUBMISSION_RESULT="SUBMITTED" HISTORY_WRITE=true OUTCOME_WRITE=true REASON="NONE"
[2026-08-10T11:52:12.220Z] PID=19660 APP_ID="" JOB_ID="" COMPANY="" ROLE="" JOB_URL="" SUBMISSION_RESULT="INVALID_RECORD" HISTORY_WRITE=false OUTCOME_WRITE=false REASON="INVALID_APPLICATION_RECORD"
[2026-08-10T12:13:16.340Z] PID=6160 APP_ID="0bd6a14980" JOB_ID="test123" COMPANY="Company" ROLE="Software Developer" JOB_URL="https://www.naukri.com/job-listings-test-123" SUBMISSION_RESULT="SUBMITTED" HISTORY_WRITE=true OUTCOME_WRITE=true REASON="NONE"
[2026-08-10T12:13:19.179Z] PID=6160 APP_ID="test_ext_456" JOB_ID="test_ext_456" COMPANY="External Company" ROLE="Backend Engineer" JOB_URL="https://www.naukri.com/job-listings-external-dev-456" SUBMISSION_RESULT="MANUAL_REQUIRED" HISTORY_WRITE=true OUTCOME_WRITE=true REASON="NONE"
[2026-08-10T12:13:19.289Z] PID=6160 APP_ID="test_easy_123" JOB_ID="test_easy_123" COMPANY="Easy Company" ROLE="Full Stack Developer" JOB_URL="https://www.naukri.com/job-listings-easy-dev-123" SUBMISSION_RESULT="WAITING_CONFIRMATION" HISTORY_WRITE=true OUTCOME_WRITE=true REASON="NONE"
[2026-08-10T12:13:19.360Z] PID=6160 APP_ID="test_easy_123" JOB_ID="test_easy_123" COMPANY="Easy Company" ROLE="Full Stack Developer" JOB_URL="https://www.naukri.com/job-listings-easy-dev-123" SUBMISSION_RESULT="SUBMITTED" HISTORY_WRITE=true OUTCOME_WRITE=true REASON="NONE"
[2026-08-10T12:13:20.878Z] PID=6160 APP_ID="guard_test_123" JOB_ID="guard_test_123" COMPANY="Guard Company" ROLE="React JS Developer" JOB_URL="https://www.naukri.com/job-listings-guard-test-123" SUBMISSION_RESULT="SUBMITTED" HISTORY_WRITE=true OUTCOME_WRITE=true REASON="NONE"
[2026-08-10T12:13:37.583Z] PID=6160 APP_ID="app_test_999" JOB_ID="job_test_999" COMPANY="Test Company" ROLE="Backend Developer" JOB_URL="https://www.naukri.com/job-listings-test-company-999" SUBMISSION_RESULT="SUBMITTED" HISTORY_WRITE=true OUTCOME_WRITE=true REASON="NONE"
[2026-08-10T12:13:37.623Z] PID=6160 APP_ID="" JOB_ID="" COMPANY="" ROLE="" JOB_URL="" SUBMISSION_RESULT="INVALID_RECORD" HISTORY_WRITE=false OUTCOME_WRITE=false REASON="INVALID_APPLICATION_RECORD"
[2026-08-10T12:14:27.462Z] PID=27544 APP_ID="0bd6a14980" JOB_ID="test123" COMPANY="Company" ROLE="Software Developer" JOB_URL="https://www.naukri.com/job-listings-test-123" SUBMISSION_RESULT="SUBMITTED" HISTORY_WRITE=true OUTCOME_WRITE=true REASON="NONE"
[2026-08-10T12:14:28.804Z] PID=27544 APP_ID="guard_test_123" JOB_ID="guard_test_123" COMPANY="Guard Company" ROLE="React JS Developer" JOB_URL="https://www.naukri.com/job-listings-guard-test-123" SUBMISSION_RESULT="SUBMITTED" HISTORY_WRITE=true OUTCOME_WRITE=true REASON="NONE"
[2026-08-10T12:14:32.726Z] PID=27544 APP_ID="test_ext_456" JOB_ID="test_ext_456" COMPANY="External Company" ROLE="Backend Engineer" JOB_URL="https://www.naukri.com/job-listings-external-dev-456" SUBMISSION_RESULT="MANUAL_REQUIRED" HISTORY_WRITE=true OUTCOME_WRITE=true REASON="NONE"
[2026-08-10T12:14:32.852Z] PID=27544 APP_ID="test_easy_123" JOB_ID="test_easy_123" COMPANY="Easy Company" ROLE="Full Stack Developer" JOB_URL="https://www.naukri.com/job-listings-easy-dev-123" SUBMISSION_RESULT="WAITING_CONFIRMATION" HISTORY_WRITE=true OUTCOME_WRITE=true REASON="NONE"
[2026-08-10T12:14:32.908Z] PID=27544 APP_ID="test_easy_123" JOB_ID="test_easy_123" COMPANY="Easy Company" ROLE="Full Stack Developer" JOB_URL="https://www.naukri.com/job-listings-easy-dev-123" SUBMISSION_RESULT="SUBMITTED" HISTORY_WRITE=true OUTCOME_WRITE=true REASON="NONE"
[2026-08-10T12:14:51.799Z] PID=27544 APP_ID="app_test_999" JOB_ID="job_test_999" COMPANY="Test Company" ROLE="Backend Developer" JOB_URL="https://www.naukri.com/job-listings-test-company-999" SUBMISSION_RESULT="SUBMITTED" HISTORY_WRITE=true OUTCOME_WRITE=true REASON="NONE"
[2026-08-10T12:14:51.843Z] PID=27544 APP_ID="" JOB_ID="" COMPANY="" ROLE="" JOB_URL="" SUBMISSION_RESULT="INVALID_RECORD" HISTORY_WRITE=false OUTCOME_WRITE=false REASON="INVALID_APPLICATION_RECORD"
[2026-08-10T12:29:01.009Z] PID=15068 APP_ID="0bd6a14980" JOB_ID="test123" COMPANY="Company" ROLE="Software Developer" JOB_URL="https://www.naukri.com/job-listings-test-123" SUBMISSION_RESULT="SUBMITTED" HISTORY_WRITE=true OUTCOME_WRITE=true REASON="NONE"
[2026-08-10T12:29:10.247Z] PID=15068 APP_ID="test_ext_456" JOB_ID="test_ext_456" COMPANY="External Company" ROLE="Backend Engineer" JOB_URL="https://www.naukri.com/job-listings-external-dev-456" SUBMISSION_RESULT="MANUAL_REQUIRED" HISTORY_WRITE=true OUTCOME_WRITE=true REASON="NONE"
[2026-08-10T12:29:10.337Z] PID=15068 APP_ID="test_easy_123" JOB_ID="test_easy_123" COMPANY="Easy Company" ROLE="Full Stack Developer" JOB_URL="https://www.naukri.com/job-listings-easy-dev-123" SUBMISSION_RESULT="WAITING_CONFIRMATION" HISTORY_WRITE=true OUTCOME_WRITE=true REASON="NONE"
[2026-08-10T12:29:10.399Z] PID=15068 APP_ID="test_easy_123" JOB_ID="test_easy_123" COMPANY="Easy Company" ROLE="Full Stack Developer" JOB_URL="https://www.naukri.com/job-listings-easy-dev-123" SUBMISSION_RESULT="SUBMITTED" HISTORY_WRITE=true OUTCOME_WRITE=true REASON="NONE"
[2026-08-10T12:29:12.736Z] PID=15068 APP_ID="guard_test_123" JOB_ID="guard_test_123" COMPANY="Guard Company" ROLE="React JS Developer" JOB_URL="https://www.naukri.com/job-listings-guard-test-123" SUBMISSION_RESULT="SUBMITTED" HISTORY_WRITE=true OUTCOME_WRITE=true REASON="NONE"
[2026-08-10T12:29:24.398Z] PID=15068 APP_ID="app_test_999" JOB_ID="job_test_999" COMPANY="Test Company" ROLE="Backend Developer" JOB_URL="https://www.naukri.com/job-listings-test-company-999" SUBMISSION_RESULT="SUBMITTED" HISTORY_WRITE=true OUTCOME_WRITE=true REASON="NONE"
[2026-08-10T12:29:24.432Z] PID=15068 APP_ID="" JOB_ID="" COMPANY="" ROLE="" JOB_URL="" SUBMISSION_RESULT="INVALID_RECORD" HISTORY_WRITE=false OUTCOME_WRITE=false REASON="INVALID_APPLICATION_RECORD"
[2026-08-10T12:34:57.307Z] PID=33352 APP_ID="0bd6a14980" JOB_ID="test123" COMPANY="Company" ROLE="Software Developer" JOB_URL="https://www.naukri.com/job-listings-test-123" SUBMISSION_RESULT="SUBMITTED" HISTORY_WRITE=true OUTCOME_WRITE=true REASON="NONE"
[2026-08-10T12:35:00.179Z] PID=33352 APP_ID="test_ext_456" JOB_ID="test_ext_456" COMPANY="External Company" ROLE="Backend Engineer" JOB_URL="https://www.naukri.com/job-listings-external-dev-456" SUBMISSION_RESULT="MANUAL_REQUIRED" HISTORY_WRITE=true OUTCOME_WRITE=true REASON="NONE"
[2026-08-10T12:35:00.300Z] PID=33352 APP_ID="test_easy_123" JOB_ID="test_easy_123" COMPANY="Easy Company" ROLE="Full Stack Developer" JOB_URL="https://www.naukri.com/job-listings-easy-dev-123" SUBMISSION_RESULT="WAITING_CONFIRMATION" HISTORY_WRITE=true OUTCOME_WRITE=true REASON="NONE"
[2026-08-10T12:35:00.373Z] PID=33352 APP_ID="test_easy_123" JOB_ID="test_easy_123" COMPANY="Easy Company" ROLE="Full Stack Developer" JOB_URL="https://www.naukri.com/job-listings-easy-dev-123" SUBMISSION_RESULT="SUBMITTED" HISTORY_WRITE=true OUTCOME_WRITE=true REASON="NONE"
[2026-08-10T12:35:08.026Z] PID=33352 APP_ID="guard_test_123" JOB_ID="guard_test_123" COMPANY="Guard Company" ROLE="React JS Developer" JOB_URL="https://www.naukri.com/job-listings-guard-test-123" SUBMISSION_RESULT="SUBMITTED" HISTORY_WRITE=true OUTCOME_WRITE=true REASON="NONE"
[2026-08-10T12:35:25.061Z] PID=33352 APP_ID="app_test_999" JOB_ID="job_test_999" COMPANY="Test Company" ROLE="Backend Developer" JOB_URL="https://www.naukri.com/job-listings-test-company-999" SUBMISSION_RESULT="SUBMITTED" HISTORY_WRITE=true OUTCOME_WRITE=true REASON="NONE"
[2026-08-10T12:35:25.106Z] PID=33352 APP_ID="" JOB_ID="" COMPANY="" ROLE="" JOB_URL="" SUBMISSION_RESULT="INVALID_RECORD" HISTORY_WRITE=false OUTCOME_WRITE=false REASON="INVALID_APPLICATION_RECORD"
