[2026-08-13T06:25:02.887Z] PID=15960 EVENT=BOT_INIT DETAILS="Polling=false"
[2026-08-13T06:49:30.061Z] PID=24152 EVENT=BOT_INIT DETAILS="Polling=false"
[2026-08-13T06:49:31.267Z] PID=24152 EVENT=START_POLLING_BLOCKED_TEST DETAILS="Polling start blocked in test environment."
[2026-08-13T07:17:13.088Z] PID=19904 EVENT=START_POLLING_BLOCKED_TEST DETAILS="Polling start blocked in test environment."
[2026-08-13T07:17:52.640Z] PID=17144 EVENT=START_POLLING_BLOCKED_TEST DETAILS="Polling start blocked in test environment."
[2026-08-13T07:20:07.771Z] PID=19488 EVENT=BOT_INIT DETAILS="Polling=false"
[2026-08-13T07:21:00.504Z] PID=7936 EVENT=BOT_INIT DETAILS="Polling=true"
[2026-08-13T07:21:00.509Z] PID=7936 EVENT=POLLING_STARTED DETAILS="PID 7936"
[2026-08-13T07:29:01.447Z] PID=21376 EVENT=START_POLLING_BLOCKED_TEST DETAILS="Polling start blocked in test environment."
[2026-08-13T07:29:37.924Z] PID=27908 EVENT=START_POLLING_BLOCKED_TEST DETAILS="Polling start blocked in test environment."
[2026-08-13T07:32:19.094Z] PID=16272 EVENT=START_POLLING_BLOCKED_TEST DETAILS="Polling start blocked in test environment."
[2026-08-13T07:37:17.566Z] PID=15276 EVENT=BOT_INIT DETAILS="Polling=false"
[2026-08-13T07:37:36.968Z] PID=21480 EVENT=START_POLLING_BLOCKED_TEST DETAILS="Polling start blocked in test environment."
[2026-08-13T07:38:04.275Z] PID=10220 EVENT=START_POLLING_BLOCKED_TEST DETAILS="Polling start blocked in test environment."
[2026-08-13T07:39:52.967Z] PID=1516 EVENT=START_POLLING_BLOCKED_TEST DETAILS="Polling start blocked in test environment."
[2026-08-13T07:53:30.008Z] PID=17352 EVENT=START_POLLING_BLOCKED_TEST DETAILS="Polling start blocked in test environment."
[2026-08-13T07:56:16.715Z] PID=10896 EVENT=START_POLLING_BLOCKED_TEST DETAILS="Polling start blocked in test environment."
[2026-08-13T07:58:48.701Z] PID=18360 EVENT=START_POLLING_BLOCKED_TEST DETAILS="Polling start blocked in test environment."
[2026-08-13T08:03:12.096Z] PID=4228 EVENT=BOT_INIT DETAILS="Polling=false"
[2026-08-13T08:06:23.897Z] PID=11640 EVENT=START_POLLING_BLOCKED_TEST DETAILS="Polling start blocked in test environment."
[2026-08-13T08:09:16.499Z] PID=25288 EVENT=BOT_INIT DETAILS="Polling=false"
[2026-08-13T08:14:24.591Z] PID=16028 EVENT=START_POLLING_BLOCKED_TEST DETAILS="Polling start blocked in test environment."
[2026-08-13T08:15:03.582Z] PID=2648 EVENT=START_POLLING_BLOCKED_TEST DETAILS="Polling start blocked in test environment."
[2026-08-13T08:15:37.895Z] PID=21872 EVENT=START_POLLING_BLOCKED_TEST DETAILS="Polling start blocked in test environment."
[2026-08-13T08:20:13.104Z] PID=1820 EVENT=START_POLLING_BLOCKED_TEST DETAILS="Polling start blocked in test environment."
[2026-08-13T08:47:08.377Z] PID=23176 EVENT=START_POLLING_BLOCKED_TEST DETAILS="Polling start blocked in test environment."
[2026-08-13T08:53:01.153Z] PID=5952 EVENT=START_POLLING_BLOCKED_TEST DETAILS="Polling start blocked in test environment."
[2026-08-13T08:53:47.340Z] PID=13644 EVENT=START_POLLING_BLOCKED_TEST DETAILS="Polling start blocked in test environment."
[2026-08-13T08:58:18.789Z] PID=21288 EVENT=START_POLLING_BLOCKED_TEST DETAILS="Polling start blocked in test environment."
[2026-08-13T09:10:18.121Z] PID=18604 EVENT=START_POLLING_BLOCKED_TEST DETAILS="Polling start blocked in test environment."
[2026-08-13T09:11:02.502Z] PID=5104 EVENT=START_POLLING_BLOCKED_TEST DETAILS="Polling start blocked in test environment."
[2026-08-13T09:16:13.046Z] PID=22712 EVENT=START_POLLING_BLOCKED_TEST DETAILS="Polling start blocked in test environment."
[2026-08-13T09:17:16.866Z] PID=11928 EVENT=START_POLLING_BLOCKED_TEST DETAILS="Polling start blocked in test environment."
[2026-08-13T09:20:24.505Z] PID=8452 EVENT=START_POLLING_BLOCKED_TEST DETAILS="Polling start blocked in test environment."
[2026-08-13T09:23:19.868Z] PID=20288 EVENT=START_POLLING_BLOCKED_TEST DETAILS="Polling start blocked in test environment."
[2026-08-13T09:25:28.041Z] PID=14596 EVENT=START_POLLING_BLOCKED_TEST DETAILS="Polling start blocked in test environment."
[2026-08-13T09:25:51.939Z] PID=12624 EVENT=START_POLLING_BLOCKED_TEST DETAILS="Polling start blocked in test environment."
[2026-08-13T09:26:40.532Z] PID=20312 EVENT=START_POLLING_BLOCKED_TEST DETAILS="Polling start blocked in test environment."
[2026-08-13T09:27:11.459Z] PID=28256 EVENT=START_POLLING_BLOCKED_TEST DETAILS="Polling start blocked in test environment."
[2026-08-13T09:30:31.333Z] PID=28520 EVENT=START_POLLING_BLOCKED_TEST DETAILS="Polling start blocked in test environment."
[2026-08-13T09:32:52.048Z] PID=12272 EVENT=START_POLLING_BLOCKED_TEST DETAILS="Polling start blocked in test environment."
[2026-08-13T09:34:37.320Z] PID=19356 EVENT=START_POLLING_BLOCKED_TEST DETAILS="Polling start blocked in test environment."
[2026-08-13T09:36:25.303Z] PID=23824 EVENT=START_POLLING_BLOCKED_TEST DETAILS="Polling start blocked in test environment."
[2026-08-13T09:37:13.507Z] PID=1420 EVENT=BOT_INIT DETAILS="Polling=false"
[2026-08-13T09:37:22.679Z] PID=21284 EVENT=START_POLLING_BLOCKED_TEST DETAILS="Polling start blocked in test environment."
[2026-08-13T09:39:47.404Z] PID=8048 EVENT=START_POLLING_BLOCKED_TEST DETAILS="Polling start blocked in test environment."
[2026-08-13T09:42:48.706Z] PID=10180 EVENT=START_POLLING_BLOCKED_TEST DETAILS="Polling start blocked in test environment."
[2026-08-13T09:45:05.831Z] PID=5884 EVENT=START_POLLING_BLOCKED_TEST DETAILS="Polling start blocked in test environment."
[2026-08-13T09:45:32.152Z] PID=24420 EVENT=START_POLLING_BLOCKED_TEST DETAILS="Polling start blocked in test environment."
[2026-08-13T09:47:41.411Z] PID=1740 EVENT=START_POLLING_BLOCKED_TEST DETAILS="Polling start blocked in test environment."
[2026-08-13T09:49:54.753Z] PID=11580 EVENT=START_POLLING_BLOCKED_TEST DETAILS="Polling start blocked in test environment."
[2026-08-13T09:51:46.117Z] PID=4496 EVENT=START_POLLING_BLOCKED_TEST DETAILS="Polling start blocked in test environment."
[2026-08-13T09:53:34.760Z] PID=19876 EVENT=BOT_INIT DETAILS="Polling=false"
[2026-08-13T09:54:03.684Z] PID=26880 EVENT=START_POLLING_BLOCKED_TEST DETAILS="Polling start blocked in test environment."
[2026-08-13T09:57:35.836Z] PID=12336 EVENT=START_POLLING_BLOCKED_TEST DETAILS="Polling start blocked in test environment."
[2026-08-13T09:59:29.454Z] PID=26384 EVENT=START_POLLING_BLOCKED_TEST DETAILS="Polling start blocked in test environment."
[2026-08-13T10:00:49.577Z] PID=9144 EVENT=BOT_INIT DETAILS="Polling=false"
[2026-08-13T10:01:19.785Z] PID=25452 EVENT=START_POLLING_BLOCKED_TEST DETAILS="Polling start blocked in test environment."
[2026-08-13T10:04:38.487Z] PID=24912 EVENT=START_POLLING_BLOCKED_TEST DETAILS="Polling start blocked in test environment."
[2026-08-13T10:06:01.943Z] PID=12700 EVENT=START_POLLING_BLOCKED_TEST DETAILS="Polling start blocked in test environment."
[2026-08-13T10:07:39.605Z] PID=19952 EVENT=BOT_INIT DETAILS="Polling=false"
[2026-08-13T10:08:55.431Z] PID=13488 EVENT=START_POLLING_BLOCKED_TEST DETAILS="Polling start blocked in test environment."
[2026-08-13T10:19:45.898Z] PID=3644 EVENT=START_POLLING_BLOCKED_TEST DETAILS="Polling start blocked in test environment."
[2026-08-13T10:24:52.078Z] PID=2176 EVENT=START_POLLING_BLOCKED_TEST DETAILS="Polling start blocked in test environment."
[2026-08-13T10:43:55.865Z] PID=14560 EVENT=START_POLLING_BLOCKED_TEST DETAILS="Polling start blocked in test environment."
[2026-08-13T10:47:19.717Z] PID=8040 EVENT=START_POLLING_BLOCKED_TEST DETAILS="Polling start blocked in test environment."
[2026-08-13T10:50:23.695Z] PID=8748 EVENT=START_POLLING_BLOCKED_TEST DETAILS="Polling start blocked in test environment."
[2026-08-13T10:55:33.977Z] PID=5036 EVENT=START_POLLING_BLOCKED_TEST DETAILS="Polling start blocked in test environment."
[2026-08-13T10:58:57.741Z] PID=9196 EVENT=BOT_INIT DETAILS="Polling=false"
[2026-08-13T10:59:45.624Z] PID=16680 EVENT=BOT_INIT DETAILS="Polling=false"
[2026-08-13T11:01:15.246Z] PID=21008 EVENT=START_POLLING_BLOCKED_TEST DETAILS="Polling start blocked in test environment."
[2026-08-13T11:10:38.914Z] PID=8064 EVENT=START_POLLING_BLOCKED_TEST DETAILS="Polling start blocked in test environment."
[2026-08-13T11:12:50.133Z] PID=26328 EVENT=BOT_INIT DETAILS="Polling=false"
[2026-08-13T11:13:59.556Z] PID=8456 EVENT=BOT_INIT DETAILS="Polling=false"
[2026-08-13T11:15:06.749Z] PID=10356 EVENT=BOT_INIT DETAILS="Polling=false"
[2026-08-13T11:20:36.921Z] PID=15476 EVENT=BOT_INIT DETAILS="Polling=false"
[2026-08-13T11:27:01.434Z] PID=15960 EVENT=BOT_INIT DETAILS="Polling=true"
[2026-08-13T11:27:09.456Z] PID=7936 EVENT=TELEGRAM_POLLING_CONFLICT_EXTERNAL_PROCESS DETAILS="ETELEGRAM: 409 Conflict: terminated by other getUpdates request; make sure that only one bot instance is running"
[2026-08-13T11:27:12.962Z] PID=15960 EVENT=TELEGRAM_POLLING_CONFLICT_EXTERNAL_PROCESS DETAILS="ETELEGRAM: 409 Conflict: terminated by other getUpdates request; make sure that only one bot instance is running"
[2026-08-13T11:27:27.145Z] PID=7936 EVENT=TELEGRAM_POLLING_CONFLICT_EXTERNAL_PROCESS DETAILS="ETELEGRAM: 409 Conflict: terminated by other getUpdates request; make sure that only one bot instance is running"
[2026-08-13T11:27:32.962Z] PID=15960 EVENT=TELEGRAM_POLLING_CONFLICT_EXTERNAL_PROCESS DETAILS="ETELEGRAM: 409 Conflict: terminated by other getUpdates request; make sure that only one bot instance is running"
[2026-08-13T11:27:46.302Z] PID=7936 EVENT=TELEGRAM_POLLING_CONFLICT_EXTERNAL_PROCESS DETAILS="ETELEGRAM: 409 Conflict: terminated by other getUpdates request; make sure that only one bot instance is running"
[2026-08-13T11:27:47.190Z] PID=15960 EVENT=TELEGRAM_POLLING_CONFLICT_EXTERNAL_PROCESS DETAILS="ETELEGRAM: 409 Conflict: terminated by other getUpdates request; make sure that only one bot instance is running"
[2026-08-13T11:27:56.159Z] PID=7936 EVENT=TELEGRAM_POLLING_CONFLICT_EXTERNAL_PROCESS DETAILS="ETELEGRAM: 409 Conflict: terminated by other getUpdates request; make sure that only one bot instance is running"
[2026-08-13T11:27:56.694Z] PID=15960 EVENT=TELEGRAM_POLLING_CONFLICT_EXTERNAL_PROCESS DETAILS="ETELEGRAM: 409 Conflict: terminated by other getUpdates request; make sure that only one bot instance is running"
[2026-08-13T11:28:05.876Z] PID=7936 EVENT=TELEGRAM_POLLING_CONFLICT_EXTERNAL_PROCESS DETAILS="ETELEGRAM: 409 Conflict: terminated by other getUpdates request; make sure that only one bot instance is running"
[2026-08-13T11:28:06.523Z] PID=15960 EVENT=TELEGRAM_POLLING_CONFLICT_EXTERNAL_PROCESS DETAILS="ETELEGRAM: 409 Conflict: terminated by other getUpdates request; make sure that only one bot instance is running"
[2026-08-13T11:28:15.497Z] PID=7936 EVENT=TELEGRAM_POLLING_CONFLICT_EXTERNAL_PROCESS DETAILS="ETELEGRAM: 409 Conflict: terminated by other getUpdates request; make sure that only one bot instance is running"
[2026-08-13T11:28:16.123Z] PID=15960 EVENT=TELEGRAM_POLLING_CONFLICT_EXTERNAL_PROCESS DETAILS="ETELEGRAM: 409 Conflict: terminated by other getUpdates request; make sure that only one bot instance is running"
[2026-08-13T11:28:24.916Z] PID=7936 EVENT=TELEGRAM_POLLING_CONFLICT_EXTERNAL_PROCESS DETAILS="ETELEGRAM: 409 Conflict: terminated by other getUpdates request; make sure that only one bot instance is running"
[2026-08-13T11:28:25.556Z] PID=15960 EVENT=TELEGRAM_POLLING_CONFLICT_EXTERNAL_PROCESS DETAILS="ETELEGRAM: 409 Conflict: terminated by other getUpdates request; make sure that only one bot instance is running"
[2026-08-13T11:28:33.997Z] PID=7936 EVENT=TELEGRAM_POLLING_CONFLICT_EXTERNAL_PROCESS DETAILS="ETELEGRAM: 409 Conflict: terminated by other getUpdates request; make sure that only one bot instance is running"
[2026-08-13T11:28:35.456Z] PID=15960 EVENT=TELEGRAM_POLLING_CONFLICT_EXTERNAL_PROCESS DETAILS="ETELEGRAM: 409 Conflict: terminated by other getUpdates request; make sure that only one bot instance is running"
[2026-08-13T11:45:51.479Z] PID=15960 EVENT=TELEGRAM_POLLING_CONFLICT_EXTERNAL_PROCESS DETAILS="ETELEGRAM: 409 Conflict: terminated by other getUpdates request; make sure that only one bot instance is running"
[2026-08-13T11:45:55.098Z] PID=7936 EVENT=TELEGRAM_POLLING_CONFLICT_EXTERNAL_PROCESS DETAILS="ETELEGRAM: 409 Conflict: terminated by other getUpdates request; make sure that only one bot instance is running"
[2026-08-13T11:46:01.704Z] PID=15960 EVENT=TELEGRAM_POLLING_CONFLICT_EXTERNAL_PROCESS DETAILS="ETELEGRAM: 409 Conflict: terminated by other getUpdates request; make sure that only one bot instance is running"
[2026-08-13T11:46:05.241Z] PID=7936 EVENT=TELEGRAM_POLLING_CONFLICT_EXTERNAL_PROCESS DETAILS="ETELEGRAM: 409 Conflict: terminated by other getUpdates request; make sure that only one bot instance is running"
[2026-08-13T11:46:12.065Z] PID=15960 EVENT=TELEGRAM_POLLING_CONFLICT_EXTERNAL_PROCESS DETAILS="ETELEGRAM: 409 Conflict: terminated by other getUpdates request; make sure that only one bot instance is running"
[2026-08-13T11:46:15.598Z] PID=7936 EVENT=TELEGRAM_POLLING_CONFLICT_EXTERNAL_PROCESS DETAILS="ETELEGRAM: 409 Conflict: terminated by other getUpdates request; make sure that only one bot instance is running"
[2026-08-13T11:46:21.375Z] PID=15960 EVENT=TELEGRAM_POLLING_CONFLICT_EXTERNAL_PROCESS DETAILS="ETELEGRAM: 409 Conflict: terminated by other getUpdates request; make sure that only one bot instance is running"
[2026-08-13T11:46:24.898Z] PID=7936 EVENT=TELEGRAM_POLLING_CONFLICT_EXTERNAL_PROCESS DETAILS="ETELEGRAM: 409 Conflict: terminated by other getUpdates request; make sure that only one bot instance is running"
[2026-08-13T11:46:30.158Z] PID=15960 EVENT=TELEGRAM_POLLING_CONFLICT_EXTERNAL_PROCESS DETAILS="ETELEGRAM: 409 Conflict: terminated by other getUpdates request; make sure that only one bot instance is running"
[2026-08-13T11:46:33.685Z] PID=7936 EVENT=TELEGRAM_POLLING_CONFLICT_EXTERNAL_PROCESS DETAILS="ETELEGRAM: 409 Conflict: terminated by other getUpdates request; make sure that only one bot instance is running"
[2026-08-13T11:46:39.799Z] PID=15960 EVENT=TELEGRAM_POLLING_CONFLICT_EXTERNAL_PROCESS DETAILS="ETELEGRAM: 409 Conflict: terminated by other getUpdates request; make sure that only one bot instance is running"
[2026-08-13T11:46:43.320Z] PID=7936 EVENT=TELEGRAM_POLLING_CONFLICT_EXTERNAL_PROCESS DETAILS="ETELEGRAM: 409 Conflict: terminated by other getUpdates request; make sure that only one bot instance is running"
[2026-08-13T11:46:48.653Z] PID=15960 EVENT=TELEGRAM_POLLING_CONFLICT_EXTERNAL_PROCESS DETAILS="ETELEGRAM: 409 Conflict: terminated by other getUpdates request; make sure that only one bot instance is running"
[2026-08-13T11:46:52.159Z] PID=7936 EVENT=TELEGRAM_POLLING_CONFLICT_EXTERNAL_PROCESS DETAILS="ETELEGRAM: 409 Conflict: terminated by other getUpdates request; make sure that only one bot instance is running"
[2026-08-13T11:46:57.778Z] PID=15960 EVENT=TELEGRAM_POLLING_CONFLICT_EXTERNAL_PROCESS DETAILS="ETELEGRAM: 409 Conflict: terminated by other getUpdates request; make sure that only one bot instance is running"
[2026-08-13T11:47:01.539Z] PID=7936 EVENT=TELEGRAM_POLLING_CONFLICT_EXTERNAL_PROCESS DETAILS="ETELEGRAM: 409 Conflict: terminated by other getUpdates request; make sure that only one bot instance is running"
[2026-08-13T11:47:08.824Z] PID=15960 EVENT=TELEGRAM_POLLING_CONFLICT_EXTERNAL_PROCESS DETAILS="ETELEGRAM: 409 Conflict: terminated by other getUpdates request; make sure that only one bot instance is running"
[2026-08-13T11:47:12.383Z] PID=7936 EVENT=TELEGRAM_POLLING_CONFLICT_EXTERNAL_PROCESS DETAILS="ETELEGRAM: 409 Conflict: terminated by other getUpdates request; make sure that only one bot instance is running"
[2026-08-13T11:47:18.664Z] PID=15960 EVENT=TELEGRAM_POLLING_CONFLICT_EXTERNAL_PROCESS DETAILS="ETELEGRAM: 409 Conflict: terminated by other getUpdates request; make sure that only one bot instance is running"
[2026-08-13T11:47:22.183Z] PID=7936 EVENT=TELEGRAM_POLLING_CONFLICT_EXTERNAL_PROCESS DETAILS="ETELEGRAM: 409 Conflict: terminated by other getUpdates request; make sure that only one bot instance is running"
[2026-08-13T11:47:27.707Z] PID=15960 EVENT=TELEGRAM_POLLING_CONFLICT_EXTERNAL_PROCESS DETAILS="ETELEGRAM: 409 Conflict: terminated by other getUpdates request; make sure that only one bot instance is running"
[2026-08-13T11:47:31.225Z] PID=7936 EVENT=TELEGRAM_POLLING_CONFLICT_EXTERNAL_PROCESS DETAILS="ETELEGRAM: 409 Conflict: terminated by other getUpdates request; make sure that only one bot instance is running"
[2026-08-13T11:47:36.442Z] PID=15960 EVENT=TELEGRAM_POLLING_CONFLICT_EXTERNAL_PROCESS DETAILS="ETELEGRAM: 409 Conflict: terminated by other getUpdates request; make sure that only one bot instance is running"
[2026-08-13T11:47:39.945Z] PID=7936 EVENT=TELEGRAM_POLLING_CONFLICT_EXTERNAL_PROCESS DETAILS="ETELEGRAM: 409 Conflict: terminated by other getUpdates request; make sure that only one bot instance is running"
[2026-08-13T11:47:45.499Z] PID=15960 EVENT=TELEGRAM_POLLING_CONFLICT_EXTERNAL_PROCESS DETAILS="ETELEGRAM: 409 Conflict: terminated by other getUpdates request; make sure that only one bot instance is running"
[2026-08-13T11:47:49.027Z] PID=7936 EVENT=TELEGRAM_POLLING_CONFLICT_EXTERNAL_PROCESS DETAILS="ETELEGRAM: 409 Conflict: terminated by other getUpdates request; make sure that only one bot instance is running"
[2026-08-13T11:47:54.295Z] PID=15960 EVENT=TELEGRAM_POLLING_CONFLICT_EXTERNAL_PROCESS DETAILS="ETELEGRAM: 409 Conflict: terminated by other getUpdates request; make sure that only one bot instance is running"
[2026-08-13T11:47:57.818Z] PID=7936 EVENT=TELEGRAM_POLLING_CONFLICT_EXTERNAL_PROCESS DETAILS="ETELEGRAM: 409 Conflict: terminated by other getUpdates request; make sure that only one bot instance is running"
[2026-08-13T11:48:03.089Z] PID=15960 EVENT=TELEGRAM_POLLING_CONFLICT_EXTERNAL_PROCESS DETAILS="ETELEGRAM: 409 Conflict: terminated by other getUpdates request; make sure that only one bot instance is running"
[2026-08-13T11:48:06.602Z] PID=7936 EVENT=TELEGRAM_POLLING_CONFLICT_EXTERNAL_PROCESS DETAILS="ETELEGRAM: 409 Conflict: terminated by other getUpdates request; make sure that only one bot instance is running"
[2026-08-13T11:48:12.143Z] PID=15960 EVENT=TELEGRAM_POLLING_CONFLICT_EXTERNAL_PROCESS DETAILS="ETELEGRAM: 409 Conflict: terminated by other getUpdates request; make sure that only one bot instance is running"
[2026-08-13T11:48:15.668Z] PID=7936 EVENT=TELEGRAM_POLLING_CONFLICT_EXTERNAL_PROCESS DETAILS="ETELEGRAM: 409 Conflict: terminated by other getUpdates request; make sure that only one bot instance is running"
[2026-08-13T11:48:21.000Z] PID=15960 EVENT=TELEGRAM_POLLING_CONFLICT_EXTERNAL_PROCESS DETAILS="ETELEGRAM: 409 Conflict: terminated by other getUpdates request; make sure that only one bot instance is running"
[2026-08-13T11:48:24.523Z] PID=7936 EVENT=TELEGRAM_POLLING_CONFLICT_EXTERNAL_PROCESS DETAILS="ETELEGRAM: 409 Conflict: terminated by other getUpdates request; make sure that only one bot instance is running"
[2026-08-13T11:48:30.069Z] PID=15960 EVENT=TELEGRAM_POLLING_CONFLICT_EXTERNAL_PROCESS DETAILS="ETELEGRAM: 409 Conflict: terminated by other getUpdates request; make sure that only one bot instance is running"
[2026-08-13T11:48:33.586Z] PID=7936 EVENT=TELEGRAM_POLLING_CONFLICT_EXTERNAL_PROCESS DETAILS="ETELEGRAM: 409 Conflict: terminated by other getUpdates request; make sure that only one bot instance is running"
[2026-08-13T11:48:38.905Z] PID=15960 EVENT=TELEGRAM_POLLING_CONFLICT_EXTERNAL_PROCESS DETAILS="ETELEGRAM: 409 Conflict: terminated by other getUpdates request; make sure that only one bot instance is running"
[2026-08-13T11:48:42.428Z] PID=7936 EVENT=TELEGRAM_POLLING_CONFLICT_EXTERNAL_PROCESS DETAILS="ETELEGRAM: 409 Conflict: terminated by other getUpdates request; make sure that only one bot instance is running"
[2026-08-13T11:48:47.667Z] PID=15960 EVENT=TELEGRAM_POLLING_CONFLICT_EXTERNAL_PROCESS DETAILS="ETELEGRAM: 409 Conflict: terminated by other getUpdates request; make sure that only one bot instance is running"
[2026-08-13T11:48:51.465Z] PID=7936 EVENT=TELEGRAM_POLLING_CONFLICT_EXTERNAL_PROCESS DETAILS="ETELEGRAM: 409 Conflict: terminated by other getUpdates request; make sure that only one bot instance is running"
[2026-08-13T11:48:57.067Z] PID=15960 EVENT=TELEGRAM_POLLING_CONFLICT_EXTERNAL_PROCESS DETAILS="ETELEGRAM: 409 Conflict: terminated by other getUpdates request; make sure that only one bot instance is running"
[2026-08-13T11:49:00.670Z] PID=7936 EVENT=TELEGRAM_POLLING_CONFLICT_EXTERNAL_PROCESS DETAILS="ETELEGRAM: 409 Conflict: terminated by other getUpdates request; make sure that only one bot instance is running"
[2026-08-13T11:49:07.150Z] PID=15960 EVENT=TELEGRAM_POLLING_CONFLICT_EXTERNAL_PROCESS DETAILS="ETELEGRAM: 409 Conflict: terminated by other getUpdates request; make sure that only one bot instance is running"
[2026-08-13T11:49:10.682Z] PID=7936 EVENT=TELEGRAM_POLLING_CONFLICT_EXTERNAL_PROCESS DETAILS="ETELEGRAM: 409 Conflict: terminated by other getUpdates request; make sure that only one bot instance is running"
[2026-08-13T11:49:16.285Z] PID=15960 EVENT=TELEGRAM_POLLING_CONFLICT_EXTERNAL_PROCESS DETAILS="ETELEGRAM: 409 Conflict: terminated by other getUpdates request; make sure that only one bot instance is running"
[2026-08-13T11:49:19.900Z] PID=7936 EVENT=TELEGRAM_POLLING_CONFLICT_EXTERNAL_PROCESS DETAILS="ETELEGRAM: 409 Conflict: terminated by other getUpdates request; make sure that only one bot instance is running"
[2026-08-13T11:49:29.288Z] PID=15960 EVENT=TELEGRAM_POLLING_CONFLICT_EXTERNAL_PROCESS DETAILS="ETELEGRAM: 409 Conflict: terminated by other getUpdates request; make sure that only one bot instance is running"
[2026-08-13T11:49:29.800Z] PID=7936 EVENT=TELEGRAM_POLLING_CONFLICT_EXTERNAL_PROCESS DETAILS="ETELEGRAM: 409 Conflict: terminated by other getUpdates request; make sure that only one bot instance is running"
[2026-08-13T11:49:38.183Z] PID=15960 EVENT=TELEGRAM_POLLING_CONFLICT_EXTERNAL_PROCESS DETAILS="ETELEGRAM: 409 Conflict: terminated by other getUpdates request; make sure that only one bot instance is running"
[2026-08-13T11:49:38.707Z] PID=7936 EVENT=TELEGRAM_POLLING_CONFLICT_EXTERNAL_PROCESS DETAILS="ETELEGRAM: 409 Conflict: terminated by other getUpdates request; make sure that only one bot instance is running"
[2026-08-13T11:49:51.073Z] PID=15960 EVENT=TELEGRAM_POLLING_CONFLICT_EXTERNAL_PROCESS DETAILS="ETELEGRAM: 409 Conflict: terminated by other getUpdates request; make sure that only one bot instance is running"
[2026-08-13T11:49:55.976Z] PID=7936 EVENT=TELEGRAM_POLLING_CONFLICT_EXTERNAL_PROCESS DETAILS="ETELEGRAM: 409 Conflict: terminated by other getUpdates request; make sure that only one bot instance is running"
[2026-08-13T11:50:03.538Z] PID=15960 EVENT=TELEGRAM_POLLING_CONFLICT_EXTERNAL_PROCESS DETAILS="ETELEGRAM: 409 Conflict: terminated by other getUpdates request; make sure that only one bot instance is running"
[2026-08-13T11:50:07.082Z] PID=7936 EVENT=TELEGRAM_POLLING_CONFLICT_EXTERNAL_PROCESS DETAILS="ETELEGRAM: 409 Conflict: terminated by other getUpdates request; make sure that only one bot instance is running"
[2026-08-13T11:50:20.946Z] PID=15960 EVENT=TELEGRAM_POLLING_CONFLICT_EXTERNAL_PROCESS DETAILS="ETELEGRAM: 409 Conflict: terminated by other getUpdates request; make sure that only one bot instance is running"
[2026-08-13T11:50:22.542Z] PID=7936 EVENT=TELEGRAM_POLLING_CONFLICT_EXTERNAL_PROCESS DETAILS="ETELEGRAM: 409 Conflict: terminated by other getUpdates request; make sure that only one bot instance is running"
[2026-08-13T11:50:30.871Z] PID=15960 EVENT=TELEGRAM_POLLING_CONFLICT_EXTERNAL_PROCESS DETAILS="ETELEGRAM: 409 Conflict: terminated by other getUpdates request; make sure that only one bot instance is running"
[2026-08-13T11:50:33.093Z] PID=7936 EVENT=TELEGRAM_POLLING_CONFLICT_EXTERNAL_PROCESS DETAILS="ETELEGRAM: 409 Conflict: terminated by other getUpdates request; make sure that only one bot instance is running"
[2026-08-13T11:50:41.884Z] PID=15960 EVENT=TELEGRAM_POLLING_CONFLICT_EXTERNAL_PROCESS DETAILS="ETELEGRAM: 409 Conflict: terminated by other getUpdates request; make sure that only one bot instance is running"
[2026-08-13T11:50:42.821Z] PID=7936 EVENT=TELEGRAM_POLLING_CONFLICT_EXTERNAL_PROCESS DETAILS="ETELEGRAM: 409 Conflict: terminated by other getUpdates request; make sure that only one bot instance is running"
[2026-08-13T11:50:53.443Z] PID=15960 EVENT=TELEGRAM_POLLING_CONFLICT_EXTERNAL_PROCESS DETAILS="ETELEGRAM: 409 Conflict: terminated by other getUpdates request; make sure that only one bot instance is running"
[2026-08-13T11:50:53.948Z] PID=7936 EVENT=TELEGRAM_POLLING_CONFLICT_EXTERNAL_PROCESS DETAILS="ETELEGRAM: 409 Conflict: terminated by other getUpdates request; make sure that only one bot instance is running"
[2026-08-13T11:51:06.447Z] PID=15960 EVENT=TELEGRAM_POLLING_CONFLICT_EXTERNAL_PROCESS DETAILS="ETELEGRAM: 409 Conflict: terminated by other getUpdates request; make sure that only one bot instance is running"
[2026-08-13T11:51:07.974Z] PID=7936 EVENT=TELEGRAM_POLLING_CONFLICT_EXTERNAL_PROCESS DETAILS="ETELEGRAM: 409 Conflict: terminated by other getUpdates request; make sure that only one bot instance is running"
[2026-08-13T11:51:17.486Z] PID=15960 EVENT=TELEGRAM_POLLING_CONFLICT_EXTERNAL_PROCESS DETAILS="ETELEGRAM: 409 Conflict: terminated by other getUpdates request; make sure that only one bot instance is running"
[2026-08-13T11:51:18.004Z] PID=7936 EVENT=TELEGRAM_POLLING_CONFLICT_EXTERNAL_PROCESS DETAILS="ETELEGRAM: 409 Conflict: terminated by other getUpdates request; make sure that only one bot instance is running"
[2026-08-13T11:51:29.368Z] PID=15960 EVENT=TELEGRAM_POLLING_CONFLICT_EXTERNAL_PROCESS DETAILS="ETELEGRAM: 409 Conflict: terminated by other getUpdates request; make sure that only one bot instance is running"
[2026-08-13T11:51:29.943Z] PID=7936 EVENT=TELEGRAM_POLLING_CONFLICT_EXTERNAL_PROCESS DETAILS="ETELEGRAM: 409 Conflict: terminated by other getUpdates request; make sure that only one bot instance is running"
[2026-08-13T11:52:41.209Z] PID=15960 EVENT=TELEGRAM_POLLING_CONFLICT_EXTERNAL_PROCESS DETAILS="ETELEGRAM: 409 Conflict: terminated by other getUpdates request; make sure that only one bot instance is running"
[2026-08-13T11:52:44.789Z] PID=7936 EVENT=TELEGRAM_POLLING_CONFLICT_EXTERNAL_PROCESS DETAILS="ETELEGRAM: 409 Conflict: terminated by other getUpdates request; make sure that only one bot instance is running"
[2026-08-13T11:52:49.986Z] PID=15960 EVENT=TELEGRAM_POLLING_CONFLICT_EXTERNAL_PROCESS DETAILS="ETELEGRAM: 409 Conflict: terminated by other getUpdates request; make sure that only one bot instance is running"
[2026-08-13T11:52:53.506Z] PID=7936 EVENT=TELEGRAM_POLLING_CONFLICT_EXTERNAL_PROCESS DETAILS="ETELEGRAM: 409 Conflict: terminated by other getUpdates request; make sure that only one bot instance is running"
[2026-08-13T11:52:59.081Z] PID=15960 EVENT=TELEGRAM_POLLING_CONFLICT_EXTERNAL_PROCESS DETAILS="ETELEGRAM: 409 Conflict: terminated by other getUpdates request; make sure that only one bot instance is running"
[2026-08-13T11:53:02.590Z] PID=7936 EVENT=TELEGRAM_POLLING_CONFLICT_EXTERNAL_PROCESS DETAILS="ETELEGRAM: 409 Conflict: terminated by other getUpdates request; make sure that only one bot instance is running"
[2026-08-13T11:53:07.984Z] PID=15960 EVENT=TELEGRAM_POLLING_CONFLICT_EXTERNAL_PROCESS DETAILS="ETELEGRAM: 409 Conflict: terminated by other getUpdates request; make sure that only one bot instance is running"
[2026-08-13T11:53:11.663Z] PID=7936 EVENT=TELEGRAM_POLLING_CONFLICT_EXTERNAL_PROCESS DETAILS="ETELEGRAM: 409 Conflict: terminated by other getUpdates request; make sure that only one bot instance is running"
[2026-08-13T11:53:16.805Z] PID=15960 EVENT=TELEGRAM_POLLING_CONFLICT_EXTERNAL_PROCESS DETAILS="ETELEGRAM: 409 Conflict: terminated by other getUpdates request; make sure that only one bot instance is running"
[2026-08-13T11:53:20.287Z] PID=7936 EVENT=TELEGRAM_POLLING_CONFLICT_EXTERNAL_PROCESS DETAILS="ETELEGRAM: 409 Conflict: terminated by other getUpdates request; make sure that only one bot instance is running"
[2026-08-13T11:53:25.461Z] PID=15960 EVENT=TELEGRAM_POLLING_CONFLICT_EXTERNAL_PROCESS DETAILS="ETELEGRAM: 409 Conflict: terminated by other getUpdates request; make sure that only one bot instance is running"
[2026-08-13T11:53:29.002Z] PID=7936 EVENT=TELEGRAM_POLLING_CONFLICT_EXTERNAL_PROCESS DETAILS="ETELEGRAM: 409 Conflict: terminated by other getUpdates request; make sure that only one bot instance is running"
[2026-08-13T11:53:34.864Z] PID=15960 EVENT=TELEGRAM_POLLING_CONFLICT_EXTERNAL_PROCESS DETAILS="ETELEGRAM: 409 Conflict: terminated by other getUpdates request; make sure that only one bot instance is running"
[2026-08-13T11:53:38.370Z] PID=7936 EVENT=TELEGRAM_POLLING_CONFLICT_EXTERNAL_PROCESS DETAILS="ETELEGRAM: 409 Conflict: terminated by other getUpdates request; make sure that only one bot instance is running"
[2026-08-13T11:53:43.430Z] PID=15960 EVENT=TELEGRAM_POLLING_CONFLICT_EXTERNAL_PROCESS DETAILS="ETELEGRAM: 409 Conflict: terminated by other getUpdates request; make sure that only one bot instance is running"
[2026-08-13T11:53:46.955Z] PID=7936 EVENT=TELEGRAM_POLLING_CONFLICT_EXTERNAL_PROCESS DETAILS="ETELEGRAM: 409 Conflict: terminated by other getUpdates request; make sure that only one bot instance is running"
[2026-08-13T11:53:52.158Z] PID=15960 EVENT=TELEGRAM_POLLING_CONFLICT_EXTERNAL_PROCESS DETAILS="ETELEGRAM: 409 Conflict: terminated by other getUpdates request; make sure that only one bot instance is running"
[2026-08-13T11:53:55.659Z] PID=7936 EVENT=TELEGRAM_POLLING_CONFLICT_EXTERNAL_PROCESS DETAILS="ETELEGRAM: 409 Conflict: terminated by other getUpdates request; make sure that only one bot instance is running"
[2026-08-13T11:54:00.844Z] PID=15960 EVENT=TELEGRAM_POLLING_CONFLICT_EXTERNAL_PROCESS DETAILS="ETELEGRAM: 409 Conflict: terminated by other getUpdates request; make sure that only one bot instance is running"
[2026-08-13T11:54:04.351Z] PID=7936 EVENT=TELEGRAM_POLLING_CONFLICT_EXTERNAL_PROCESS DETAILS="ETELEGRAM: 409 Conflict: terminated by other getUpdates request; make sure that only one bot instance is running"
[2026-08-13T11:54:09.800Z] PID=15960 EVENT=TELEGRAM_POLLING_CONFLICT_EXTERNAL_PROCESS DETAILS="ETELEGRAM: 409 Conflict: terminated by other getUpdates request; make sure that only one bot instance is running"
[2026-08-13T11:54:13.308Z] PID=7936 EVENT=TELEGRAM_POLLING_CONFLICT_EXTERNAL_PROCESS DETAILS="ETELEGRAM: 409 Conflict: terminated by other getUpdates request; make sure that only one bot instance is running"
[2026-08-13T11:54:18.517Z] PID=15960 EVENT=TELEGRAM_POLLING_CONFLICT_EXTERNAL_PROCESS DETAILS="ETELEGRAM: 409 Conflict: terminated by other getUpdates request; make sure that only one bot instance is running"
[2026-08-13T11:54:22.038Z] PID=7936 EVENT=TELEGRAM_POLLING_CONFLICT_EXTERNAL_PROCESS DETAILS="ETELEGRAM: 409 Conflict: terminated by other getUpdates request; make sure that only one bot instance is running"
[2026-08-13T11:54:27.302Z] PID=15960 EVENT=TELEGRAM_POLLING_CONFLICT_EXTERNAL_PROCESS DETAILS="ETELEGRAM: 409 Conflict: terminated by other getUpdates request; make sure that only one bot instance is running"
[2026-08-13T11:54:30.870Z] PID=7936 EVENT=TELEGRAM_POLLING_CONFLICT_EXTERNAL_PROCESS DETAILS="ETELEGRAM: 409 Conflict: terminated by other getUpdates request; make sure that only one bot instance is running"
[2026-08-13T11:54:36.443Z] PID=15960 EVENT=TELEGRAM_POLLING_CONFLICT_EXTERNAL_PROCESS DETAILS="ETELEGRAM: 409 Conflict: terminated by other getUpdates request; make sure that only one bot instance is running"
[2026-08-13T11:54:39.985Z] PID=7936 EVENT=TELEGRAM_POLLING_CONFLICT_EXTERNAL_PROCESS DETAILS="ETELEGRAM: 409 Conflict: terminated by other getUpdates request; make sure that only one bot instance is running"
[2026-08-13T11:54:45.738Z] PID=15960 EVENT=TELEGRAM_POLLING_CONFLICT_EXTERNAL_PROCESS DETAILS="ETELEGRAM: 409 Conflict: terminated by other getUpdates request; make sure that only one bot instance is running"
[2026-08-13T11:54:49.266Z] PID=7936 EVENT=TELEGRAM_POLLING_CONFLICT_EXTERNAL_PROCESS DETAILS="ETELEGRAM: 409 Conflict: terminated by other getUpdates request; make sure that only one bot instance is running"
[2026-08-13T11:54:54.703Z] PID=15960 EVENT=TELEGRAM_POLLING_CONFLICT_EXTERNAL_PROCESS DETAILS="ETELEGRAM: 409 Conflict: terminated by other getUpdates request; make sure that only one bot instance is running"
[2026-08-13T11:54:58.201Z] PID=7936 EVENT=TELEGRAM_POLLING_CONFLICT_EXTERNAL_PROCESS DETAILS="ETELEGRAM: 409 Conflict: terminated by other getUpdates request; make sure that only one bot instance is running"
[2026-08-13T11:55:03.683Z] PID=15960 EVENT=TELEGRAM_POLLING_CONFLICT_EXTERNAL_PROCESS DETAILS="ETELEGRAM: 409 Conflict: terminated by other getUpdates request; make sure that only one bot instance is running"
[2026-08-13T11:55:07.193Z] PID=7936 EVENT=TELEGRAM_POLLING_CONFLICT_EXTERNAL_PROCESS DETAILS="ETELEGRAM: 409 Conflict: terminated by other getUpdates request; make sure that only one bot instance is running"
[2026-08-13T11:55:12.226Z] PID=15960 EVENT=TELEGRAM_POLLING_CONFLICT_EXTERNAL_PROCESS DETAILS="ETELEGRAM: 409 Conflict: terminated by other getUpdates request; make sure that only one bot instance is running"
[2026-08-13T11:55:15.827Z] PID=7936 EVENT=TELEGRAM_POLLING_CONFLICT_EXTERNAL_PROCESS DETAILS="ETELEGRAM: 409 Conflict: terminated by other getUpdates request; make sure that only one bot instance is running"
[2026-08-13T11:55:21.297Z] PID=15960 EVENT=TELEGRAM_POLLING_CONFLICT_EXTERNAL_PROCESS DETAILS="ETELEGRAM: 409 Conflict: terminated by other getUpdates request; make sure that only one bot instance is running"
[2026-08-13T11:55:24.839Z] PID=7936 EVENT=TELEGRAM_POLLING_CONFLICT_EXTERNAL_PROCESS DETAILS="ETELEGRAM: 409 Conflict: terminated by other getUpdates request; make sure that only one bot instance is running"
[2026-08-13T11:55:30.103Z] PID=15960 EVENT=TELEGRAM_POLLING_CONFLICT_EXTERNAL_PROCESS DETAILS="ETELEGRAM: 409 Conflict: terminated by other getUpdates request; make sure that only one bot instance is running"
[2026-08-13T11:55:33.747Z] PID=7936 EVENT=TELEGRAM_POLLING_CONFLICT_EXTERNAL_PROCESS DETAILS="ETELEGRAM: 409 Conflict: terminated by other getUpdates request; make sure that only one bot instance is running"
[2026-08-13T11:55:39.109Z] PID=15960 EVENT=TELEGRAM_POLLING_CONFLICT_EXTERNAL_PROCESS DETAILS="ETELEGRAM: 409 Conflict: terminated by other getUpdates request; make sure that only one bot instance is running"
[2026-08-13T11:55:42.628Z] PID=7936 EVENT=TELEGRAM_POLLING_CONFLICT_EXTERNAL_PROCESS DETAILS="ETELEGRAM: 409 Conflict: terminated by other getUpdates request; make sure that only one bot instance is running"
[2026-08-13T11:55:48.364Z] PID=15960 EVENT=TELEGRAM_POLLING_CONFLICT_EXTERNAL_PROCESS DETAILS="ETELEGRAM: 409 Conflict: terminated by other getUpdates request; make sure that only one bot instance is running"
[2026-08-13T11:55:51.993Z] PID=7936 EVENT=TELEGRAM_POLLING_CONFLICT_EXTERNAL_PROCESS DETAILS="ETELEGRAM: 409 Conflict: terminated by other getUpdates request; make sure that only one bot instance is running"
[2026-08-13T11:55:57.399Z] PID=15960 EVENT=TELEGRAM_POLLING_CONFLICT_EXTERNAL_PROCESS DETAILS="ETELEGRAM: 409 Conflict: terminated by other getUpdates request; make sure that only one bot instance is running"
[2026-08-13T11:56:00.888Z] PID=7936 EVENT=TELEGRAM_POLLING_CONFLICT_EXTERNAL_PROCESS DETAILS="ETELEGRAM: 409 Conflict: terminated by other getUpdates request; make sure that only one bot instance is running"
[2026-08-13T11:56:06.265Z] PID=15960 EVENT=TELEGRAM_POLLING_CONFLICT_EXTERNAL_PROCESS DETAILS="ETELEGRAM: 409 Conflict: terminated by other getUpdates request; make sure that only one bot instance is running"
[2026-08-13T11:56:10.281Z] PID=7936 EVENT=TELEGRAM_POLLING_CONFLICT_EXTERNAL_PROCESS DETAILS="ETELEGRAM: 409 Conflict: terminated by other getUpdates request; make sure that only one bot instance is running"
[2026-08-13T11:56:15.433Z] PID=15960 EVENT=TELEGRAM_POLLING_CONFLICT_EXTERNAL_PROCESS DETAILS="ETELEGRAM: 409 Conflict: terminated by other getUpdates request; make sure that only one bot instance is running"
[2026-08-13T11:56:18.943Z] PID=7936 EVENT=TELEGRAM_POLLING_CONFLICT_EXTERNAL_PROCESS DETAILS="ETELEGRAM: 409 Conflict: terminated by other getUpdates request; make sure that only one bot instance is running"
[2026-08-13T11:56:24.648Z] PID=15960 EVENT=TELEGRAM_POLLING_CONFLICT_EXTERNAL_PROCESS DETAILS="ETELEGRAM: 409 Conflict: terminated by other getUpdates request; make sure that only one bot instance is running"
[2026-08-13T11:56:28.236Z] PID=7936 EVENT=TELEGRAM_POLLING_CONFLICT_EXTERNAL_PROCESS DETAILS="ETELEGRAM: 409 Conflict: terminated by other getUpdates request; make sure that only one bot instance is running"
[2026-08-13T11:56:33.213Z] PID=15960 EVENT=TELEGRAM_POLLING_CONFLICT_EXTERNAL_PROCESS DETAILS="ETELEGRAM: 409 Conflict: terminated by other getUpdates request; make sure that only one bot instance is running"
[2026-08-13T11:56:36.795Z] PID=7936 EVENT=TELEGRAM_POLLING_CONFLICT_EXTERNAL_PROCESS DETAILS="ETELEGRAM: 409 Conflict: terminated by other getUpdates request; make sure that only one bot instance is running"
[2026-08-13T11:56:41.952Z] PID=15960 EVENT=TELEGRAM_POLLING_CONFLICT_EXTERNAL_PROCESS DETAILS="ETELEGRAM: 409 Conflict: terminated by other getUpdates request; make sure that only one bot instance is running"
[2026-08-13T11:56:45.509Z] PID=7936 EVENT=TELEGRAM_POLLING_CONFLICT_EXTERNAL_PROCESS DETAILS="ETELEGRAM: 409 Conflict: terminated by other getUpdates request; make sure that only one bot instance is running"
[2026-08-13T11:56:50.800Z] PID=15960 EVENT=TELEGRAM_POLLING_CONFLICT_EXTERNAL_PROCESS DETAILS="ETELEGRAM: 409 Conflict: terminated by other getUpdates request; make sure that only one bot instance is running"
[2026-08-13T11:56:54.385Z] PID=7936 EVENT=TELEGRAM_POLLING_CONFLICT_EXTERNAL_PROCESS DETAILS="ETELEGRAM: 409 Conflict: terminated by other getUpdates request; make sure that only one bot instance is running"
[2026-08-13T11:56:59.593Z] PID=15960 EVENT=TELEGRAM_POLLING_CONFLICT_EXTERNAL_PROCESS DETAILS="ETELEGRAM: 409 Conflict: terminated by other getUpdates request; make sure that only one bot instance is running"
[2026-08-13T11:57:03.115Z] PID=7936 EVENT=TELEGRAM_POLLING_CONFLICT_EXTERNAL_PROCESS DETAILS="ETELEGRAM: 409 Conflict: terminated by other getUpdates request; make sure that only one bot instance is running"
[2026-08-13T11:57:08.441Z] PID=15960 EVENT=TELEGRAM_POLLING_CONFLICT_EXTERNAL_PROCESS DETAILS="ETELEGRAM: 409 Conflict: terminated by other getUpdates request; make sure that only one bot instance is running"
[2026-08-13T11:57:11.945Z] PID=7936 EVENT=TELEGRAM_POLLING_CONFLICT_EXTERNAL_PROCESS DETAILS="ETELEGRAM: 409 Conflict: terminated by other getUpdates request; make sure that only one bot instance is running"
[2026-08-13T11:57:17.065Z] PID=15960 EVENT=TELEGRAM_POLLING_CONFLICT_EXTERNAL_PROCESS DETAILS="ETELEGRAM: 409 Conflict: terminated by other getUpdates request; make sure that only one bot instance is running"
[2026-08-13T11:57:20.585Z] PID=7936 EVENT=TELEGRAM_POLLING_CONFLICT_EXTERNAL_PROCESS DETAILS="ETELEGRAM: 409 Conflict: terminated by other getUpdates request; make sure that only one bot instance is running"
[2026-08-13T11:57:25.765Z] PID=15960 EVENT=TELEGRAM_POLLING_CONFLICT_EXTERNAL_PROCESS DETAILS="ETELEGRAM: 409 Conflict: terminated by other getUpdates request; make sure that only one bot instance is running"
[2026-08-13T11:57:29.272Z] PID=7936 EVENT=TELEGRAM_POLLING_CONFLICT_EXTERNAL_PROCESS DETAILS="ETELEGRAM: 409 Conflict: terminated by other getUpdates request; make sure that only one bot instance is running"
[2026-08-13T11:57:34.498Z] PID=15960 EVENT=TELEGRAM_POLLING_CONFLICT_EXTERNAL_PROCESS DETAILS="ETELEGRAM: 409 Conflict: terminated by other getUpdates request; make sure that only one bot instance is running"
[2026-08-13T11:57:38.075Z] PID=7936 EVENT=TELEGRAM_POLLING_CONFLICT_EXTERNAL_PROCESS DETAILS="ETELEGRAM: 409 Conflict: terminated by other getUpdates request; make sure that only one bot instance is running"
[2026-08-13T11:57:43.266Z] PID=15960 EVENT=TELEGRAM_POLLING_CONFLICT_EXTERNAL_PROCESS DETAILS="ETELEGRAM: 409 Conflict: terminated by other getUpdates request; make sure that only one bot instance is running"
[2026-08-13T11:57:46.750Z] PID=7936 EVENT=TELEGRAM_POLLING_CONFLICT_EXTERNAL_PROCESS DETAILS="ETELEGRAM: 409 Conflict: terminated by other getUpdates request; make sure that only one bot instance is running"
[2026-08-13T11:57:52.050Z] PID=15960 EVENT=TELEGRAM_POLLING_CONFLICT_EXTERNAL_PROCESS DETAILS="ETELEGRAM: 409 Conflict: terminated by other getUpdates request; make sure that only one bot instance is running"
[2026-08-13T11:57:55.545Z] PID=7936 EVENT=TELEGRAM_POLLING_CONFLICT_EXTERNAL_PROCESS DETAILS="ETELEGRAM: 409 Conflict: terminated by other getUpdates request; make sure that only one bot instance is running"
[2026-08-13T11:58:00.790Z] PID=15960 EVENT=TELEGRAM_POLLING_CONFLICT_EXTERNAL_PROCESS DETAILS="ETELEGRAM: 409 Conflict: terminated by other getUpdates request; make sure that only one bot instance is running"
[2026-08-13T11:58:04.281Z] PID=7936 EVENT=TELEGRAM_POLLING_CONFLICT_EXTERNAL_PROCESS DETAILS="ETELEGRAM: 409 Conflict: terminated by other getUpdates request; make sure that only one bot instance is running"
[2026-08-13T11:58:09.512Z] PID=15960 EVENT=TELEGRAM_POLLING_CONFLICT_EXTERNAL_PROCESS DETAILS="ETELEGRAM: 409 Conflict: terminated by other getUpdates request; make sure that only one bot instance is running"
[2026-08-13T11:58:13.121Z] PID=7936 EVENT=TELEGRAM_POLLING_CONFLICT_EXTERNAL_PROCESS DETAILS="ETELEGRAM: 409 Conflict: terminated by other getUpdates request; make sure that only one bot instance is running"
[2026-08-13T11:58:18.721Z] PID=15960 EVENT=TELEGRAM_POLLING_CONFLICT_EXTERNAL_PROCESS DETAILS="ETELEGRAM: 409 Conflict: terminated by other getUpdates request; make sure that only one bot instance is running"
[2026-08-13T11:58:22.236Z] PID=7936 EVENT=TELEGRAM_POLLING_CONFLICT_EXTERNAL_PROCESS DETAILS="ETELEGRAM: 409 Conflict: terminated by other getUpdates request; make sure that only one bot instance is running"
[2026-08-13T11:58:27.646Z] PID=15960 EVENT=TELEGRAM_POLLING_CONFLICT_EXTERNAL_PROCESS DETAILS="ETELEGRAM: 409 Conflict: terminated by other getUpdates request; make sure that only one bot instance is running"
[2026-08-13T11:58:31.126Z] PID=7936 EVENT=TELEGRAM_POLLING_CONFLICT_EXTERNAL_PROCESS DETAILS="ETELEGRAM: 409 Conflict: terminated by other getUpdates request; make sure that only one bot instance is running"
[2026-08-13T11:58:36.856Z] PID=15960 EVENT=TELEGRAM_POLLING_CONFLICT_EXTERNAL_PROCESS DETAILS="ETELEGRAM: 409 Conflict: terminated by other getUpdates request; make sure that only one bot instance is running"
[2026-08-13T11:58:40.477Z] PID=7936 EVENT=TELEGRAM_POLLING_CONFLICT_EXTERNAL_PROCESS DETAILS="ETELEGRAM: 409 Conflict: terminated by other getUpdates request; make sure that only one bot instance is running"
[2026-08-13T11:58:45.724Z] PID=15960 EVENT=TELEGRAM_POLLING_CONFLICT_EXTERNAL_PROCESS DETAILS="ETELEGRAM: 409 Conflict: terminated by other getUpdates request; make sure that only one bot instance is running"
[2026-08-13T11:58:49.237Z] PID=7936 EVENT=TELEGRAM_POLLING_CONFLICT_EXTERNAL_PROCESS DETAILS="ETELEGRAM: 409 Conflict: terminated by other getUpdates request; make sure that only one bot instance is running"
[2026-08-13T11:58:55.382Z] PID=15960 EVENT=TELEGRAM_POLLING_CONFLICT_EXTERNAL_PROCESS DETAILS="ETELEGRAM: 409 Conflict: terminated by other getUpdates request; make sure that only one bot instance is running"
[2026-08-13T11:58:59.078Z] PID=7936 EVENT=TELEGRAM_POLLING_CONFLICT_EXTERNAL_PROCESS DETAILS="ETELEGRAM: 409 Conflict: terminated by other getUpdates request; make sure that only one bot instance is running"
[2026-08-13T11:59:04.317Z] PID=15960 EVENT=TELEGRAM_POLLING_CONFLICT_EXTERNAL_PROCESS DETAILS="ETELEGRAM: 409 Conflict: terminated by other getUpdates request; make sure that only one bot instance is running"
[2026-08-13T11:59:07.831Z] PID=7936 EVENT=TELEGRAM_POLLING_CONFLICT_EXTERNAL_PROCESS DETAILS="ETELEGRAM: 409 Conflict: terminated by other getUpdates request; make sure that only one bot instance is running"
[2026-08-13T11:59:13.430Z] PID=15960 EVENT=TELEGRAM_POLLING_CONFLICT_EXTERNAL_PROCESS DETAILS="ETELEGRAM: 409 Conflict: terminated by other getUpdates request; make sure that only one bot instance is running"
[2026-08-13T11:59:16.952Z] PID=7936 EVENT=TELEGRAM_POLLING_CONFLICT_EXTERNAL_PROCESS DETAILS="ETELEGRAM: 409 Conflict: terminated by other getUpdates request; make sure that only one bot instance is running"
[2026-08-13T11:59:22.234Z] PID=15960 EVENT=TELEGRAM_POLLING_CONFLICT_EXTERNAL_PROCESS DETAILS="ETELEGRAM: 409 Conflict: terminated by other getUpdates request; make sure that only one bot instance is running"
[2026-08-13T11:59:25.748Z] PID=7936 EVENT=TELEGRAM_POLLING_CONFLICT_EXTERNAL_PROCESS DETAILS="ETELEGRAM: 409 Conflict: terminated by other getUpdates request; make sure that only one bot instance is running"
[2026-08-13T11:59:31.867Z] PID=15960 EVENT=TELEGRAM_POLLING_CONFLICT_EXTERNAL_PROCESS DETAILS="ETELEGRAM: 409 Conflict: terminated by other getUpdates request; make sure that only one bot instance is running"
[2026-08-13T11:59:35.598Z] PID=7936 EVENT=TELEGRAM_POLLING_CONFLICT_EXTERNAL_PROCESS DETAILS="ETELEGRAM: 409 Conflict: terminated by other getUpdates request; make sure that only one bot instance is running"
[2026-08-13T11:59:41.205Z] PID=15960 EVENT=TELEGRAM_POLLING_CONFLICT_EXTERNAL_PROCESS DETAILS="ETELEGRAM: 409 Conflict: terminated by other getUpdates request; make sure that only one bot instance is running"
[2026-08-13T11:59:44.793Z] PID=7936 EVENT=TELEGRAM_POLLING_CONFLICT_EXTERNAL_PROCESS DETAILS="ETELEGRAM: 409 Conflict: terminated by other getUpdates request; make sure that only one bot instance is running"
[2026-08-13T11:59:50.534Z] PID=15960 EVENT=TELEGRAM_POLLING_CONFLICT_EXTERNAL_PROCESS DETAILS="ETELEGRAM: 409 Conflict: terminated by other getUpdates request; make sure that only one bot instance is running"
[2026-08-13T11:59:54.022Z] PID=7936 EVENT=TELEGRAM_POLLING_CONFLICT_EXTERNAL_PROCESS DETAILS="ETELEGRAM: 409 Conflict: terminated by other getUpdates request; make sure that only one bot instance is running"
[2026-08-13T11:59:59.489Z] PID=15960 EVENT=TELEGRAM_POLLING_CONFLICT_EXTERNAL_PROCESS DETAILS="ETELEGRAM: 409 Conflict: terminated by other getUpdates request; make sure that only one bot instance is running"
[2026-08-13T12:00:03.031Z] PID=7936 EVENT=TELEGRAM_POLLING_CONFLICT_EXTERNAL_PROCESS DETAILS="ETELEGRAM: 409 Conflict: terminated by other getUpdates request; make sure that only one bot instance is running"
[2026-08-13T12:00:08.984Z] PID=15960 EVENT=TELEGRAM_POLLING_CONFLICT_EXTERNAL_PROCESS DETAILS="ETELEGRAM: 409 Conflict: terminated by other getUpdates request; make sure that only one bot instance is running"
[2026-08-13T12:00:12.492Z] PID=7936 EVENT=TELEGRAM_POLLING_CONFLICT_EXTERNAL_PROCESS DETAILS="ETELEGRAM: 409 Conflict: terminated by other getUpdates request; make sure that only one bot instance is running"
[2026-08-13T12:00:17.503Z] PID=15960 EVENT=TELEGRAM_POLLING_CONFLICT_EXTERNAL_PROCESS DETAILS="ETELEGRAM: 409 Conflict: terminated by other getUpdates request; make sure that only one bot instance is running"
[2026-08-13T12:00:21.113Z] PID=7936 EVENT=TELEGRAM_POLLING_CONFLICT_EXTERNAL_PROCESS DETAILS="ETELEGRAM: 409 Conflict: terminated by other getUpdates request; make sure that only one bot instance is running"
[2026-08-13T12:00:26.904Z] PID=15960 EVENT=TELEGRAM_POLLING_CONFLICT_EXTERNAL_PROCESS DETAILS="ETELEGRAM: 409 Conflict: terminated by other getUpdates request; make sure that only one bot instance is running"
[2026-08-13T12:00:30.558Z] PID=7936 EVENT=TELEGRAM_POLLING_CONFLICT_EXTERNAL_PROCESS DETAILS="ETELEGRAM: 409 Conflict: terminated by other getUpdates request; make sure that only one bot instance is running"
[2026-08-13T12:00:36.711Z] PID=15960 EVENT=TELEGRAM_POLLING_CONFLICT_EXTERNAL_PROCESS DETAILS="ETELEGRAM: 409 Conflict: terminated by other getUpdates request; make sure that only one bot instance is running"
[2026-08-13T12:00:40.320Z] PID=7936 EVENT=TELEGRAM_POLLING_CONFLICT_EXTERNAL_PROCESS DETAILS="ETELEGRAM: 409 Conflict: terminated by other getUpdates request; make sure that only one bot instance is running"
[2026-08-13T12:00:46.206Z] PID=15960 EVENT=TELEGRAM_POLLING_CONFLICT_EXTERNAL_PROCESS DETAILS="ETELEGRAM: 409 Conflict: terminated by other getUpdates request; make sure that only one bot instance is running"
[2026-08-13T12:00:49.754Z] PID=7936 EVENT=TELEGRAM_POLLING_CONFLICT_EXTERNAL_PROCESS DETAILS="ETELEGRAM: 409 Conflict: terminated by other getUpdates request; make sure that only one bot instance is running"
[2026-08-13T12:00:55.284Z] PID=15960 EVENT=TELEGRAM_POLLING_CONFLICT_EXTERNAL_PROCESS DETAILS="ETELEGRAM: 409 Conflict: terminated by other getUpdates request; make sure that only one bot instance is running"
[2026-08-13T12:00:59.032Z] PID=7936 EVENT=TELEGRAM_POLLING_CONFLICT_EXTERNAL_PROCESS DETAILS="ETELEGRAM: 409 Conflict: terminated by other getUpdates request; make sure that only one bot instance is running"
[2026-08-13T12:01:04.475Z] PID=15960 EVENT=TELEGRAM_POLLING_CONFLICT_EXTERNAL_PROCESS DETAILS="ETELEGRAM: 409 Conflict: terminated by other getUpdates request; make sure that only one bot instance is running"
[2026-08-13T12:01:07.963Z] PID=7936 EVENT=TELEGRAM_POLLING_CONFLICT_EXTERNAL_PROCESS DETAILS="ETELEGRAM: 409 Conflict: terminated by other getUpdates request; make sure that only one bot instance is running"
[2026-08-13T12:01:13.218Z] PID=15960 EVENT=TELEGRAM_POLLING_CONFLICT_EXTERNAL_PROCESS DETAILS="ETELEGRAM: 409 Conflict: terminated by other getUpdates request; make sure that only one bot instance is running"
[2026-08-13T12:01:16.745Z] PID=7936 EVENT=TELEGRAM_POLLING_CONFLICT_EXTERNAL_PROCESS DETAILS="ETELEGRAM: 409 Conflict: terminated by other getUpdates request; make sure that only one bot instance is running"
[2026-08-13T12:01:22.026Z] PID=15960 EVENT=TELEGRAM_POLLING_CONFLICT_EXTERNAL_PROCESS DETAILS="ETELEGRAM: 409 Conflict: terminated by other getUpdates request; make sure that only one bot instance is running"
[2026-08-13T12:01:25.512Z] PID=7936 EVENT=TELEGRAM_POLLING_CONFLICT_EXTERNAL_PROCESS DETAILS="ETELEGRAM: 409 Conflict: terminated by other getUpdates request; make sure that only one bot instance is running"
[2026-08-13T12:01:30.790Z] PID=15960 EVENT=TELEGRAM_POLLING_CONFLICT_EXTERNAL_PROCESS DETAILS="ETELEGRAM: 409 Conflict: terminated by other getUpdates request; make sure that only one bot instance is running"
[2026-08-13T12:01:34.313Z] PID=7936 EVENT=TELEGRAM_POLLING_CONFLICT_EXTERNAL_PROCESS DETAILS="ETELEGRAM: 409 Conflict: terminated by other getUpdates request; make sure that only one bot instance is running"
[2026-08-13T12:01:39.595Z] PID=15960 EVENT=TELEGRAM_POLLING_CONFLICT_EXTERNAL_PROCESS DETAILS="ETELEGRAM: 409 Conflict: terminated by other getUpdates request; make sure that only one bot instance is running"
[2026-08-13T12:01:43.119Z] PID=7936 EVENT=TELEGRAM_POLLING_CONFLICT_EXTERNAL_PROCESS DETAILS="ETELEGRAM: 409 Conflict: terminated by other getUpdates request; make sure that only one bot instance is running"
[2026-08-13T12:01:48.830Z] PID=15960 EVENT=TELEGRAM_POLLING_CONFLICT_EXTERNAL_PROCESS DETAILS="ETELEGRAM: 409 Conflict: terminated by other getUpdates request; make sure that only one bot instance is running"
[2026-08-13T12:01:52.349Z] PID=7936 EVENT=TELEGRAM_POLLING_CONFLICT_EXTERNAL_PROCESS DETAILS="ETELEGRAM: 409 Conflict: terminated by other getUpdates request; make sure that only one bot instance is running"
[2026-08-13T12:01:58.235Z] PID=15960 EVENT=TELEGRAM_POLLING_CONFLICT_EXTERNAL_PROCESS DETAILS="ETELEGRAM: 409 Conflict: terminated by other getUpdates request; make sure that only one bot instance is running"
[2026-08-13T12:02:01.761Z] PID=7936 EVENT=TELEGRAM_POLLING_CONFLICT_EXTERNAL_PROCESS DETAILS="ETELEGRAM: 409 Conflict: terminated by other getUpdates request; make sure that only one bot instance is running"
[2026-08-13T12:02:07.406Z] PID=15960 EVENT=TELEGRAM_POLLING_CONFLICT_EXTERNAL_PROCESS DETAILS="ETELEGRAM: 409 Conflict: terminated by other getUpdates request; make sure that only one bot instance is running"
[2026-08-13T12:02:10.905Z] PID=7936 EVENT=TELEGRAM_POLLING_CONFLICT_EXTERNAL_PROCESS DETAILS="ETELEGRAM: 409 Conflict: terminated by other getUpdates request; make sure that only one bot instance is running"
[2026-08-13T12:02:16.822Z] PID=15960 EVENT=TELEGRAM_POLLING_CONFLICT_EXTERNAL_PROCESS DETAILS="ETELEGRAM: 409 Conflict: terminated by other getUpdates request; make sure that only one bot instance is running"
[2026-08-13T12:02:20.307Z] PID=7936 EVENT=TELEGRAM_POLLING_CONFLICT_EXTERNAL_PROCESS DETAILS="ETELEGRAM: 409 Conflict: terminated by other getUpdates request; make sure that only one bot instance is running"
[2026-08-13T12:02:25.885Z] PID=15960 EVENT=TELEGRAM_POLLING_CONFLICT_EXTERNAL_PROCESS DETAILS="ETELEGRAM: 409 Conflict: terminated by other getUpdates request; make sure that only one bot instance is running"
[2026-08-13T12:02:29.385Z] PID=7936 EVENT=TELEGRAM_POLLING_CONFLICT_EXTERNAL_PROCESS DETAILS="ETELEGRAM: 409 Conflict: terminated by other getUpdates request; make sure that only one bot instance is running"
[2026-08-13T12:02:35.355Z] PID=15960 EVENT=TELEGRAM_POLLING_CONFLICT_EXTERNAL_PROCESS DETAILS="ETELEGRAM: 409 Conflict: terminated by other getUpdates request; make sure that only one bot instance is running"
[2026-08-13T12:02:38.871Z] PID=7936 EVENT=TELEGRAM_POLLING_CONFLICT_EXTERNAL_PROCESS DETAILS="ETELEGRAM: 409 Conflict: terminated by other getUpdates request; make sure that only one bot instance is running"
[2026-08-13T12:02:44.945Z] PID=15960 EVENT=TELEGRAM_POLLING_CONFLICT_EXTERNAL_PROCESS DETAILS="ETELEGRAM: 409 Conflict: terminated by other getUpdates request; make sure that only one bot instance is running"
[2026-08-13T12:02:48.442Z] PID=7936 EVENT=TELEGRAM_POLLING_CONFLICT_EXTERNAL_PROCESS DETAILS="ETELEGRAM: 409 Conflict: terminated by other getUpdates request; make sure that only one bot instance is running"
[2026-08-13T12:02:54.071Z] PID=15960 EVENT=TELEGRAM_POLLING_CONFLICT_EXTERNAL_PROCESS DETAILS="ETELEGRAM: 409 Conflict: terminated by other getUpdates request; make sure that only one bot instance is running"
[2026-08-13T12:02:57.547Z] PID=7936 EVENT=TELEGRAM_POLLING_CONFLICT_EXTERNAL_PROCESS DETAILS="ETELEGRAM: 409 Conflict: terminated by other getUpdates request; make sure that only one bot instance is running"
[2026-08-13T12:05:40.784Z] PID=23800 EVENT=BOT_INIT DETAILS="Polling=true"
[2026-08-13T12:05:40.788Z] PID=23800 EVENT=POLLING_STARTED DETAILS="PID 23800"
[2026-08-13T12:11:17.880Z] PID=9960 EVENT=BOT_INIT DETAILS="Polling=false"
[2026-08-13T12:13:36.538Z] PID=10836 EVENT=BOT_INIT DETAILS="Polling=true"
[2026-08-13T12:13:36.543Z] PID=10836 EVENT=POLLING_STARTED DETAILS="PID 10836"
[2026-08-13T12:16:43.133Z] PID=15368 EVENT=BOT_INIT DETAILS="Polling=false"
[2026-08-13T12:20:12.779Z] PID=18644 EVENT=BOT_INIT DETAILS="Polling=true"
[2026-08-13T12:20:12.783Z] PID=18644 EVENT=POLLING_STARTED DETAILS="PID 18644"
[2026-08-13T12:21:12.821Z] PID=8736 EVENT=BOT_INIT DETAILS="Polling=true"
[2026-08-13T12:21:12.827Z] PID=8736 EVENT=POLLING_STARTED DETAILS="PID 8736"
[2026-08-13T12:55:04.427Z] PID=6940 EVENT=BOT_INIT DETAILS="Polling=false"
[2026-08-13T12:55:06.148Z] PID=6940 EVENT=POLLING_STARTED DETAILS="PID 6940"
[2026-08-13T13:18:09.348Z] PID=8552 EVENT=BOT_INIT DETAILS="Polling=false"
[2026-08-13T13:18:10.532Z] PID=8552 EVENT=POLLING_STARTED DETAILS="PID 8552"
[2026-08-13T13:41:29.718Z] PID=13204 EVENT=BOT_INIT DETAILS="Polling=false"
[2026-08-13T13:41:30.765Z] PID=13204 EVENT=POLLING_STARTED DETAILS="PID 13204"
[2026-08-13T13:41:36.985Z] PID=8552 EVENT=TELEGRAM_POLLING_CONFLICT_EXTERNAL_PROCESS DETAILS="ETELEGRAM: 409 Conflict: terminated by other getUpdates request; make sure that only one bot instance is running"
[2026-08-13T13:41:40.818Z] PID=13204 EVENT=TELEGRAM_POLLING_CONFLICT_EXTERNAL_PROCESS DETAILS="ETELEGRAM: 409 Conflict: terminated by other getUpdates request; make sure that only one bot instance is running"
[2026-08-13T13:41:46.224Z] PID=8552 EVENT=TELEGRAM_POLLING_CONFLICT_EXTERNAL_PROCESS DETAILS="ETELEGRAM: 409 Conflict: terminated by other getUpdates request; make sure that only one bot instance is running"
[2026-08-13T13:41:49.843Z] PID=13204 EVENT=TELEGRAM_POLLING_CONFLICT_EXTERNAL_PROCESS DETAILS="ETELEGRAM: 409 Conflict: terminated by other getUpdates request; make sure that only one bot instance is running"
[2026-08-13T13:41:55.629Z] PID=8552 EVENT=TELEGRAM_POLLING_CONFLICT_EXTERNAL_PROCESS DETAILS="ETELEGRAM: 409 Conflict: terminated by other getUpdates request; make sure that only one bot instance is running"
[2026-08-13T13:41:59.207Z] PID=13204 EVENT=TELEGRAM_POLLING_CONFLICT_EXTERNAL_PROCESS DETAILS="ETELEGRAM: 409 Conflict: terminated by other getUpdates request; make sure that only one bot instance is running"
[2026-08-13T13:42:05.116Z] PID=8552 EVENT=TELEGRAM_POLLING_CONFLICT_EXTERNAL_PROCESS DETAILS="ETELEGRAM: 409 Conflict: terminated by other getUpdates request; make sure that only one bot instance is running"
[2026-08-13T13:42:10.223Z] PID=13204 EVENT=TELEGRAM_POLLING_CONFLICT_EXTERNAL_PROCESS DETAILS="ETELEGRAM: 409 Conflict: terminated by other getUpdates request; make sure that only one bot instance is running"
[2026-08-13T13:42:18.261Z] PID=8552 EVENT=TELEGRAM_POLLING_CONFLICT_EXTERNAL_PROCESS DETAILS="ETELEGRAM: 409 Conflict: terminated by other getUpdates request; make sure that only one bot instance is running"
[2026-08-13T13:42:23.017Z] PID=13204 EVENT=TELEGRAM_POLLING_CONFLICT_EXTERNAL_PROCESS DETAILS="ETELEGRAM: 409 Conflict: terminated by other getUpdates request; make sure that only one bot instance is running"
[2026-08-13T13:42:28.929Z] PID=8552 EVENT=TELEGRAM_POLLING_CONFLICT_EXTERNAL_PROCESS DETAILS="ETELEGRAM: 409 Conflict: terminated by other getUpdates request; make sure that only one bot instance is running"
[2026-08-13T13:42:32.469Z] PID=13204 EVENT=TELEGRAM_POLLING_CONFLICT_EXTERNAL_PROCESS DETAILS="ETELEGRAM: 409 Conflict: terminated by other getUpdates request; make sure that only one bot instance is running"
[2026-08-13T13:42:37.859Z] PID=8552 EVENT=TELEGRAM_POLLING_CONFLICT_EXTERNAL_PROCESS DETAILS="ETELEGRAM: 409 Conflict: terminated by other getUpdates request; make sure that only one bot instance is running"
[2026-08-13T13:42:41.381Z] PID=13204 EVENT=TELEGRAM_POLLING_CONFLICT_EXTERNAL_PROCESS DETAILS="ETELEGRAM: 409 Conflict: terminated by other getUpdates request; make sure that only one bot instance is running"
[2026-08-13T13:42:46.629Z] PID=8552 EVENT=TELEGRAM_POLLING_CONFLICT_EXTERNAL_PROCESS DETAILS="ETELEGRAM: 409 Conflict: terminated by other getUpdates request; make sure that only one bot instance is running"
[2026-08-13T13:42:50.168Z] PID=13204 EVENT=TELEGRAM_POLLING_CONFLICT_EXTERNAL_PROCESS DETAILS="ETELEGRAM: 409 Conflict: terminated by other getUpdates request; make sure that only one bot instance is running"
[2026-08-13T13:42:55.787Z] PID=8552 EVENT=TELEGRAM_POLLING_CONFLICT_EXTERNAL_PROCESS DETAILS="ETELEGRAM: 409 Conflict: terminated by other getUpdates request; make sure that only one bot instance is running"
[2026-08-13T13:42:59.320Z] PID=13204 EVENT=TELEGRAM_POLLING_CONFLICT_EXTERNAL_PROCESS DETAILS="ETELEGRAM: 409 Conflict: terminated by other getUpdates request; make sure that only one bot instance is running"
[2026-08-13T13:43:04.810Z] PID=8552 EVENT=TELEGRAM_POLLING_CONFLICT_EXTERNAL_PROCESS DETAILS="ETELEGRAM: 409 Conflict: terminated by other getUpdates request; make sure that only one bot instance is running"
[2026-08-13T13:43:08.372Z] PID=13204 EVENT=TELEGRAM_POLLING_CONFLICT_EXTERNAL_PROCESS DETAILS="ETELEGRAM: 409 Conflict: terminated by other getUpdates request; make sure that only one bot instance is running"
[2026-08-13T13:43:14.001Z] PID=8552 EVENT=TELEGRAM_POLLING_CONFLICT_EXTERNAL_PROCESS DETAILS="ETELEGRAM: 409 Conflict: terminated by other getUpdates request; make sure that only one bot instance is running"
[2026-08-13T13:43:17.545Z] PID=13204 EVENT=TELEGRAM_POLLING_CONFLICT_EXTERNAL_PROCESS DETAILS="ETELEGRAM: 409 Conflict: terminated by other getUpdates request; make sure that only one bot instance is running"
[2026-08-13T13:43:22.927Z] PID=8552 EVENT=TELEGRAM_POLLING_CONFLICT_EXTERNAL_PROCESS DETAILS="ETELEGRAM: 409 Conflict: terminated by other getUpdates request; make sure that only one bot instance is running"
[2026-08-13T13:43:26.465Z] PID=13204 EVENT=TELEGRAM_POLLING_CONFLICT_EXTERNAL_PROCESS DETAILS="ETELEGRAM: 409 Conflict: terminated by other getUpdates request; make sure that only one bot instance is running"
[2026-08-13T13:43:31.774Z] PID=8552 EVENT=TELEGRAM_POLLING_CONFLICT_EXTERNAL_PROCESS DETAILS="ETELEGRAM: 409 Conflict: terminated by other getUpdates request; make sure that only one bot instance is running"
[2026-08-13T13:43:35.337Z] PID=13204 EVENT=TELEGRAM_POLLING_CONFLICT_EXTERNAL_PROCESS DETAILS="ETELEGRAM: 409 Conflict: terminated by other getUpdates request; make sure that only one bot instance is running"
[2026-08-13T13:43:40.846Z] PID=8552 EVENT=TELEGRAM_POLLING_CONFLICT_EXTERNAL_PROCESS DETAILS="ETELEGRAM: 409 Conflict: terminated by other getUpdates request; make sure that only one bot instance is running"
[2026-08-13T13:43:44.403Z] PID=13204 EVENT=TELEGRAM_POLLING_CONFLICT_EXTERNAL_PROCESS DETAILS="ETELEGRAM: 409 Conflict: terminated by other getUpdates request; make sure that only one bot instance is running"
[2026-08-13T13:43:50.087Z] PID=8552 EVENT=TELEGRAM_POLLING_CONFLICT_EXTERNAL_PROCESS DETAILS="ETELEGRAM: 409 Conflict: terminated by other getUpdates request; make sure that only one bot instance is running"
[2026-08-13T13:43:53.673Z] PID=13204 EVENT=TELEGRAM_POLLING_CONFLICT_EXTERNAL_PROCESS DETAILS="ETELEGRAM: 409 Conflict: terminated by other getUpdates request; make sure that only one bot instance is running"
[2026-08-13T13:44:00.198Z] PID=8552 EVENT=TELEGRAM_POLLING_CONFLICT_EXTERNAL_PROCESS DETAILS="ETELEGRAM: 409 Conflict: terminated by other getUpdates request; make sure that only one bot instance is running"
[2026-08-13T13:44:03.751Z] PID=13204 EVENT=TELEGRAM_POLLING_CONFLICT_EXTERNAL_PROCESS DETAILS="ETELEGRAM: 409 Conflict: terminated by other getUpdates request; make sure that only one bot instance is running"
[2026-08-13T13:44:09.351Z] PID=8552 EVENT=TELEGRAM_POLLING_CONFLICT_EXTERNAL_PROCESS DETAILS="ETELEGRAM: 409 Conflict: terminated by other getUpdates request; make sure that only one bot instance is running"
[2026-08-13T13:44:12.922Z] PID=13204 EVENT=TELEGRAM_POLLING_CONFLICT_EXTERNAL_PROCESS DETAILS="ETELEGRAM: 409 Conflict: terminated by other getUpdates request; make sure that only one bot instance is running"
[2026-08-13T13:44:18.455Z] PID=8552 EVENT=TELEGRAM_POLLING_CONFLICT_EXTERNAL_PROCESS DETAILS="ETELEGRAM: 409 Conflict: terminated by other getUpdates request; make sure that only one bot instance is running"
[2026-08-13T13:44:21.989Z] PID=13204 EVENT=TELEGRAM_POLLING_CONFLICT_EXTERNAL_PROCESS DETAILS="ETELEGRAM: 409 Conflict: terminated by other getUpdates request; make sure that only one bot instance is running"
[2026-08-13T13:44:27.765Z] PID=8552 EVENT=TELEGRAM_POLLING_CONFLICT_EXTERNAL_PROCESS DETAILS="ETELEGRAM: 409 Conflict: terminated by other getUpdates request; make sure that only one bot instance is running"
[2026-08-13T13:44:31.295Z] PID=13204 EVENT=TELEGRAM_POLLING_CONFLICT_EXTERNAL_PROCESS DETAILS="ETELEGRAM: 409 Conflict: terminated by other getUpdates request; make sure that only one bot instance is running"
[2026-08-13T13:44:37.111Z] PID=8552 EVENT=TELEGRAM_POLLING_CONFLICT_EXTERNAL_PROCESS DETAILS="ETELEGRAM: 409 Conflict: terminated by other getUpdates request; make sure that only one bot instance is running"
[2026-08-13T13:44:40.640Z] PID=13204 EVENT=TELEGRAM_POLLING_CONFLICT_EXTERNAL_PROCESS DETAILS="ETELEGRAM: 409 Conflict: terminated by other getUpdates request; make sure that only one bot instance is running"
[2026-08-13T13:44:46.523Z] PID=8552 EVENT=TELEGRAM_POLLING_CONFLICT_EXTERNAL_PROCESS DETAILS="ETELEGRAM: 409 Conflict: terminated by other getUpdates request; make sure that only one bot instance is running"
[2026-08-13T13:44:50.053Z] PID=13204 EVENT=TELEGRAM_POLLING_CONFLICT_EXTERNAL_PROCESS DETAILS="ETELEGRAM: 409 Conflict: terminated by other getUpdates request; make sure that only one bot instance is running"
[2026-08-13T13:44:55.444Z] PID=8552 EVENT=TELEGRAM_POLLING_CONFLICT_EXTERNAL_PROCESS DETAILS="ETELEGRAM: 409 Conflict: terminated by other getUpdates request; make sure that only one bot instance is running"
[2026-08-13T13:44:58.969Z] PID=13204 EVENT=TELEGRAM_POLLING_CONFLICT_EXTERNAL_PROCESS DETAILS="ETELEGRAM: 409 Conflict: terminated by other getUpdates request; make sure that only one bot instance is running"
[2026-08-13T13:45:04.967Z] PID=8552 EVENT=TELEGRAM_POLLING_CONFLICT_EXTERNAL_PROCESS DETAILS="ETELEGRAM: 409 Conflict: terminated by other getUpdates request; make sure that only one bot instance is running"
[2026-08-13T13:45:08.820Z] PID=13204 EVENT=TELEGRAM_POLLING_CONFLICT_EXTERNAL_PROCESS DETAILS="ETELEGRAM: 409 Conflict: terminated by other getUpdates request; make sure that only one bot instance is running"
[2026-08-13T13:45:14.260Z] PID=8552 EVENT=TELEGRAM_POLLING_CONFLICT_EXTERNAL_PROCESS DETAILS="ETELEGRAM: 409 Conflict: terminated by other getUpdates request; make sure that only one bot instance is running"
[2026-08-13T13:45:17.943Z] PID=13204 EVENT=TELEGRAM_POLLING_CONFLICT_EXTERNAL_PROCESS DETAILS="ETELEGRAM: 409 Conflict: terminated by other getUpdates request; make sure that only one bot instance is running"
[2026-08-13T13:45:23.484Z] PID=8552 EVENT=TELEGRAM_POLLING_CONFLICT_EXTERNAL_PROCESS DETAILS="ETELEGRAM: 409 Conflict: terminated by other getUpdates request; make sure that only one bot instance is running"
[2026-08-13T13:45:27.212Z] PID=13204 EVENT=TELEGRAM_POLLING_CONFLICT_EXTERNAL_PROCESS DETAILS="ETELEGRAM: 409 Conflict: terminated by other getUpdates request; make sure that only one bot instance is running"
[2026-08-13T13:45:32.564Z] PID=8552 EVENT=TELEGRAM_POLLING_CONFLICT_EXTERNAL_PROCESS DETAILS="ETELEGRAM: 409 Conflict: terminated by other getUpdates request; make sure that only one bot instance is running"
[2026-08-13T13:45:36.093Z] PID=13204 EVENT=TELEGRAM_POLLING_CONFLICT_EXTERNAL_PROCESS DETAILS="ETELEGRAM: 409 Conflict: terminated by other getUpdates request; make sure that only one bot instance is running"
[2026-08-13T13:45:42.237Z] PID=8552 EVENT=TELEGRAM_POLLING_CONFLICT_EXTERNAL_PROCESS DETAILS="ETELEGRAM: 409 Conflict: terminated by other getUpdates request; make sure that only one bot instance is running"
[2026-08-13T13:45:45.736Z] PID=13204 EVENT=TELEGRAM_POLLING_CONFLICT_EXTERNAL_PROCESS DETAILS="ETELEGRAM: 409 Conflict: terminated by other getUpdates request; make sure that only one bot instance is running"
[2026-08-13T13:45:51.395Z] PID=8552 EVENT=TELEGRAM_POLLING_CONFLICT_EXTERNAL_PROCESS DETAILS="ETELEGRAM: 409 Conflict: terminated by other getUpdates request; make sure that only one bot instance is running"
[2026-08-13T13:45:54.917Z] PID=13204 EVENT=TELEGRAM_POLLING_CONFLICT_EXTERNAL_PROCESS DETAILS="ETELEGRAM: 409 Conflict: terminated by other getUpdates request; make sure that only one bot instance is running"
[2026-08-13T13:46:00.420Z] PID=8552 EVENT=TELEGRAM_POLLING_CONFLICT_EXTERNAL_PROCESS DETAILS="ETELEGRAM: 409 Conflict: terminated by other getUpdates request; make sure that only one bot instance is running"
[2026-08-13T14:12:08.447Z] PID=8552 EVENT=TELEGRAM_POLLING_CONFLICT_EXTERNAL_PROCESS DETAILS="ETELEGRAM: 409 Conflict: terminated by other getUpdates request; make sure that only one bot instance is running"
[2026-08-13T14:12:11.945Z] PID=13204 EVENT=TELEGRAM_POLLING_CONFLICT_EXTERNAL_PROCESS DETAILS="ETELEGRAM: 409 Conflict: terminated by other getUpdates request; make sure that only one bot instance is running"
[2026-08-13T14:12:17.388Z] PID=8552 EVENT=TELEGRAM_POLLING_CONFLICT_EXTERNAL_PROCESS DETAILS="ETELEGRAM: 409 Conflict: terminated by other getUpdates request; make sure that only one bot instance is running"
[2026-08-13T14:12:20.927Z] PID=13204 EVENT=TELEGRAM_POLLING_CONFLICT_EXTERNAL_PROCESS DETAILS="ETELEGRAM: 409 Conflict: terminated by other getUpdates request; make sure that only one bot instance is running"
[2026-08-13T14:12:26.481Z] PID=8552 EVENT=TELEGRAM_POLLING_CONFLICT_EXTERNAL_PROCESS DETAILS="ETELEGRAM: 409 Conflict: terminated by other getUpdates request; make sure that only one bot instance is running"
[2026-08-13T14:12:30.085Z] PID=13204 EVENT=TELEGRAM_POLLING_CONFLICT_EXTERNAL_PROCESS DETAILS="ETELEGRAM: 409 Conflict: terminated by other getUpdates request; make sure that only one bot instance is running"
[2026-08-13T14:12:35.489Z] PID=8552 EVENT=TELEGRAM_POLLING_CONFLICT_EXTERNAL_PROCESS DETAILS="ETELEGRAM: 409 Conflict: terminated by other getUpdates request; make sure that only one bot instance is running"
[2026-08-13T14:12:39.178Z] PID=13204 EVENT=TELEGRAM_POLLING_CONFLICT_EXTERNAL_PROCESS DETAILS="ETELEGRAM: 409 Conflict: terminated by other getUpdates request; make sure that only one bot instance is running"
[2026-08-13T14:12:44.919Z] PID=8552 EVENT=TELEGRAM_POLLING_CONFLICT_EXTERNAL_PROCESS DETAILS="ETELEGRAM: 409 Conflict: terminated by other getUpdates request; make sure that only one bot instance is running"
[2026-08-13T14:12:48.407Z] PID=13204 EVENT=TELEGRAM_POLLING_CONFLICT_EXTERNAL_PROCESS DETAILS="ETELEGRAM: 409 Conflict: terminated by other getUpdates request; make sure that only one bot instance is running"
[2026-08-13T14:12:53.819Z] PID=8552 EVENT=TELEGRAM_POLLING_CONFLICT_EXTERNAL_PROCESS DETAILS="ETELEGRAM: 409 Conflict: terminated by other getUpdates request; make sure that only one bot instance is running"
[2026-08-13T14:12:57.399Z] PID=13204 EVENT=TELEGRAM_POLLING_CONFLICT_EXTERNAL_PROCESS DETAILS="ETELEGRAM: 409 Conflict: terminated by other getUpdates request; make sure that only one bot instance is running"
[2026-08-13T14:13:03.307Z] PID=8552 EVENT=TELEGRAM_POLLING_CONFLICT_EXTERNAL_PROCESS DETAILS="ETELEGRAM: 409 Conflict: terminated by other getUpdates request; make sure that only one bot instance is running"
[2026-08-13T14:13:07.144Z] PID=13204 EVENT=TELEGRAM_POLLING_CONFLICT_EXTERNAL_PROCESS DETAILS="ETELEGRAM: 409 Conflict: terminated by other getUpdates request; make sure that only one bot instance is running"
[2026-08-13T14:13:13.084Z] PID=8552 EVENT=TELEGRAM_POLLING_CONFLICT_EXTERNAL_PROCESS DETAILS="ETELEGRAM: 409 Conflict: terminated by other getUpdates request; make sure that only one bot instance is running"
[2026-08-13T14:13:16.604Z] PID=13204 EVENT=TELEGRAM_POLLING_CONFLICT_EXTERNAL_PROCESS DETAILS="ETELEGRAM: 409 Conflict: terminated by other getUpdates request; make sure that only one bot instance is running"
[2026-08-13T14:13:22.384Z] PID=8552 EVENT=TELEGRAM_POLLING_CONFLICT_EXTERNAL_PROCESS DETAILS="ETELEGRAM: 409 Conflict: terminated by other getUpdates request; make sure that only one bot instance is running"
[2026-08-13T14:13:25.879Z] PID=13204 EVENT=TELEGRAM_POLLING_CONFLICT_EXTERNAL_PROCESS DETAILS="ETELEGRAM: 409 Conflict: terminated by other getUpdates request; make sure that only one bot instance is running"
[2026-08-13T14:13:31.568Z] PID=8552 EVENT=TELEGRAM_POLLING_CONFLICT_EXTERNAL_PROCESS DETAILS="ETELEGRAM: 409 Conflict: terminated by other getUpdates request; make sure that only one bot instance is running"
[2026-08-13T14:13:35.155Z] PID=13204 EVENT=TELEGRAM_POLLING_CONFLICT_EXTERNAL_PROCESS DETAILS="ETELEGRAM: 409 Conflict: terminated by other getUpdates request; make sure that only one bot instance is running"
[2026-08-13T14:13:40.446Z] PID=8552 EVENT=TELEGRAM_POLLING_CONFLICT_EXTERNAL_PROCESS DETAILS="ETELEGRAM: 409 Conflict: terminated by other getUpdates request; make sure that only one bot instance is running"
[2026-08-13T14:13:43.964Z] PID=13204 EVENT=TELEGRAM_POLLING_CONFLICT_EXTERNAL_PROCESS DETAILS="ETELEGRAM: 409 Conflict: terminated by other getUpdates request; make sure that only one bot instance is running"
[2026-08-13T14:13:49.360Z] PID=8552 EVENT=TELEGRAM_POLLING_CONFLICT_EXTERNAL_PROCESS DETAILS="ETELEGRAM: 409 Conflict: terminated by other getUpdates request; make sure that only one bot instance is running"
[2026-08-13T14:13:52.927Z] PID=13204 EVENT=TELEGRAM_POLLING_CONFLICT_EXTERNAL_PROCESS DETAILS="ETELEGRAM: 409 Conflict: terminated by other getUpdates request; make sure that only one bot instance is running"
[2026-08-13T14:13:59.005Z] PID=8552 EVENT=TELEGRAM_POLLING_CONFLICT_EXTERNAL_PROCESS DETAILS="ETELEGRAM: 409 Conflict: terminated by other getUpdates request; make sure that only one bot instance is running"
[2026-08-13T14:14:02.519Z] PID=13204 EVENT=TELEGRAM_POLLING_CONFLICT_EXTERNAL_PROCESS DETAILS="ETELEGRAM: 409 Conflict: terminated by other getUpdates request; make sure that only one bot instance is running"
[2026-08-13T14:14:08.119Z] PID=8552 EVENT=TELEGRAM_POLLING_CONFLICT_EXTERNAL_PROCESS DETAILS="ETELEGRAM: 409 Conflict: terminated by other getUpdates request; make sure that only one bot instance is running"
[2026-08-13T14:14:11.630Z] PID=13204 EVENT=TELEGRAM_POLLING_CONFLICT_EXTERNAL_PROCESS DETAILS="ETELEGRAM: 409 Conflict: terminated by other getUpdates request; make sure that only one bot instance is running"
[2026-08-13T14:14:18.705Z] PID=8552 EVENT=TELEGRAM_POLLING_CONFLICT_EXTERNAL_PROCESS DETAILS="ETELEGRAM: 409 Conflict: terminated by other getUpdates request; make sure that only one bot instance is running"
[2026-08-13T14:14:22.356Z] PID=13204 EVENT=TELEGRAM_POLLING_CONFLICT_EXTERNAL_PROCESS DETAILS="ETELEGRAM: 409 Conflict: terminated by other getUpdates request; make sure that only one bot instance is running"
[2026-08-13T14:14:28.120Z] PID=8552 EVENT=TELEGRAM_POLLING_CONFLICT_EXTERNAL_PROCESS DETAILS="ETELEGRAM: 409 Conflict: terminated by other getUpdates request; make sure that only one bot instance is running"
[2026-08-13T14:14:31.640Z] PID=13204 EVENT=TELEGRAM_POLLING_CONFLICT_EXTERNAL_PROCESS DETAILS="ETELEGRAM: 409 Conflict: terminated by other getUpdates request; make sure that only one bot instance is running"
[2026-08-13T14:14:38.017Z] PID=8552 EVENT=TELEGRAM_POLLING_CONFLICT_EXTERNAL_PROCESS DETAILS="ETELEGRAM: 409 Conflict: terminated by other getUpdates request; make sure that only one bot instance is running"
[2026-08-13T14:14:41.566Z] PID=13204 EVENT=TELEGRAM_POLLING_CONFLICT_EXTERNAL_PROCESS DETAILS="ETELEGRAM: 409 Conflict: terminated by other getUpdates request; make sure that only one bot instance is running"
[2026-08-13T14:14:47.448Z] PID=8552 EVENT=TELEGRAM_POLLING_CONFLICT_EXTERNAL_PROCESS DETAILS="ETELEGRAM: 409 Conflict: terminated by other getUpdates request; make sure that only one bot instance is running"
[2026-08-13T14:14:50.957Z] PID=13204 EVENT=TELEGRAM_POLLING_CONFLICT_EXTERNAL_PROCESS DETAILS="ETELEGRAM: 409 Conflict: terminated by other getUpdates request; make sure that only one bot instance is running"
[2026-08-13T14:14:56.250Z] PID=8552 EVENT=TELEGRAM_POLLING_CONFLICT_EXTERNAL_PROCESS DETAILS="ETELEGRAM: 409 Conflict: terminated by other getUpdates request; make sure that only one bot instance is running"
[2026-08-13T14:14:59.800Z] PID=13204 EVENT=TELEGRAM_POLLING_CONFLICT_EXTERNAL_PROCESS DETAILS="ETELEGRAM: 409 Conflict: terminated by other getUpdates request; make sure that only one bot instance is running"
[2026-08-13T14:15:05.344Z] PID=8552 EVENT=TELEGRAM_POLLING_CONFLICT_EXTERNAL_PROCESS DETAILS="ETELEGRAM: 409 Conflict: terminated by other getUpdates request; make sure that only one bot instance is running"
[2026-08-13T14:15:08.927Z] PID=13204 EVENT=TELEGRAM_POLLING_CONFLICT_EXTERNAL_PROCESS DETAILS="ETELEGRAM: 409 Conflict: terminated by other getUpdates request; make sure that only one bot instance is running"
[2026-08-13T14:15:14.648Z] PID=8552 EVENT=TELEGRAM_POLLING_CONFLICT_EXTERNAL_PROCESS DETAILS="ETELEGRAM: 409 Conflict: terminated by other getUpdates request; make sure that only one bot instance is running"
[2026-08-13T14:15:18.206Z] PID=13204 EVENT=TELEGRAM_POLLING_CONFLICT_EXTERNAL_PROCESS DETAILS="ETELEGRAM: 409 Conflict: terminated by other getUpdates request; make sure that only one bot instance is running"
[2026-08-13T14:15:24.121Z] PID=8552 EVENT=TELEGRAM_POLLING_CONFLICT_EXTERNAL_PROCESS DETAILS="ETELEGRAM: 409 Conflict: terminated by other getUpdates request; make sure that only one bot instance is running"
[2026-08-13T14:15:27.641Z] PID=13204 EVENT=TELEGRAM_POLLING_CONFLICT_EXTERNAL_PROCESS DETAILS="ETELEGRAM: 409 Conflict: terminated by other getUpdates request; make sure that only one bot instance is running"
[2026-08-13T14:15:33.402Z] PID=8552 EVENT=TELEGRAM_POLLING_CONFLICT_EXTERNAL_PROCESS DETAILS="ETELEGRAM: 409 Conflict: terminated by other getUpdates request; make sure that only one bot instance is running"
[2026-08-13T14:15:36.921Z] PID=13204 EVENT=TELEGRAM_POLLING_CONFLICT_EXTERNAL_PROCESS DETAILS="ETELEGRAM: 409 Conflict: terminated by other getUpdates request; make sure that only one bot instance is running"
[2026-08-13T14:15:42.458Z] PID=8552 EVENT=TELEGRAM_POLLING_CONFLICT_EXTERNAL_PROCESS DETAILS="ETELEGRAM: 409 Conflict: terminated by other getUpdates request; make sure that only one bot instance is running"
[2026-08-13T14:15:46.053Z] PID=13204 EVENT=TELEGRAM_POLLING_CONFLICT_EXTERNAL_PROCESS DETAILS="ETELEGRAM: 409 Conflict: terminated by other getUpdates request; make sure that only one bot instance is running"
[2026-08-13T14:15:51.443Z] PID=8552 EVENT=TELEGRAM_POLLING_CONFLICT_EXTERNAL_PROCESS DETAILS="ETELEGRAM: 409 Conflict: terminated by other getUpdates request; make sure that only one bot instance is running"
[2026-08-13T14:15:54.954Z] PID=13204 EVENT=TELEGRAM_POLLING_CONFLICT_EXTERNAL_PROCESS DETAILS="ETELEGRAM: 409 Conflict: terminated by other getUpdates request; make sure that only one bot instance is running"
[2026-08-13T14:16:00.087Z] PID=8552 EVENT=TELEGRAM_POLLING_CONFLICT_EXTERNAL_PROCESS DETAILS="ETELEGRAM: 409 Conflict: terminated by other getUpdates request; make sure that only one bot instance is running"
[2026-08-13T14:16:03.642Z] PID=13204 EVENT=TELEGRAM_POLLING_CONFLICT_EXTERNAL_PROCESS DETAILS="ETELEGRAM: 409 Conflict: terminated by other getUpdates request; make sure that only one bot instance is running"
[2026-08-13T14:16:08.778Z] PID=8552 EVENT=TELEGRAM_POLLING_CONFLICT_EXTERNAL_PROCESS DETAILS="ETELEGRAM: 409 Conflict: terminated by other getUpdates request; make sure that only one bot instance is running"
[2026-08-13T14:16:12.273Z] PID=13204 EVENT=TELEGRAM_POLLING_CONFLICT_EXTERNAL_PROCESS DETAILS="ETELEGRAM: 409 Conflict: terminated by other getUpdates request; make sure that only one bot instance is running"
[2026-08-13T14:16:17.548Z] PID=8552 EVENT=TELEGRAM_POLLING_CONFLICT_EXTERNAL_PROCESS DETAILS="ETELEGRAM: 409 Conflict: terminated by other getUpdates request; make sure that only one bot instance is running"
[2026-08-13T14:16:21.081Z] PID=13204 EVENT=TELEGRAM_POLLING_CONFLICT_EXTERNAL_PROCESS DETAILS="ETELEGRAM: 409 Conflict: terminated by other getUpdates request; make sure that only one bot instance is running"
[2026-08-13T14:16:26.709Z] PID=8552 EVENT=TELEGRAM_POLLING_CONFLICT_EXTERNAL_PROCESS DETAILS="ETELEGRAM: 409 Conflict: terminated by other getUpdates request; make sure that only one bot instance is running"
[2026-08-13T14:16:30.192Z] PID=13204 EVENT=TELEGRAM_POLLING_CONFLICT_EXTERNAL_PROCESS DETAILS="ETELEGRAM: 409 Conflict: terminated by other getUpdates request; make sure that only one bot instance is running"
[2026-08-13T14:16:36.264Z] PID=8552 EVENT=TELEGRAM_POLLING_CONFLICT_EXTERNAL_PROCESS DETAILS="ETELEGRAM: 409 Conflict: terminated by other getUpdates request; make sure that only one bot instance is running"
[2026-08-13T14:16:39.842Z] PID=13204 EVENT=TELEGRAM_POLLING_CONFLICT_EXTERNAL_PROCESS DETAILS="ETELEGRAM: 409 Conflict: terminated by other getUpdates request; make sure that only one bot instance is running"
[2026-08-13T14:33:56.261Z] PID=8552 EVENT=TELEGRAM_POLLING_CONFLICT_EXTERNAL_PROCESS DETAILS="ETELEGRAM: 409 Conflict: terminated by other getUpdates request; make sure that only one bot instance is running"
[2026-08-13T14:34:00.476Z] PID=13204 EVENT=TELEGRAM_POLLING_CONFLICT_EXTERNAL_PROCESS DETAILS="ETELEGRAM: 409 Conflict: terminated by other getUpdates request; make sure that only one bot instance is running"
[2026-08-13T14:34:07.304Z] PID=8552 EVENT=TELEGRAM_POLLING_CONFLICT_EXTERNAL_PROCESS DETAILS="ETELEGRAM: 409 Conflict: terminated by other getUpdates request; make sure that only one bot instance is running"
[2026-08-13T14:34:10.896Z] PID=13204 EVENT=TELEGRAM_POLLING_CONFLICT_EXTERNAL_PROCESS DETAILS="ETELEGRAM: 409 Conflict: terminated by other getUpdates request; make sure that only one bot instance is running"
[2026-08-13T14:34:17.018Z] PID=8552 EVENT=TELEGRAM_POLLING_CONFLICT_EXTERNAL_PROCESS DETAILS="ETELEGRAM: 409 Conflict: terminated by other getUpdates request; make sure that only one bot instance is running"
[2026-08-13T14:34:21.414Z] PID=13204 EVENT=TELEGRAM_POLLING_CONFLICT_EXTERNAL_PROCESS DETAILS="ETELEGRAM: 409 Conflict: terminated by other getUpdates request; make sure that only one bot instance is running"
[2026-08-13T14:34:26.957Z] PID=8552 EVENT=TELEGRAM_POLLING_CONFLICT_EXTERNAL_PROCESS DETAILS="ETELEGRAM: 409 Conflict: terminated by other getUpdates request; make sure that only one bot instance is running"
[2026-08-13T14:34:30.485Z] PID=13204 EVENT=TELEGRAM_POLLING_CONFLICT_EXTERNAL_PROCESS DETAILS="ETELEGRAM: 409 Conflict: terminated by other getUpdates request; make sure that only one bot instance is running"
[2026-08-13T14:34:37.681Z] PID=8552 EVENT=TELEGRAM_POLLING_CONFLICT_EXTERNAL_PROCESS DETAILS="ETELEGRAM: 409 Conflict: terminated by other getUpdates request; make sure that only one bot instance is running"
[2026-08-13T14:34:41.749Z] PID=13204 EVENT=TELEGRAM_POLLING_CONFLICT_EXTERNAL_PROCESS DETAILS="ETELEGRAM: 409 Conflict: terminated by other getUpdates request; make sure that only one bot instance is running"
[2026-08-13T14:34:48.913Z] PID=8552 EVENT=TELEGRAM_POLLING_CONFLICT_EXTERNAL_PROCESS DETAILS="ETELEGRAM: 409 Conflict: terminated by other getUpdates request; make sure that only one bot instance is running"
[2026-08-13T14:34:52.502Z] PID=13204 EVENT=TELEGRAM_POLLING_CONFLICT_EXTERNAL_PROCESS DETAILS="ETELEGRAM: 409 Conflict: terminated by other getUpdates request; make sure that only one bot instance is running"
[2026-08-13T14:34:58.999Z] PID=8552 EVENT=TELEGRAM_POLLING_CONFLICT_EXTERNAL_PROCESS DETAILS="ETELEGRAM: 409 Conflict: terminated by other getUpdates request; make sure that only one bot instance is running"
[2026-08-13T14:35:02.603Z] PID=13204 EVENT=TELEGRAM_POLLING_CONFLICT_EXTERNAL_PROCESS DETAILS="ETELEGRAM: 409 Conflict: terminated by other getUpdates request; make sure that only one bot instance is running"
[2026-08-13T14:35:09.836Z] PID=8552 EVENT=TELEGRAM_POLLING_CONFLICT_EXTERNAL_PROCESS DETAILS="ETELEGRAM: 409 Conflict: terminated by other getUpdates request; make sure that only one bot instance is running"
[2026-08-13T14:35:13.366Z] PID=13204 EVENT=TELEGRAM_POLLING_CONFLICT_EXTERNAL_PROCESS DETAILS="ETELEGRAM: 409 Conflict: terminated by other getUpdates request; make sure that only one bot instance is running"
[2026-08-13T14:35:18.755Z] PID=8552 EVENT=TELEGRAM_POLLING_CONFLICT_EXTERNAL_PROCESS DETAILS="ETELEGRAM: 409 Conflict: terminated by other getUpdates request; make sure that only one bot instance is running"
[2026-08-13T14:35:22.284Z] PID=13204 EVENT=TELEGRAM_POLLING_CONFLICT_EXTERNAL_PROCESS DETAILS="ETELEGRAM: 409 Conflict: terminated by other getUpdates request; make sure that only one bot instance is running"
[2026-08-13T14:35:29.242Z] PID=8552 EVENT=TELEGRAM_POLLING_CONFLICT_EXTERNAL_PROCESS DETAILS="ETELEGRAM: 409 Conflict: terminated by other getUpdates request; make sure that only one bot instance is running"
[2026-08-13T14:35:32.940Z] PID=13204 EVENT=TELEGRAM_POLLING_CONFLICT_EXTERNAL_PROCESS DETAILS="ETELEGRAM: 409 Conflict: terminated by other getUpdates request; make sure that only one bot instance is running"
[2026-08-13T14:35:41.186Z] PID=8552 EVENT=TELEGRAM_POLLING_CONFLICT_EXTERNAL_PROCESS DETAILS="ETELEGRAM: 409 Conflict: terminated by other getUpdates request; make sure that only one bot instance is running"
[2026-08-13T14:35:45.135Z] PID=13204 EVENT=TELEGRAM_POLLING_CONFLICT_EXTERNAL_PROCESS DETAILS="ETELEGRAM: 409 Conflict: terminated by other getUpdates request; make sure that only one bot instance is running"
[2026-08-13T14:35:53.305Z] PID=8552 EVENT=TELEGRAM_POLLING_CONFLICT_EXTERNAL_PROCESS DETAILS="ETELEGRAM: 409 Conflict: terminated by other getUpdates request; make sure that only one bot instance is running"
[2026-08-13T14:35:57.145Z] PID=13204 EVENT=TELEGRAM_POLLING_CONFLICT_EXTERNAL_PROCESS DETAILS="ETELEGRAM: 409 Conflict: terminated by other getUpdates request; make sure that only one bot instance is running"
[2026-08-13T14:36:07.439Z] PID=8552 EVENT=TELEGRAM_POLLING_CONFLICT_EXTERNAL_PROCESS DETAILS="ETELEGRAM: 409 Conflict: terminated by other getUpdates request; make sure that only one bot instance is running"
[2026-08-13T14:36:10.970Z] PID=13204 EVENT=TELEGRAM_POLLING_CONFLICT_EXTERNAL_PROCESS DETAILS="ETELEGRAM: 409 Conflict: terminated by other getUpdates request; make sure that only one bot instance is running"
[2026-08-13T14:36:22.200Z] PID=8552 EVENT=TELEGRAM_POLLING_CONFLICT_EXTERNAL_PROCESS DETAILS="ETELEGRAM: 409 Conflict: terminated by other getUpdates request; make sure that only one bot instance is running"
[2026-08-13T14:36:23.591Z] PID=13204 EVENT=TELEGRAM_POLLING_CONFLICT_EXTERNAL_PROCESS DETAILS="ETELEGRAM: 409 Conflict: terminated by other getUpdates request; make sure that only one bot instance is running"
[2026-08-13T14:36:34.250Z] PID=8552 EVENT=TELEGRAM_POLLING_CONFLICT_EXTERNAL_PROCESS DETAILS="ETELEGRAM: 409 Conflict: terminated by other getUpdates request; make sure that only one bot instance is running"
[2026-08-13T14:36:37.793Z] PID=13204 EVENT=TELEGRAM_POLLING_CONFLICT_EXTERNAL_PROCESS DETAILS="ETELEGRAM: 409 Conflict: terminated by other getUpdates request; make sure that only one bot instance is running"
[2026-08-13T14:36:52.358Z] PID=8552 EVENT=TELEGRAM_POLLING_CONFLICT_EXTERNAL_PROCESS DETAILS="ETELEGRAM: 409 Conflict: terminated by other getUpdates request; make sure that only one bot instance is running"
[2026-08-13T14:36:53.396Z] PID=13204 EVENT=TELEGRAM_POLLING_CONFLICT_EXTERNAL_PROCESS DETAILS="ETELEGRAM: 409 Conflict: terminated by other getUpdates request; make sure that only one bot instance is running"
[2026-08-13T14:37:01.662Z] PID=8552 EVENT=TELEGRAM_POLLING_CONFLICT_EXTERNAL_PROCESS DETAILS="ETELEGRAM: 409 Conflict: terminated by other getUpdates request; make sure that only one bot instance is running"
[2026-08-13T14:37:02.492Z] PID=13204 EVENT=TELEGRAM_POLLING_CONFLICT_EXTERNAL_PROCESS DETAILS="ETELEGRAM: 409 Conflict: terminated by other getUpdates request; make sure that only one bot instance is running"
[2026-08-13T14:37:11.128Z] PID=8552 EVENT=TELEGRAM_POLLING_CONFLICT_EXTERNAL_PROCESS DETAILS="ETELEGRAM: 409 Conflict: terminated by other getUpdates request; make sure that only one bot instance is running"
[2026-08-13T14:37:11.766Z] PID=13204 EVENT=TELEGRAM_POLLING_CONFLICT_EXTERNAL_PROCESS DETAILS="ETELEGRAM: 409 Conflict: terminated by other getUpdates request; make sure that only one bot instance is running"
[2026-08-13T14:37:21.612Z] PID=8552 EVENT=TELEGRAM_POLLING_CONFLICT_EXTERNAL_PROCESS DETAILS="ETELEGRAM: 409 Conflict: terminated by other getUpdates request; make sure that only one bot instance is running"
[2026-08-13T14:37:22.396Z] PID=13204 EVENT=TELEGRAM_POLLING_CONFLICT_EXTERNAL_PROCESS DETAILS="ETELEGRAM: 409 Conflict: terminated by other getUpdates request; make sure that only one bot instance is running"
[2026-08-13T14:37:32.952Z] PID=8552 EVENT=TELEGRAM_POLLING_CONFLICT_EXTERNAL_PROCESS DETAILS="ETELEGRAM: 409 Conflict: terminated by other getUpdates request; make sure that only one bot instance is running"
[2026-08-13T14:37:33.608Z] PID=13204 EVENT=TELEGRAM_POLLING_CONFLICT_EXTERNAL_PROCESS DETAILS="ETELEGRAM: 409 Conflict: terminated by other getUpdates request; make sure that only one bot instance is running"
[2026-08-13T14:37:42.975Z] PID=8552 EVENT=TELEGRAM_POLLING_CONFLICT_EXTERNAL_PROCESS DETAILS="ETELEGRAM: 409 Conflict: terminated by other getUpdates request; make sure that only one bot instance is running"
[2026-08-13T14:37:43.498Z] PID=13204 EVENT=TELEGRAM_POLLING_CONFLICT_EXTERNAL_PROCESS DETAILS="ETELEGRAM: 409 Conflict: terminated by other getUpdates request; make sure that only one bot instance is running"
[2026-08-13T14:37:51.876Z] PID=8552 EVENT=TELEGRAM_POLLING_CONFLICT_EXTERNAL_PROCESS DETAILS="ETELEGRAM: 409 Conflict: terminated by other getUpdates request; make sure that only one bot instance is running"
[2026-08-13T14:37:52.394Z] PID=13204 EVENT=TELEGRAM_POLLING_CONFLICT_EXTERNAL_PROCESS DETAILS="ETELEGRAM: 409 Conflict: terminated by other getUpdates request; make sure that only one bot instance is running"
[2026-08-13T14:38:02.928Z] PID=8552 EVENT=TELEGRAM_POLLING_CONFLICT_EXTERNAL_PROCESS DETAILS="ETELEGRAM: 409 Conflict: terminated by other getUpdates request; make sure that only one bot instance is running"
[2026-08-13T14:38:03.673Z] PID=13204 EVENT=TELEGRAM_POLLING_CONFLICT_EXTERNAL_PROCESS DETAILS="ETELEGRAM: 409 Conflict: terminated by other getUpdates request; make sure that only one bot instance is running"
[2026-08-13T14:38:14.945Z] PID=8552 EVENT=TELEGRAM_POLLING_CONFLICT_EXTERNAL_PROCESS DETAILS="ETELEGRAM: 409 Conflict: terminated by other getUpdates request; make sure that only one bot instance is running"
[2026-08-13T14:38:15.464Z] PID=13204 EVENT=TELEGRAM_POLLING_CONFLICT_EXTERNAL_PROCESS DETAILS="ETELEGRAM: 409 Conflict: terminated by other getUpdates request; make sure that only one bot instance is running"
[2026-08-13T14:38:23.795Z] PID=8552 EVENT=TELEGRAM_POLLING_CONFLICT_EXTERNAL_PROCESS DETAILS="ETELEGRAM: 409 Conflict: terminated by other getUpdates request; make sure that only one bot instance is running"
[2026-08-13T14:38:24.338Z] PID=13204 EVENT=TELEGRAM_POLLING_CONFLICT_EXTERNAL_PROCESS DETAILS="ETELEGRAM: 409 Conflict: terminated by other getUpdates request; make sure that only one bot instance is running"
[2026-08-13T14:38:33.749Z] PID=8552 EVENT=TELEGRAM_POLLING_CONFLICT_EXTERNAL_PROCESS DETAILS="ETELEGRAM: 409 Conflict: terminated by other getUpdates request; make sure that only one bot instance is running"
[2026-08-13T14:38:34.301Z] PID=13204 EVENT=TELEGRAM_POLLING_CONFLICT_EXTERNAL_PROCESS DETAILS="ETELEGRAM: 409 Conflict: terminated by other getUpdates request; make sure that only one bot instance is running"
[2026-08-13T14:38:42.700Z] PID=8552 EVENT=TELEGRAM_POLLING_CONFLICT_EXTERNAL_PROCESS DETAILS="ETELEGRAM: 409 Conflict: terminated by other getUpdates request; make sure that only one bot instance is running"
[2026-08-13T14:38:43.228Z] PID=13204 EVENT=TELEGRAM_POLLING_CONFLICT_EXTERNAL_PROCESS DETAILS="ETELEGRAM: 409 Conflict: terminated by other getUpdates request; make sure that only one bot instance is running"
[2026-08-13T14:38:53.388Z] PID=8552 EVENT=TELEGRAM_POLLING_CONFLICT_EXTERNAL_PROCESS DETAILS="ETELEGRAM: 409 Conflict: terminated by other getUpdates request; make sure that only one bot instance is running"
[2026-08-13T14:38:54.260Z] PID=13204 EVENT=TELEGRAM_POLLING_CONFLICT_EXTERNAL_PROCESS DETAILS="ETELEGRAM: 409 Conflict: terminated by other getUpdates request; make sure that only one bot instance is running"
[2026-08-13T14:39:05.320Z] PID=8552 EVENT=TELEGRAM_POLLING_CONFLICT_EXTERNAL_PROCESS DETAILS="ETELEGRAM: 409 Conflict: terminated by other getUpdates request; make sure that only one bot instance is running"
[2026-08-13T14:39:06.254Z] PID=13204 EVENT=TELEGRAM_POLLING_CONFLICT_EXTERNAL_PROCESS DETAILS="ETELEGRAM: 409 Conflict: terminated by other getUpdates request; make sure that only one bot instance is running"
[2026-08-13T14:39:16.269Z] PID=8552 EVENT=TELEGRAM_POLLING_CONFLICT_EXTERNAL_PROCESS DETAILS="ETELEGRAM: 409 Conflict: terminated by other getUpdates request; make sure that only one bot instance is running"
[2026-08-13T14:39:17.200Z] PID=13204 EVENT=TELEGRAM_POLLING_CONFLICT_EXTERNAL_PROCESS DETAILS="ETELEGRAM: 409 Conflict: terminated by other getUpdates request; make sure that only one bot instance is running"
[2026-08-13T14:39:30.865Z] PID=8552 EVENT=TELEGRAM_POLLING_CONFLICT_EXTERNAL_PROCESS DETAILS="ETELEGRAM: 409 Conflict: terminated by other getUpdates request; make sure that only one bot instance is running"
[2026-08-13T14:39:34.378Z] PID=13204 EVENT=TELEGRAM_POLLING_CONFLICT_EXTERNAL_PROCESS DETAILS="ETELEGRAM: 409 Conflict: terminated by other getUpdates request; make sure that only one bot instance is running"
[2026-08-13T14:39:41.365Z] PID=8552 EVENT=TELEGRAM_POLLING_CONFLICT_EXTERNAL_PROCESS DETAILS="ETELEGRAM: 409 Conflict: terminated by other getUpdates request; make sure that only one bot instance is running"
[2026-08-13T14:39:44.877Z] PID=13204 EVENT=TELEGRAM_POLLING_CONFLICT_EXTERNAL_PROCESS DETAILS="ETELEGRAM: 409 Conflict: terminated by other getUpdates request; make sure that only one bot instance is running"
[2026-08-13T14:39:51.224Z] PID=8552 EVENT=TELEGRAM_POLLING_CONFLICT_EXTERNAL_PROCESS DETAILS="ETELEGRAM: 409 Conflict: terminated by other getUpdates request; make sure that only one bot instance is running"
[2026-08-13T14:39:54.750Z] PID=13204 EVENT=TELEGRAM_POLLING_CONFLICT_EXTERNAL_PROCESS DETAILS="ETELEGRAM: 409 Conflict: terminated by other getUpdates request; make sure that only one bot instance is running"
[2026-08-13T14:40:00.124Z] PID=8552 EVENT=TELEGRAM_POLLING_CONFLICT_EXTERNAL_PROCESS DETAILS="ETELEGRAM: 409 Conflict: terminated by other getUpdates request; make sure that only one bot instance is running"
[2026-08-13T14:40:03.627Z] PID=13204 EVENT=TELEGRAM_POLLING_CONFLICT_EXTERNAL_PROCESS DETAILS="ETELEGRAM: 409 Conflict: terminated by other getUpdates request; make sure that only one bot instance is running"
[2026-08-13T14:40:08.981Z] PID=8552 EVENT=TELEGRAM_POLLING_CONFLICT_EXTERNAL_PROCESS DETAILS="ETELEGRAM: 409 Conflict: terminated by other getUpdates request; make sure that only one bot instance is running"
[2026-08-13T14:40:12.490Z] PID=13204 EVENT=TELEGRAM_POLLING_CONFLICT_EXTERNAL_PROCESS DETAILS="ETELEGRAM: 409 Conflict: terminated by other getUpdates request; make sure that only one bot instance is running"
[2026-08-13T14:40:19.220Z] PID=8552 EVENT=TELEGRAM_POLLING_CONFLICT_EXTERNAL_PROCESS DETAILS="ETELEGRAM: 409 Conflict: terminated by other getUpdates request; make sure that only one bot instance is running"
[2026-08-13T14:40:22.737Z] PID=13204 EVENT=TELEGRAM_POLLING_CONFLICT_EXTERNAL_PROCESS DETAILS="ETELEGRAM: 409 Conflict: terminated by other getUpdates request; make sure that only one bot instance is running"
[2026-08-13T14:40:28.176Z] PID=8552 EVENT=TELEGRAM_POLLING_CONFLICT_EXTERNAL_PROCESS DETAILS="ETELEGRAM: 409 Conflict: terminated by other getUpdates request; make sure that only one bot instance is running"
[2026-08-13T14:40:31.717Z] PID=13204 EVENT=TELEGRAM_POLLING_CONFLICT_EXTERNAL_PROCESS DETAILS="ETELEGRAM: 409 Conflict: terminated by other getUpdates request; make sure that only one bot instance is running"
[2026-08-13T14:40:37.099Z] PID=8552 EVENT=TELEGRAM_POLLING_CONFLICT_EXTERNAL_PROCESS DETAILS="ETELEGRAM: 409 Conflict: terminated by other getUpdates request; make sure that only one bot instance is running"
[2026-08-13T14:40:40.631Z] PID=13204 EVENT=TELEGRAM_POLLING_CONFLICT_EXTERNAL_PROCESS DETAILS="ETELEGRAM: 409 Conflict: terminated by other getUpdates request; make sure that only one bot instance is running"
[2026-08-13T14:40:46.350Z] PID=8552 EVENT=TELEGRAM_POLLING_CONFLICT_EXTERNAL_PROCESS DETAILS="ETELEGRAM: 409 Conflict: terminated by other getUpdates request; make sure that only one bot instance is running"
[2026-08-13T14:40:50.012Z] PID=13204 EVENT=TELEGRAM_POLLING_CONFLICT_EXTERNAL_PROCESS DETAILS="ETELEGRAM: 409 Conflict: terminated by other getUpdates request; make sure that only one bot instance is running"
[2026-08-13T14:40:55.630Z] PID=8552 EVENT=TELEGRAM_POLLING_CONFLICT_EXTERNAL_PROCESS DETAILS="ETELEGRAM: 409 Conflict: terminated by other getUpdates request; make sure that only one bot instance is running"
[2026-08-13T14:40:59.136Z] PID=13204 EVENT=TELEGRAM_POLLING_CONFLICT_EXTERNAL_PROCESS DETAILS="ETELEGRAM: 409 Conflict: terminated by other getUpdates request; make sure that only one bot instance is running"
[2026-08-13T14:41:05.489Z] PID=8552 EVENT=TELEGRAM_POLLING_CONFLICT_EXTERNAL_PROCESS DETAILS="ETELEGRAM: 409 Conflict: terminated by other getUpdates request; make sure that only one bot instance is running"
[2026-08-13T14:41:09.012Z] PID=13204 EVENT=TELEGRAM_POLLING_CONFLICT_EXTERNAL_PROCESS DETAILS="ETELEGRAM: 409 Conflict: terminated by other getUpdates request; make sure that only one bot instance is running"
[2026-08-13T14:41:15.439Z] PID=8552 EVENT=TELEGRAM_POLLING_CONFLICT_EXTERNAL_PROCESS DETAILS="ETELEGRAM: 409 Conflict: terminated by other getUpdates request; make sure that only one bot instance is running"
[2026-08-13T14:41:18.928Z] PID=13204 EVENT=TELEGRAM_POLLING_CONFLICT_EXTERNAL_PROCESS DETAILS="ETELEGRAM: 409 Conflict: terminated by other getUpdates request; make sure that only one bot instance is running"
[2026-08-13T14:41:25.658Z] PID=8552 EVENT=TELEGRAM_POLLING_CONFLICT_EXTERNAL_PROCESS DETAILS="ETELEGRAM: 409 Conflict: terminated by other getUpdates request; make sure that only one bot instance is running"
[2026-08-13T14:41:29.187Z] PID=13204 EVENT=TELEGRAM_POLLING_CONFLICT_EXTERNAL_PROCESS DETAILS="ETELEGRAM: 409 Conflict: terminated by other getUpdates request; make sure that only one bot instance is running"
[2026-08-13T14:41:34.704Z] PID=8552 EVENT=TELEGRAM_POLLING_CONFLICT_EXTERNAL_PROCESS DETAILS="ETELEGRAM: 409 Conflict: terminated by other getUpdates request; make sure that only one bot instance is running"
[2026-08-13T14:41:38.342Z] PID=13204 EVENT=TELEGRAM_POLLING_CONFLICT_EXTERNAL_PROCESS DETAILS="ETELEGRAM: 409 Conflict: terminated by other getUpdates request; make sure that only one bot instance is running"
[2026-08-13T14:41:43.757Z] PID=8552 EVENT=TELEGRAM_POLLING_CONFLICT_EXTERNAL_PROCESS DETAILS="ETELEGRAM: 409 Conflict: terminated by other getUpdates request; make sure that only one bot instance is running"
[2026-08-13T14:41:47.291Z] PID=13204 EVENT=TELEGRAM_POLLING_CONFLICT_EXTERNAL_PROCESS DETAILS="ETELEGRAM: 409 Conflict: terminated by other getUpdates request; make sure that only one bot instance is running"
[2026-08-13T14:41:52.628Z] PID=8552 EVENT=TELEGRAM_POLLING_CONFLICT_EXTERNAL_PROCESS DETAILS="ETELEGRAM: 409 Conflict: terminated by other getUpdates request; make sure that only one bot instance is running"
[2026-08-13T14:41:56.151Z] PID=13204 EVENT=TELEGRAM_POLLING_CONFLICT_EXTERNAL_PROCESS DETAILS="ETELEGRAM: 409 Conflict: terminated by other getUpdates request; make sure that only one bot instance is running"
[2026-08-13T14:42:01.532Z] PID=8552 EVENT=TELEGRAM_POLLING_CONFLICT_EXTERNAL_PROCESS DETAILS="ETELEGRAM: 409 Conflict: terminated by other getUpdates request; make sure that only one bot instance is running"
[2026-08-13T14:42:05.124Z] PID=13204 EVENT=TELEGRAM_POLLING_CONFLICT_EXTERNAL_PROCESS DETAILS="ETELEGRAM: 409 Conflict: terminated by other getUpdates request; make sure that only one bot instance is running"
[2026-08-13T14:42:10.842Z] PID=8552 EVENT=TELEGRAM_POLLING_CONFLICT_EXTERNAL_PROCESS DETAILS="ETELEGRAM: 409 Conflict: terminated by other getUpdates request; make sure that only one bot instance is running"
[2026-08-13T14:42:14.348Z] PID=13204 EVENT=TELEGRAM_POLLING_CONFLICT_EXTERNAL_PROCESS DETAILS="ETELEGRAM: 409 Conflict: terminated by other getUpdates request; make sure that only one bot instance is running"
[2026-08-13T14:42:19.803Z] PID=8552 EVENT=TELEGRAM_POLLING_CONFLICT_EXTERNAL_PROCESS DETAILS="ETELEGRAM: 409 Conflict: terminated by other getUpdates request; make sure that only one bot instance is running"
[2026-08-13T14:42:23.304Z] PID=13204 EVENT=TELEGRAM_POLLING_CONFLICT_EXTERNAL_PROCESS DETAILS="ETELEGRAM: 409 Conflict: terminated by other getUpdates request; make sure that only one bot instance is running"
[2026-08-13T14:42:28.623Z] PID=8552 EVENT=TELEGRAM_POLLING_CONFLICT_EXTERNAL_PROCESS DETAILS="ETELEGRAM: 409 Conflict: terminated by other getUpdates request; make sure that only one bot instance is running"
[2026-08-13T14:42:32.123Z] PID=13204 EVENT=TELEGRAM_POLLING_CONFLICT_EXTERNAL_PROCESS DETAILS="ETELEGRAM: 409 Conflict: terminated by other getUpdates request; make sure that only one bot instance is running"
[2026-08-13T14:42:37.562Z] PID=8552 EVENT=TELEGRAM_POLLING_CONFLICT_EXTERNAL_PROCESS DETAILS="ETELEGRAM: 409 Conflict: terminated by other getUpdates request; make sure that only one bot instance is running"
[2026-08-13T14:42:41.097Z] PID=13204 EVENT=TELEGRAM_POLLING_CONFLICT_EXTERNAL_PROCESS DETAILS="ETELEGRAM: 409 Conflict: terminated by other getUpdates request; make sure that only one bot instance is running"
[2026-08-13T14:42:46.391Z] PID=8552 EVENT=TELEGRAM_POLLING_CONFLICT_EXTERNAL_PROCESS DETAILS="ETELEGRAM: 409 Conflict: terminated by other getUpdates request; make sure that only one bot instance is running"
[2026-08-13T14:42:49.916Z] PID=13204 EVENT=TELEGRAM_POLLING_CONFLICT_EXTERNAL_PROCESS DETAILS="ETELEGRAM: 409 Conflict: terminated by other getUpdates request; make sure that only one bot instance is running"
[2026-08-13T14:42:55.319Z] PID=8552 EVENT=TELEGRAM_POLLING_CONFLICT_EXTERNAL_PROCESS DETAILS="ETELEGRAM: 409 Conflict: terminated by other getUpdates request; make sure that only one bot instance is running"
[2026-08-13T14:42:58.850Z] PID=13204 EVENT=TELEGRAM_POLLING_CONFLICT_EXTERNAL_PROCESS DETAILS="ETELEGRAM: 409 Conflict: terminated by other getUpdates request; make sure that only one bot instance is running"
[2026-08-13T14:43:04.095Z] PID=8552 EVENT=TELEGRAM_POLLING_CONFLICT_EXTERNAL_PROCESS DETAILS="ETELEGRAM: 409 Conflict: terminated by other getUpdates request; make sure that only one bot instance is running"
[2026-08-13T14:43:07.600Z] PID=13204 EVENT=TELEGRAM_POLLING_CONFLICT_EXTERNAL_PROCESS DETAILS="ETELEGRAM: 409 Conflict: terminated by other getUpdates request; make sure that only one bot instance is running"
[2026-08-13T14:43:13.321Z] PID=8552 EVENT=TELEGRAM_POLLING_CONFLICT_EXTERNAL_PROCESS DETAILS="ETELEGRAM: 409 Conflict: terminated by other getUpdates request; make sure that only one bot instance is running"
[2026-08-13T14:43:16.824Z] PID=13204 EVENT=TELEGRAM_POLLING_CONFLICT_EXTERNAL_PROCESS DETAILS="ETELEGRAM: 409 Conflict: terminated by other getUpdates request; make sure that only one bot instance is running"
[2026-08-13T14:43:22.660Z] PID=8552 EVENT=TELEGRAM_POLLING_CONFLICT_EXTERNAL_PROCESS DETAILS="ETELEGRAM: 409 Conflict: terminated by other getUpdates request; make sure that only one bot instance is running"
[2026-08-13T14:43:26.162Z] PID=13204 EVENT=TELEGRAM_POLLING_CONFLICT_EXTERNAL_PROCESS DETAILS="ETELEGRAM: 409 Conflict: terminated by other getUpdates request; make sure that only one bot instance is running"
[2026-08-13T14:43:31.716Z] PID=8552 EVENT=TELEGRAM_POLLING_CONFLICT_EXTERNAL_PROCESS DETAILS="ETELEGRAM: 409 Conflict: terminated by other getUpdates request; make sure that only one bot instance is running"
[2026-08-13T14:43:35.232Z] PID=13204 EVENT=TELEGRAM_POLLING_CONFLICT_EXTERNAL_PROCESS DETAILS="ETELEGRAM: 409 Conflict: terminated by other getUpdates request; make sure that only one bot instance is running"
[2026-08-13T14:43:40.793Z] PID=8552 EVENT=TELEGRAM_POLLING_CONFLICT_EXTERNAL_PROCESS DETAILS="ETELEGRAM: 409 Conflict: terminated by other getUpdates request; make sure that only one bot instance is running"
[2026-08-13T14:43:44.305Z] PID=13204 EVENT=TELEGRAM_POLLING_CONFLICT_EXTERNAL_PROCESS DETAILS="ETELEGRAM: 409 Conflict: terminated by other getUpdates request; make sure that only one bot instance is running"
[2026-08-13T14:43:49.798Z] PID=8552 EVENT=TELEGRAM_POLLING_CONFLICT_EXTERNAL_PROCESS DETAILS="ETELEGRAM: 409 Conflict: terminated by other getUpdates request; make sure that only one bot instance is running"
[2026-08-13T14:43:53.322Z] PID=13204 EVENT=TELEGRAM_POLLING_CONFLICT_EXTERNAL_PROCESS DETAILS="ETELEGRAM: 409 Conflict: terminated by other getUpdates request; make sure that only one bot instance is running"
[2026-08-13T14:43:58.997Z] PID=8552 EVENT=TELEGRAM_POLLING_CONFLICT_EXTERNAL_PROCESS DETAILS="ETELEGRAM: 409 Conflict: terminated by other getUpdates request; make sure that only one bot instance is running"
[2026-08-13T14:44:02.504Z] PID=13204 EVENT=TELEGRAM_POLLING_CONFLICT_EXTERNAL_PROCESS DETAILS="ETELEGRAM: 409 Conflict: terminated by other getUpdates request; make sure that only one bot instance is running"
[2026-08-13T14:44:09.098Z] PID=8552 EVENT=TELEGRAM_POLLING_CONFLICT_EXTERNAL_PROCESS DETAILS="ETELEGRAM: 409 Conflict: terminated by other getUpdates request; make sure that only one bot instance is running"
[2026-08-13T14:44:12.622Z] PID=13204 EVENT=TELEGRAM_POLLING_CONFLICT_EXTERNAL_PROCESS DETAILS="ETELEGRAM: 409 Conflict: terminated by other getUpdates request; make sure that only one bot instance is running"
[2026-08-13T14:44:20.084Z] PID=8552 EVENT=TELEGRAM_POLLING_CONFLICT_EXTERNAL_PROCESS DETAILS="ETELEGRAM: 409 Conflict: terminated by other getUpdates request; make sure that only one bot instance is running"
[2026-08-13T14:44:23.606Z] PID=13204 EVENT=TELEGRAM_POLLING_CONFLICT_EXTERNAL_PROCESS DETAILS="ETELEGRAM: 409 Conflict: terminated by other getUpdates request; make sure that only one bot instance is running"
[2026-08-13T14:44:29.570Z] PID=8552 EVENT=TELEGRAM_POLLING_CONFLICT_EXTERNAL_PROCESS DETAILS="ETELEGRAM: 409 Conflict: terminated by other getUpdates request; make sure that only one bot instance is running"
[2026-08-13T14:44:33.103Z] PID=13204 EVENT=TELEGRAM_POLLING_CONFLICT_EXTERNAL_PROCESS DETAILS="ETELEGRAM: 409 Conflict: terminated by other getUpdates request; make sure that only one bot instance is running"
[2026-08-13T14:44:38.566Z] PID=8552 EVENT=TELEGRAM_POLLING_CONFLICT_EXTERNAL_PROCESS DETAILS="ETELEGRAM: 409 Conflict: terminated by other getUpdates request; make sure that only one bot instance is running"
[2026-08-13T14:44:42.083Z] PID=13204 EVENT=TELEGRAM_POLLING_CONFLICT_EXTERNAL_PROCESS DETAILS="ETELEGRAM: 409 Conflict: terminated by other getUpdates request; make sure that only one bot instance is running"
[2026-08-13T14:44:47.599Z] PID=8552 EVENT=TELEGRAM_POLLING_CONFLICT_EXTERNAL_PROCESS DETAILS="ETELEGRAM: 409 Conflict: terminated by other getUpdates request; make sure that only one bot instance is running"
[2026-08-13T14:44:51.124Z] PID=13204 EVENT=TELEGRAM_POLLING_CONFLICT_EXTERNAL_PROCESS DETAILS="ETELEGRAM: 409 Conflict: terminated by other getUpdates request; make sure that only one bot instance is running"
[2026-08-13T14:44:56.521Z] PID=8552 EVENT=TELEGRAM_POLLING_CONFLICT_EXTERNAL_PROCESS DETAILS="ETELEGRAM: 409 Conflict: terminated by other getUpdates request; make sure that only one bot instance is running"
[2026-08-13T14:45:00.173Z] PID=13204 EVENT=TELEGRAM_POLLING_CONFLICT_EXTERNAL_PROCESS DETAILS="ETELEGRAM: 409 Conflict: terminated by other getUpdates request; make sure that only one bot instance is running"
[2026-08-13T14:45:06.317Z] PID=8552 EVENT=TELEGRAM_POLLING_CONFLICT_EXTERNAL_PROCESS DETAILS="ETELEGRAM: 409 Conflict: terminated by other getUpdates request; make sure that only one bot instance is running"
[2026-08-13T14:45:09.847Z] PID=13204 EVENT=TELEGRAM_POLLING_CONFLICT_EXTERNAL_PROCESS DETAILS="ETELEGRAM: 409 Conflict: terminated by other getUpdates request; make sure that only one bot instance is running"
[2026-08-13T14:45:15.166Z] PID=8552 EVENT=TELEGRAM_POLLING_CONFLICT_EXTERNAL_PROCESS DETAILS="ETELEGRAM: 409 Conflict: terminated by other getUpdates request; make sure that only one bot instance is running"
[2026-08-13T14:45:18.688Z] PID=13204 EVENT=TELEGRAM_POLLING_CONFLICT_EXTERNAL_PROCESS DETAILS="ETELEGRAM: 409 Conflict: terminated by other getUpdates request; make sure that only one bot instance is running"
[2026-08-13T14:45:24.460Z] PID=8552 EVENT=TELEGRAM_POLLING_CONFLICT_EXTERNAL_PROCESS DETAILS="ETELEGRAM: 409 Conflict: terminated by other getUpdates request; make sure that only one bot instance is running"
[2026-08-13T14:45:27.997Z] PID=13204 EVENT=TELEGRAM_POLLING_CONFLICT_EXTERNAL_PROCESS DETAILS="ETELEGRAM: 409 Conflict: terminated by other getUpdates request; make sure that only one bot instance is running"
[2026-08-13T14:45:34.306Z] PID=8552 EVENT=TELEGRAM_POLLING_CONFLICT_EXTERNAL_PROCESS DETAILS="ETELEGRAM: 409 Conflict: terminated by other getUpdates request; make sure that only one bot instance is running"
[2026-08-13T14:45:37.837Z] PID=13204 EVENT=TELEGRAM_POLLING_CONFLICT_EXTERNAL_PROCESS DETAILS="ETELEGRAM: 409 Conflict: terminated by other getUpdates request; make sure that only one bot instance is running"
[2026-08-13T14:45:43.403Z] PID=8552 EVENT=TELEGRAM_POLLING_CONFLICT_EXTERNAL_PROCESS DETAILS="ETELEGRAM: 409 Conflict: terminated by other getUpdates request; make sure that only one bot instance is running"
[2026-08-13T14:45:46.999Z] PID=13204 EVENT=TELEGRAM_POLLING_CONFLICT_EXTERNAL_PROCESS DETAILS="ETELEGRAM: 409 Conflict: terminated by other getUpdates request; make sure that only one bot instance is running"
[2026-08-13T14:45:52.561Z] PID=8552 EVENT=TELEGRAM_POLLING_CONFLICT_EXTERNAL_PROCESS DETAILS="ETELEGRAM: 409 Conflict: terminated by other getUpdates request; make sure that only one bot instance is running"
[2026-08-13T14:45:56.170Z] PID=13204 EVENT=TELEGRAM_POLLING_CONFLICT_EXTERNAL_PROCESS DETAILS="ETELEGRAM: 409 Conflict: terminated by other getUpdates request; make sure that only one bot instance is running"
[2026-08-13T14:46:01.837Z] PID=8552 EVENT=TELEGRAM_POLLING_CONFLICT_EXTERNAL_PROCESS DETAILS="ETELEGRAM: 409 Conflict: terminated by other getUpdates request; make sure that only one bot instance is running"
[2026-08-13T14:46:05.364Z] PID=13204 EVENT=TELEGRAM_POLLING_CONFLICT_EXTERNAL_PROCESS DETAILS="ETELEGRAM: 409 Conflict: terminated by other getUpdates request; make sure that only one bot instance is running"
[2026-08-13T14:46:11.166Z] PID=8552 EVENT=TELEGRAM_POLLING_CONFLICT_EXTERNAL_PROCESS DETAILS="ETELEGRAM: 409 Conflict: terminated by other getUpdates request; make sure that only one bot instance is running"
[2026-08-13T14:46:14.686Z] PID=13204 EVENT=TELEGRAM_POLLING_CONFLICT_EXTERNAL_PROCESS DETAILS="ETELEGRAM: 409 Conflict: terminated by other getUpdates request; make sure that only one bot instance is running"
[2026-08-13T14:46:20.854Z] PID=8552 EVENT=TELEGRAM_POLLING_CONFLICT_EXTERNAL_PROCESS DETAILS="ETELEGRAM: 409 Conflict: terminated by other getUpdates request; make sure that only one bot instance is running"
[2026-08-13T14:46:24.363Z] PID=13204 EVENT=TELEGRAM_POLLING_CONFLICT_EXTERNAL_PROCESS DETAILS="ETELEGRAM: 409 Conflict: terminated by other getUpdates request; make sure that only one bot instance is running"
[2026-08-13T14:46:29.957Z] PID=8552 EVENT=TELEGRAM_POLLING_CONFLICT_EXTERNAL_PROCESS DETAILS="ETELEGRAM: 409 Conflict: terminated by other getUpdates request; make sure that only one bot instance is running"
[2026-08-13T14:46:33.489Z] PID=13204 EVENT=TELEGRAM_POLLING_CONFLICT_EXTERNAL_PROCESS DETAILS="ETELEGRAM: 409 Conflict: terminated by other getUpdates request; make sure that only one bot instance is running"
[2026-08-13T14:46:39.541Z] PID=8552 EVENT=TELEGRAM_POLLING_CONFLICT_EXTERNAL_PROCESS DETAILS="ETELEGRAM: 409 Conflict: terminated by other getUpdates request; make sure that only one bot instance is running"
[2026-08-13T14:46:43.047Z] PID=13204 EVENT=TELEGRAM_POLLING_CONFLICT_EXTERNAL_PROCESS DETAILS="ETELEGRAM: 409 Conflict: terminated by other getUpdates request; make sure that only one bot instance is running"
[2026-08-13T14:46:48.604Z] PID=8552 EVENT=TELEGRAM_POLLING_CONFLICT_EXTERNAL_PROCESS DETAILS="ETELEGRAM: 409 Conflict: terminated by other getUpdates request; make sure that only one bot instance is running"
[2026-08-13T14:46:52.170Z] PID=13204 EVENT=TELEGRAM_POLLING_CONFLICT_EXTERNAL_PROCESS DETAILS="ETELEGRAM: 409 Conflict: terminated by other getUpdates request; make sure that only one bot instance is running"
[2026-08-13T14:46:57.560Z] PID=8552 EVENT=TELEGRAM_POLLING_CONFLICT_EXTERNAL_PROCESS DETAILS="ETELEGRAM: 409 Conflict: terminated by other getUpdates request; make sure that only one bot instance is running"
[2026-08-13T14:47:01.079Z] PID=13204 EVENT=TELEGRAM_POLLING_CONFLICT_EXTERNAL_PROCESS DETAILS="ETELEGRAM: 409 Conflict: terminated by other getUpdates request; make sure that only one bot instance is running"
[2026-08-13T14:47:06.442Z] PID=8552 EVENT=TELEGRAM_POLLING_CONFLICT_EXTERNAL_PROCESS DETAILS="ETELEGRAM: 409 Conflict: terminated by other getUpdates request; make sure that only one bot instance is running"
[2026-08-13T14:47:09.969Z] PID=13204 EVENT=TELEGRAM_POLLING_CONFLICT_EXTERNAL_PROCESS DETAILS="ETELEGRAM: 409 Conflict: terminated by other getUpdates request; make sure that only one bot instance is running"
[2026-08-13T14:47:15.262Z] PID=8552 EVENT=TELEGRAM_POLLING_CONFLICT_EXTERNAL_PROCESS DETAILS="ETELEGRAM: 409 Conflict: terminated by other getUpdates request; make sure that only one bot instance is running"
[2026-08-13T14:47:18.768Z] PID=13204 EVENT=TELEGRAM_POLLING_CONFLICT_EXTERNAL_PROCESS DETAILS="ETELEGRAM: 409 Conflict: terminated by other getUpdates request; make sure that only one bot instance is running"
[2026-08-13T14:47:24.133Z] PID=8552 EVENT=TELEGRAM_POLLING_CONFLICT_EXTERNAL_PROCESS DETAILS="ETELEGRAM: 409 Conflict: terminated by other getUpdates request; make sure that only one bot instance is running"
[2026-08-13T14:47:27.646Z] PID=13204 EVENT=TELEGRAM_POLLING_CONFLICT_EXTERNAL_PROCESS DETAILS="ETELEGRAM: 409 Conflict: terminated by other getUpdates request; make sure that only one bot instance is running"
[2026-08-13T14:47:33.030Z] PID=8552 EVENT=TELEGRAM_POLLING_CONFLICT_EXTERNAL_PROCESS DETAILS="ETELEGRAM: 409 Conflict: terminated by other getUpdates request; make sure that only one bot instance is running"
[2026-08-13T14:47:36.835Z] PID=13204 EVENT=TELEGRAM_POLLING_CONFLICT_EXTERNAL_PROCESS DETAILS="ETELEGRAM: 409 Conflict: terminated by other getUpdates request; make sure that only one bot instance is running"
[2026-08-13T14:47:42.341Z] PID=8552 EVENT=TELEGRAM_POLLING_CONFLICT_EXTERNAL_PROCESS DETAILS="ETELEGRAM: 409 Conflict: terminated by other getUpdates request; make sure that only one bot instance is running"
[2026-08-13T14:47:45.884Z] PID=13204 EVENT=TELEGRAM_POLLING_CONFLICT_EXTERNAL_PROCESS DETAILS="ETELEGRAM: 409 Conflict: terminated by other getUpdates request; make sure that only one bot instance is running"
[2026-08-13T14:47:51.575Z] PID=8552 EVENT=TELEGRAM_POLLING_CONFLICT_EXTERNAL_PROCESS DETAILS="ETELEGRAM: 409 Conflict: terminated by other getUpdates request; make sure that only one bot instance is running"
[2026-08-13T14:47:55.095Z] PID=13204 EVENT=TELEGRAM_POLLING_CONFLICT_EXTERNAL_PROCESS DETAILS="ETELEGRAM: 409 Conflict: terminated by other getUpdates request; make sure that only one bot instance is running"
[2026-08-13T14:48:01.024Z] PID=8552 EVENT=TELEGRAM_POLLING_CONFLICT_EXTERNAL_PROCESS DETAILS="ETELEGRAM: 409 Conflict: terminated by other getUpdates request; make sure that only one bot instance is running"
[2026-08-13T14:48:04.546Z] PID=13204 EVENT=TELEGRAM_POLLING_CONFLICT_EXTERNAL_PROCESS DETAILS="ETELEGRAM: 409 Conflict: terminated by other getUpdates request; make sure that only one bot instance is running"
[2026-08-13T14:48:10.835Z] PID=8552 EVENT=TELEGRAM_POLLING_CONFLICT_EXTERNAL_PROCESS DETAILS="ETELEGRAM: 409 Conflict: terminated by other getUpdates request; make sure that only one bot instance is running"
[2026-08-13T14:48:14.357Z] PID=13204 EVENT=TELEGRAM_POLLING_CONFLICT_EXTERNAL_PROCESS DETAILS="ETELEGRAM: 409 Conflict: terminated by other getUpdates request; make sure that only one bot instance is running"
[2026-08-13T14:48:19.739Z] PID=8552 EVENT=TELEGRAM_POLLING_CONFLICT_EXTERNAL_PROCESS DETAILS="ETELEGRAM: 409 Conflict: terminated by other getUpdates request; make sure that only one bot instance is running"
[2026-08-13T14:48:23.305Z] PID=13204 EVENT=TELEGRAM_POLLING_CONFLICT_EXTERNAL_PROCESS DETAILS="ETELEGRAM: 409 Conflict: terminated by other getUpdates request; make sure that only one bot instance is running"
[2026-08-13T14:48:28.604Z] PID=8552 EVENT=TELEGRAM_POLLING_CONFLICT_EXTERNAL_PROCESS DETAILS="ETELEGRAM: 409 Conflict: terminated by other getUpdates request; make sure that only one bot instance is running"
[2026-08-13T14:48:32.130Z] PID=13204 EVENT=TELEGRAM_POLLING_CONFLICT_EXTERNAL_PROCESS DETAILS="ETELEGRAM: 409 Conflict: terminated by other getUpdates request; make sure that only one bot instance is running"
[2026-08-13T14:48:37.752Z] PID=8552 EVENT=TELEGRAM_POLLING_CONFLICT_EXTERNAL_PROCESS DETAILS="ETELEGRAM: 409 Conflict: terminated by other getUpdates request; make sure that only one bot instance is running"
[2026-08-13T14:48:41.272Z] PID=13204 EVENT=TELEGRAM_POLLING_CONFLICT_EXTERNAL_PROCESS DETAILS="ETELEGRAM: 409 Conflict: terminated by other getUpdates request; make sure that only one bot instance is running"
[2026-08-13T14:48:47.455Z] PID=8552 EVENT=TELEGRAM_POLLING_CONFLICT_EXTERNAL_PROCESS DETAILS="ETELEGRAM: 409 Conflict: terminated by other getUpdates request; make sure that only one bot instance is running"
[2026-08-13T14:48:51.263Z] PID=13204 EVENT=TELEGRAM_POLLING_CONFLICT_EXTERNAL_PROCESS DETAILS="ETELEGRAM: 409 Conflict: terminated by other getUpdates request; make sure that only one bot instance is running"
[2026-08-13T14:48:56.615Z] PID=8552 EVENT=TELEGRAM_POLLING_CONFLICT_EXTERNAL_PROCESS DETAILS="ETELEGRAM: 409 Conflict: terminated by other getUpdates request; make sure that only one bot instance is running"
[2026-08-13T14:49:00.146Z] PID=13204 EVENT=TELEGRAM_POLLING_CONFLICT_EXTERNAL_PROCESS DETAILS="ETELEGRAM: 409 Conflict: terminated by other getUpdates request; make sure that only one bot instance is running"
[2026-08-13T14:49:05.391Z] PID=8552 EVENT=TELEGRAM_POLLING_CONFLICT_EXTERNAL_PROCESS DETAILS="ETELEGRAM: 409 Conflict: terminated by other getUpdates request; make sure that only one bot instance is running"
[2026-08-13T14:49:08.928Z] PID=13204 EVENT=TELEGRAM_POLLING_CONFLICT_EXTERNAL_PROCESS DETAILS="ETELEGRAM: 409 Conflict: terminated by other getUpdates request; make sure that only one bot instance is running"
[2026-08-13T14:49:14.476Z] PID=8552 EVENT=TELEGRAM_POLLING_CONFLICT_EXTERNAL_PROCESS DETAILS="ETELEGRAM: 409 Conflict: terminated by other getUpdates request; make sure that only one bot instance is running"
[2026-08-13T14:49:18.000Z] PID=13204 EVENT=TELEGRAM_POLLING_CONFLICT_EXTERNAL_PROCESS DETAILS="ETELEGRAM: 409 Conflict: terminated by other getUpdates request; make sure that only one bot instance is running"
[2026-08-13T14:49:23.470Z] PID=8552 EVENT=TELEGRAM_POLLING_CONFLICT_EXTERNAL_PROCESS DETAILS="ETELEGRAM: 409 Conflict: terminated by other getUpdates request; make sure that only one bot instance is running"
[2026-08-13T14:49:26.978Z] PID=13204 EVENT=TELEGRAM_POLLING_CONFLICT_EXTERNAL_PROCESS DETAILS="ETELEGRAM: 409 Conflict: terminated by other getUpdates request; make sure that only one bot instance is running"
[2026-08-13T14:49:33.456Z] PID=8552 EVENT=TELEGRAM_POLLING_CONFLICT_EXTERNAL_PROCESS DETAILS="ETELEGRAM: 409 Conflict: terminated by other getUpdates request; make sure that only one bot instance is running"
[2026-08-13T14:49:36.997Z] PID=13204 EVENT=TELEGRAM_POLLING_CONFLICT_EXTERNAL_PROCESS DETAILS="ETELEGRAM: 409 Conflict: terminated by other getUpdates request; make sure that only one bot instance is running"
[2026-08-13T14:49:42.251Z] PID=8552 EVENT=TELEGRAM_POLLING_CONFLICT_EXTERNAL_PROCESS DETAILS="ETELEGRAM: 409 Conflict: terminated by other getUpdates request; make sure that only one bot instance is running"
[2026-08-13T14:49:45.764Z] PID=13204 EVENT=TELEGRAM_POLLING_CONFLICT_EXTERNAL_PROCESS DETAILS="ETELEGRAM: 409 Conflict: terminated by other getUpdates request; make sure that only one bot instance is running"
[2026-08-13T14:49:51.463Z] PID=8552 EVENT=TELEGRAM_POLLING_CONFLICT_EXTERNAL_PROCESS DETAILS="ETELEGRAM: 409 Conflict: terminated by other getUpdates request; make sure that only one bot instance is running"
[2026-08-13T14:49:55.003Z] PID=13204 EVENT=TELEGRAM_POLLING_CONFLICT_EXTERNAL_PROCESS DETAILS="ETELEGRAM: 409 Conflict: terminated by other getUpdates request; make sure that only one bot instance is running"
[2026-08-13T14:50:01.239Z] PID=8552 EVENT=TELEGRAM_POLLING_CONFLICT_EXTERNAL_PROCESS DETAILS="ETELEGRAM: 409 Conflict: terminated by other getUpdates request; make sure that only one bot instance is running"
[2026-08-13T14:50:04.877Z] PID=13204 EVENT=TELEGRAM_POLLING_CONFLICT_EXTERNAL_PROCESS DETAILS="ETELEGRAM: 409 Conflict: terminated by other getUpdates request; make sure that only one bot instance is running"
[2026-08-13T14:50:10.280Z] PID=8552 EVENT=TELEGRAM_POLLING_CONFLICT_EXTERNAL_PROCESS DETAILS="ETELEGRAM: 409 Conflict: terminated by other getUpdates request; make sure that only one bot instance is running"
[2026-08-13T14:50:13.939Z] PID=13204 EVENT=TELEGRAM_POLLING_CONFLICT_EXTERNAL_PROCESS DETAILS="ETELEGRAM: 409 Conflict: terminated by other getUpdates request; make sure that only one bot instance is running"
[2026-08-13T14:50:20.095Z] PID=8552 EVENT=TELEGRAM_POLLING_CONFLICT_EXTERNAL_PROCESS DETAILS="ETELEGRAM: 409 Conflict: terminated by other getUpdates request; make sure that only one bot instance is running"
[2026-08-13T14:50:23.612Z] PID=13204 EVENT=TELEGRAM_POLLING_CONFLICT_EXTERNAL_PROCESS DETAILS="ETELEGRAM: 409 Conflict: terminated by other getUpdates request; make sure that only one bot instance is running"
[2026-08-13T14:50:29.041Z] PID=8552 EVENT=TELEGRAM_POLLING_CONFLICT_EXTERNAL_PROCESS DETAILS="ETELEGRAM: 409 Conflict: terminated by other getUpdates request; make sure that only one bot instance is running"
[2026-08-13T14:50:32.561Z] PID=13204 EVENT=TELEGRAM_POLLING_CONFLICT_EXTERNAL_PROCESS DETAILS="ETELEGRAM: 409 Conflict: terminated by other getUpdates request; make sure that only one bot instance is running"
[2026-08-13T14:50:38.945Z] PID=8552 EVENT=TELEGRAM_POLLING_CONFLICT_EXTERNAL_PROCESS DETAILS="ETELEGRAM: 409 Conflict: terminated by other getUpdates request; make sure that only one bot instance is running"
[2026-08-13T14:50:42.459Z] PID=13204 EVENT=TELEGRAM_POLLING_CONFLICT_EXTERNAL_PROCESS DETAILS="ETELEGRAM: 409 Conflict: terminated by other getUpdates request; make sure that only one bot instance is running"
[2026-08-13T14:50:47.859Z] PID=8552 EVENT=TELEGRAM_POLLING_CONFLICT_EXTERNAL_PROCESS DETAILS="ETELEGRAM: 409 Conflict: terminated by other getUpdates request; make sure that only one bot instance is running"
[2026-08-13T14:50:51.470Z] PID=13204 EVENT=TELEGRAM_POLLING_CONFLICT_EXTERNAL_PROCESS DETAILS="ETELEGRAM: 409 Conflict: terminated by other getUpdates request; make sure that only one bot instance is running"
[2026-08-13T14:50:57.115Z] PID=8552 EVENT=TELEGRAM_POLLING_CONFLICT_EXTERNAL_PROCESS DETAILS="ETELEGRAM: 409 Conflict: terminated by other getUpdates request; make sure that only one bot instance is running"
[2026-08-13T14:51:00.620Z] PID=13204 EVENT=TELEGRAM_POLLING_CONFLICT_EXTERNAL_PROCESS DETAILS="ETELEGRAM: 409 Conflict: terminated by other getUpdates request; make sure that only one bot instance is running"
[2026-08-13T14:51:06.755Z] PID=8552 EVENT=TELEGRAM_POLLING_CONFLICT_EXTERNAL_PROCESS DETAILS="ETELEGRAM: 409 Conflict: terminated by other getUpdates request; make sure that only one bot instance is running"
[2026-08-13T14:51:10.280Z] PID=13204 EVENT=TELEGRAM_POLLING_CONFLICT_EXTERNAL_PROCESS DETAILS="ETELEGRAM: 409 Conflict: terminated by other getUpdates request; make sure that only one bot instance is running"
[2026-08-13T14:51:15.603Z] PID=8552 EVENT=TELEGRAM_POLLING_CONFLICT_EXTERNAL_PROCESS DETAILS="ETELEGRAM: 409 Conflict: terminated by other getUpdates request; make sure that only one bot instance is running"
[2026-08-13T14:51:19.150Z] PID=13204 EVENT=TELEGRAM_POLLING_CONFLICT_EXTERNAL_PROCESS DETAILS="ETELEGRAM: 409 Conflict: terminated by other getUpdates request; make sure that only one bot instance is running"
[2026-08-13T14:51:24.920Z] PID=8552 EVENT=TELEGRAM_POLLING_CONFLICT_EXTERNAL_PROCESS DETAILS="ETELEGRAM: 409 Conflict: terminated by other getUpdates request; make sure that only one bot instance is running"
[2026-08-13T14:51:28.750Z] PID=13204 EVENT=TELEGRAM_POLLING_CONFLICT_EXTERNAL_PROCESS DETAILS="ETELEGRAM: 409 Conflict: terminated by other getUpdates request; make sure that only one bot instance is running"
[2026-08-13T14:51:38.931Z] PID=8552 EVENT=TELEGRAM_POLLING_CONFLICT_EXTERNAL_PROCESS DETAILS="ETELEGRAM: 409 Conflict: terminated by other getUpdates request; make sure that only one bot instance is running"
[2026-08-13T14:51:42.741Z] PID=13204 EVENT=TELEGRAM_POLLING_CONFLICT_EXTERNAL_PROCESS DETAILS="ETELEGRAM: 409 Conflict: terminated by other getUpdates request; make sure that only one bot instance is running"
[2026-08-13T14:51:48.462Z] PID=8552 EVENT=TELEGRAM_POLLING_CONFLICT_EXTERNAL_PROCESS DETAILS="ETELEGRAM: 409 Conflict: terminated by other getUpdates request; make sure that only one bot instance is running"
[2026-08-13T14:51:52.228Z] PID=13204 EVENT=TELEGRAM_POLLING_CONFLICT_EXTERNAL_PROCESS DETAILS="ETELEGRAM: 409 Conflict: terminated by other getUpdates request; make sure that only one bot instance is running"
[2026-08-13T14:51:58.597Z] PID=8552 EVENT=TELEGRAM_POLLING_CONFLICT_EXTERNAL_PROCESS DETAILS="ETELEGRAM: 409 Conflict: terminated by other getUpdates request; make sure that only one bot instance is running"
[2026-08-13T14:52:02.123Z] PID=13204 EVENT=TELEGRAM_POLLING_CONFLICT_EXTERNAL_PROCESS DETAILS="ETELEGRAM: 409 Conflict: terminated by other getUpdates request; make sure that only one bot instance is running"
[2026-08-13T14:52:08.204Z] PID=8552 EVENT=TELEGRAM_POLLING_CONFLICT_EXTERNAL_PROCESS DETAILS="ETELEGRAM: 409 Conflict: terminated by other getUpdates request; make sure that only one bot instance is running"
[2026-08-13T14:52:11.708Z] PID=13204 EVENT=TELEGRAM_POLLING_CONFLICT_EXTERNAL_PROCESS DETAILS="ETELEGRAM: 409 Conflict: terminated by other getUpdates request; make sure that only one bot instance is running"
[2026-08-13T14:52:17.520Z] PID=8552 EVENT=TELEGRAM_POLLING_CONFLICT_EXTERNAL_PROCESS DETAILS="ETELEGRAM: 409 Conflict: terminated by other getUpdates request; make sure that only one bot instance is running"
[2026-08-13T14:52:21.038Z] PID=13204 EVENT=TELEGRAM_POLLING_CONFLICT_EXTERNAL_PROCESS DETAILS="ETELEGRAM: 409 Conflict: terminated by other getUpdates request; make sure that only one bot instance is running"
[2026-08-13T14:52:29.779Z] PID=8552 EVENT=TELEGRAM_POLLING_CONFLICT_EXTERNAL_PROCESS DETAILS="ETELEGRAM: 409 Conflict: terminated by other getUpdates request; make sure that only one bot instance is running"
[2026-08-13T14:52:33.459Z] PID=13204 EVENT=TELEGRAM_POLLING_CONFLICT_EXTERNAL_PROCESS DETAILS="ETELEGRAM: 409 Conflict: terminated by other getUpdates request; make sure that only one bot instance is running"
[2026-08-13T14:52:43.430Z] PID=8552 EVENT=TELEGRAM_POLLING_CONFLICT_EXTERNAL_PROCESS DETAILS="ETELEGRAM: 409 Conflict: terminated by other getUpdates request; make sure that only one bot instance is running"
[2026-08-13T14:52:47.003Z] PID=13204 EVENT=TELEGRAM_POLLING_CONFLICT_EXTERNAL_PROCESS DETAILS="ETELEGRAM: 409 Conflict: terminated by other getUpdates request; make sure that only one bot instance is running"
[2026-08-13T14:52:52.130Z] PID=8552 EVENT=TELEGRAM_POLLING_CONFLICT_EXTERNAL_PROCESS DETAILS="ETELEGRAM: 409 Conflict: terminated by other getUpdates request; make sure that only one bot instance is running"
[2026-08-13T14:52:55.608Z] PID=13204 EVENT=TELEGRAM_POLLING_CONFLICT_EXTERNAL_PROCESS DETAILS="ETELEGRAM: 409 Conflict: terminated by other getUpdates request; make sure that only one bot instance is running"
[2026-08-13T14:53:01.038Z] PID=8552 EVENT=TELEGRAM_POLLING_CONFLICT_EXTERNAL_PROCESS DETAILS="ETELEGRAM: 409 Conflict: terminated by other getUpdates request; make sure that only one bot instance is running"
[2026-08-13T14:53:04.508Z] PID=13204 EVENT=TELEGRAM_POLLING_CONFLICT_EXTERNAL_PROCESS DETAILS="ETELEGRAM: 409 Conflict: terminated by other getUpdates request; make sure that only one bot instance is running"
[2026-08-13T14:53:10.306Z] PID=8552 EVENT=TELEGRAM_POLLING_CONFLICT_EXTERNAL_PROCESS DETAILS="ETELEGRAM: 409 Conflict: terminated by other getUpdates request; make sure that only one bot instance is running"
[2026-08-13T14:53:13.809Z] PID=13204 EVENT=TELEGRAM_POLLING_CONFLICT_EXTERNAL_PROCESS DETAILS="ETELEGRAM: 409 Conflict: terminated by other getUpdates request; make sure that only one bot instance is running"
[2026-08-13T14:53:23.079Z] PID=8552 EVENT=TELEGRAM_POLLING_CONFLICT_EXTERNAL_PROCESS DETAILS="ETELEGRAM: 409 Conflict: terminated by other getUpdates request; make sure that only one bot instance is running"
[2026-08-13T14:53:26.602Z] PID=13204 EVENT=TELEGRAM_POLLING_CONFLICT_EXTERNAL_PROCESS DETAILS="ETELEGRAM: 409 Conflict: terminated by other getUpdates request; make sure that only one bot instance is running"
[2026-08-13T14:53:32.068Z] PID=8552 EVENT=TELEGRAM_POLLING_CONFLICT_EXTERNAL_PROCESS DETAILS="ETELEGRAM: 409 Conflict: terminated by other getUpdates request; make sure that only one bot instance is running"
[2026-08-13T14:53:35.648Z] PID=13204 EVENT=TELEGRAM_POLLING_CONFLICT_EXTERNAL_PROCESS DETAILS="ETELEGRAM: 409 Conflict: terminated by other getUpdates request; make sure that only one bot instance is running"
[2026-08-13T14:53:47.357Z] PID=8552 EVENT=TELEGRAM_POLLING_CONFLICT_EXTERNAL_PROCESS DETAILS="ETELEGRAM: 409 Conflict: terminated by other getUpdates request; make sure that only one bot instance is running"
[2026-08-13T14:53:50.920Z] PID=13204 EVENT=TELEGRAM_POLLING_CONFLICT_EXTERNAL_PROCESS DETAILS="ETELEGRAM: 409 Conflict: terminated by other getUpdates request; make sure that only one bot instance is running"
[2026-08-13T14:53:56.281Z] PID=8552 EVENT=TELEGRAM_POLLING_CONFLICT_EXTERNAL_PROCESS DETAILS="ETELEGRAM: 409 Conflict: terminated by other getUpdates request; make sure that only one bot instance is running"
[2026-08-13T14:53:59.811Z] PID=13204 EVENT=TELEGRAM_POLLING_CONFLICT_EXTERNAL_PROCESS DETAILS="ETELEGRAM: 409 Conflict: terminated by other getUpdates request; make sure that only one bot instance is running"
[2026-08-13T14:54:05.480Z] PID=8552 EVENT=TELEGRAM_POLLING_CONFLICT_EXTERNAL_PROCESS DETAILS="ETELEGRAM: 409 Conflict: terminated by other getUpdates request; make sure that only one bot instance is running"
[2026-08-13T14:54:08.994Z] PID=13204 EVENT=TELEGRAM_POLLING_CONFLICT_EXTERNAL_PROCESS DETAILS="ETELEGRAM: 409 Conflict: terminated by other getUpdates request; make sure that only one bot instance is running"
[2026-08-13T14:54:14.774Z] PID=8552 EVENT=TELEGRAM_POLLING_CONFLICT_EXTERNAL_PROCESS DETAILS="ETELEGRAM: 409 Conflict: terminated by other getUpdates request; make sure that only one bot instance is running"
[2026-08-13T14:54:18.275Z] PID=13204 EVENT=TELEGRAM_POLLING_CONFLICT_EXTERNAL_PROCESS DETAILS="ETELEGRAM: 409 Conflict: terminated by other getUpdates request; make sure that only one bot instance is running"
[2026-08-13T14:54:24.104Z] PID=8552 EVENT=TELEGRAM_POLLING_CONFLICT_EXTERNAL_PROCESS DETAILS="ETELEGRAM: 409 Conflict: terminated by other getUpdates request; make sure that only one bot instance is running"
[2026-08-13T14:54:27.584Z] PID=13204 EVENT=TELEGRAM_POLLING_CONFLICT_EXTERNAL_PROCESS DETAILS="ETELEGRAM: 409 Conflict: terminated by other getUpdates request; make sure that only one bot instance is running"
[2026-08-13T14:54:33.322Z] PID=8552 EVENT=TELEGRAM_POLLING_CONFLICT_EXTERNAL_PROCESS DETAILS="ETELEGRAM: 409 Conflict: terminated by other getUpdates request; make sure that only one bot instance is running"
[2026-08-13T14:54:36.827Z] PID=13204 EVENT=TELEGRAM_POLLING_CONFLICT_EXTERNAL_PROCESS DETAILS="ETELEGRAM: 409 Conflict: terminated by other getUpdates request; make sure that only one bot instance is running"
[2026-08-13T14:54:46.441Z] PID=8552 EVENT=TELEGRAM_POLLING_CONFLICT_EXTERNAL_PROCESS DETAILS="ETELEGRAM: 409 Conflict: terminated by other getUpdates request; make sure that only one bot instance is running"
[2026-08-13T14:54:46.968Z] PID=13204 EVENT=TELEGRAM_POLLING_CONFLICT_EXTERNAL_PROCESS DETAILS="ETELEGRAM: 409 Conflict: terminated by other getUpdates request; make sure that only one bot instance is running"
[2026-08-13T14:54:55.561Z] PID=8552 EVENT=TELEGRAM_POLLING_CONFLICT_EXTERNAL_PROCESS DETAILS="ETELEGRAM: 409 Conflict: terminated by other getUpdates request; make sure that only one bot instance is running"
[2026-08-13T14:54:56.062Z] PID=13204 EVENT=TELEGRAM_POLLING_CONFLICT_EXTERNAL_PROCESS DETAILS="ETELEGRAM: 409 Conflict: terminated by other getUpdates request; make sure that only one bot instance is running"
[2026-08-13T14:55:06.571Z] PID=8552 EVENT=TELEGRAM_POLLING_CONFLICT_EXTERNAL_PROCESS DETAILS="ETELEGRAM: 409 Conflict: terminated by other getUpdates request; make sure that only one bot instance is running"
[2026-08-13T14:55:07.097Z] PID=13204 EVENT=TELEGRAM_POLLING_CONFLICT_EXTERNAL_PROCESS DETAILS="ETELEGRAM: 409 Conflict: terminated by other getUpdates request; make sure that only one bot instance is running"
[2026-08-13T14:55:18.762Z] PID=8552 EVENT=TELEGRAM_POLLING_CONFLICT_EXTERNAL_PROCESS DETAILS="ETELEGRAM: 409 Conflict: terminated by other getUpdates request; make sure that only one bot instance is running"
[2026-08-13T14:55:22.283Z] PID=13204 EVENT=TELEGRAM_POLLING_CONFLICT_EXTERNAL_PROCESS DETAILS="ETELEGRAM: 409 Conflict: terminated by other getUpdates request; make sure that only one bot instance is running"
[2026-08-13T14:55:27.647Z] PID=8552 EVENT=TELEGRAM_POLLING_CONFLICT_EXTERNAL_PROCESS DETAILS="ETELEGRAM: 409 Conflict: terminated by other getUpdates request; make sure that only one bot instance is running"
[2026-08-13T14:55:31.158Z] PID=13204 EVENT=TELEGRAM_POLLING_CONFLICT_EXTERNAL_PROCESS DETAILS="ETELEGRAM: 409 Conflict: terminated by other getUpdates request; make sure that only one bot instance is running"
[2026-08-13T14:55:38.210Z] PID=8552 EVENT=TELEGRAM_POLLING_CONFLICT_EXTERNAL_PROCESS DETAILS="ETELEGRAM: 409 Conflict: terminated by other getUpdates request; make sure that only one bot instance is running"
[2026-08-13T14:55:41.770Z] PID=13204 EVENT=TELEGRAM_POLLING_CONFLICT_EXTERNAL_PROCESS DETAILS="ETELEGRAM: 409 Conflict: terminated by other getUpdates request; make sure that only one bot instance is running"
[2026-08-13T14:55:50.205Z] PID=8552 EVENT=TELEGRAM_POLLING_CONFLICT_EXTERNAL_PROCESS DETAILS="ETELEGRAM: 409 Conflict: terminated by other getUpdates request; make sure that only one bot instance is running"
[2026-08-13T14:55:54.045Z] PID=13204 EVENT=TELEGRAM_POLLING_CONFLICT_EXTERNAL_PROCESS DETAILS="ETELEGRAM: 409 Conflict: terminated by other getUpdates request; make sure that only one bot instance is running"
[2026-08-13T14:55:59.157Z] PID=8552 EVENT=TELEGRAM_POLLING_CONFLICT_EXTERNAL_PROCESS DETAILS="ETELEGRAM: 409 Conflict: terminated by other getUpdates request; make sure that only one bot instance is running"
[2026-08-13T14:56:02.804Z] PID=13204 EVENT=TELEGRAM_POLLING_CONFLICT_EXTERNAL_PROCESS DETAILS="ETELEGRAM: 409 Conflict: terminated by other getUpdates request; make sure that only one bot instance is running"
[2026-08-13T14:56:08.040Z] PID=8552 EVENT=TELEGRAM_POLLING_CONFLICT_EXTERNAL_PROCESS DETAILS="ETELEGRAM: 409 Conflict: terminated by other getUpdates request; make sure that only one bot instance is running"
[2026-08-13T14:56:11.551Z] PID=13204 EVENT=TELEGRAM_POLLING_CONFLICT_EXTERNAL_PROCESS DETAILS="ETELEGRAM: 409 Conflict: terminated by other getUpdates request; make sure that only one bot instance is running"
[2026-08-13T14:56:17.373Z] PID=8552 EVENT=TELEGRAM_POLLING_CONFLICT_EXTERNAL_PROCESS DETAILS="ETELEGRAM: 409 Conflict: terminated by other getUpdates request; make sure that only one bot instance is running"
[2026-08-13T14:56:20.878Z] PID=13204 EVENT=TELEGRAM_POLLING_CONFLICT_EXTERNAL_PROCESS DETAILS="ETELEGRAM: 409 Conflict: terminated by other getUpdates request; make sure that only one bot instance is running"
[2026-08-13T14:56:26.114Z] PID=8552 EVENT=TELEGRAM_POLLING_CONFLICT_EXTERNAL_PROCESS DETAILS="ETELEGRAM: 409 Conflict: terminated by other getUpdates request; make sure that only one bot instance is running"
[2026-08-13T14:56:29.651Z] PID=13204 EVENT=TELEGRAM_POLLING_CONFLICT_EXTERNAL_PROCESS DETAILS="ETELEGRAM: 409 Conflict: terminated by other getUpdates request; make sure that only one bot instance is running"
[2026-08-13T14:56:35.090Z] PID=8552 EVENT=TELEGRAM_POLLING_CONFLICT_EXTERNAL_PROCESS DETAILS="ETELEGRAM: 409 Conflict: terminated by other getUpdates request; make sure that only one bot instance is running"
[2026-08-13T14:56:38.602Z] PID=13204 EVENT=TELEGRAM_POLLING_CONFLICT_EXTERNAL_PROCESS DETAILS="ETELEGRAM: 409 Conflict: terminated by other getUpdates request; make sure that only one bot instance is running"
[2026-08-13T14:56:43.851Z] PID=8552 EVENT=TELEGRAM_POLLING_CONFLICT_EXTERNAL_PROCESS DETAILS="ETELEGRAM: 409 Conflict: terminated by other getUpdates request; make sure that only one bot instance is running"
[2026-08-13T14:56:47.375Z] PID=13204 EVENT=TELEGRAM_POLLING_CONFLICT_EXTERNAL_PROCESS DETAILS="ETELEGRAM: 409 Conflict: terminated by other getUpdates request; make sure that only one bot instance is running"
[2026-08-13T14:56:52.778Z] PID=8552 EVENT=TELEGRAM_POLLING_CONFLICT_EXTERNAL_PROCESS DETAILS="ETELEGRAM: 409 Conflict: terminated by other getUpdates request; make sure that only one bot instance is running"
[2026-08-13T14:56:56.305Z] PID=13204 EVENT=TELEGRAM_POLLING_CONFLICT_EXTERNAL_PROCESS DETAILS="ETELEGRAM: 409 Conflict: terminated by other getUpdates request; make sure that only one bot instance is running"
[2026-08-13T14:57:01.778Z] PID=8552 EVENT=TELEGRAM_POLLING_CONFLICT_EXTERNAL_PROCESS DETAILS="ETELEGRAM: 409 Conflict: terminated by other getUpdates request; make sure that only one bot instance is running"
[2026-08-13T14:57:05.329Z] PID=13204 EVENT=TELEGRAM_POLLING_CONFLICT_EXTERNAL_PROCESS DETAILS="ETELEGRAM: 409 Conflict: terminated by other getUpdates request; make sure that only one bot instance is running"
[2026-08-13T14:57:10.749Z] PID=8552 EVENT=TELEGRAM_POLLING_CONFLICT_EXTERNAL_PROCESS DETAILS="ETELEGRAM: 409 Conflict: terminated by other getUpdates request; make sure that only one bot instance is running"
[2026-08-13T14:57:14.237Z] PID=13204 EVENT=TELEGRAM_POLLING_CONFLICT_EXTERNAL_PROCESS DETAILS="ETELEGRAM: 409 Conflict: terminated by other getUpdates request; make sure that only one bot instance is running"
[2026-08-13T14:57:19.884Z] PID=8552 EVENT=TELEGRAM_POLLING_CONFLICT_EXTERNAL_PROCESS DETAILS="ETELEGRAM: 409 Conflict: terminated by other getUpdates request; make sure that only one bot instance is running"
[2026-08-13T14:57:23.404Z] PID=13204 EVENT=TELEGRAM_POLLING_CONFLICT_EXTERNAL_PROCESS DETAILS="ETELEGRAM: 409 Conflict: terminated by other getUpdates request; make sure that only one bot instance is running"
[2026-08-13T14:57:30.816Z] PID=8552 EVENT=TELEGRAM_POLLING_CONFLICT_EXTERNAL_PROCESS DETAILS="ETELEGRAM: 409 Conflict: terminated by other getUpdates request; make sure that only one bot instance is running"
[2026-08-13T14:57:34.445Z] PID=13204 EVENT=TELEGRAM_POLLING_CONFLICT_EXTERNAL_PROCESS DETAILS="ETELEGRAM: 409 Conflict: terminated by other getUpdates request; make sure that only one bot instance is running"
[2026-08-13T14:57:40.381Z] PID=8552 EVENT=TELEGRAM_POLLING_CONFLICT_EXTERNAL_PROCESS DETAILS="ETELEGRAM: 409 Conflict: terminated by other getUpdates request; make sure that only one bot instance is running"
[2026-08-13T14:57:43.898Z] PID=13204 EVENT=TELEGRAM_POLLING_CONFLICT_EXTERNAL_PROCESS DETAILS="ETELEGRAM: 409 Conflict: terminated by other getUpdates request; make sure that only one bot instance is running"
[2026-08-13T14:57:49.324Z] PID=8552 EVENT=TELEGRAM_POLLING_CONFLICT_EXTERNAL_PROCESS DETAILS="ETELEGRAM: 409 Conflict: terminated by other getUpdates request; make sure that only one bot instance is running"
[2026-08-13T14:57:52.869Z] PID=13204 EVENT=TELEGRAM_POLLING_CONFLICT_EXTERNAL_PROCESS DETAILS="ETELEGRAM: 409 Conflict: terminated by other getUpdates request; make sure that only one bot instance is running"
[2026-08-13T14:58:17.356Z] PID=16864 EVENT=BOT_INIT DETAILS="Polling=false"
[2026-08-13T14:58:18.442Z] PID=16864 EVENT=POLLING_STARTED DETAILS="PID 16864"
[2026-08-13T15:06:52.615Z] PID=25224 EVENT=BOT_INIT DETAILS="Polling=false"
[2026-08-13T15:06:53.593Z] PID=25224 EVENT=POLLING_STARTED DETAILS="PID 25224"
[2026-08-13T15:39:00.372Z] PID=10208 EVENT=BOT_INIT DETAILS="Polling=false"
[2026-08-13T15:39:03.804Z] PID=10208 EVENT=POLLING_STARTED DETAILS="PID 10208"
[2026-08-13T15:47:43.439Z] PID=24544 EVENT=BOT_INIT DETAILS="Polling=false"
[2026-08-13T15:47:44.358Z] PID=24544 EVENT=POLLING_STARTED DETAILS="PID 24544"
[2026-08-13T16:00:25.431Z] PID=29780 EVENT=BOT_INIT DETAILS="Polling=false"
[2026-08-13T16:00:26.780Z] PID=29780 EVENT=POLLING_STARTED DETAILS="PID 29780"
[2026-08-13T16:09:24.882Z] PID=9584 EVENT=BOT_INIT DETAILS="Polling=false"
[2026-08-13T16:09:25.792Z] PID=9584 EVENT=POLLING_STARTED DETAILS="PID 9584"
