[2026-08-13T07:56:14.736Z] User: 111 | Chat: 999001 | Callback: "app_771e1e6422" | Handler: Job Approval Handler | Duration: 14ms | Success: true | Reason: N/A
[2026-08-13T07:56:14.802Z] User: 111 | Chat: 999001 | Callback: "rej_771e1e6422" | Handler: Job Approval Handler | Duration: 5ms | Success: true | Reason: N/A
[2026-08-13T07:56:14.858Z] User: 111 | Chat: 999001 | Callback: "app_0000000000" | Handler: Job Approval Handler | Duration: 2ms | Success: false | Reason: UNRESOLVED_APPLICATION
[2026-08-13T07:56:14.911Z] User: 111 | Chat: 999001 | Callback: "rej_0000000000" | Handler: Job Approval Handler | Duration: 5ms | Success: false | Reason: UNRESOLVED_APPLICATION
[2026-08-13T07:56:14.948Z] User: 111 | Chat: 999001 | Callback: "app_nonexistent999" | Handler: Job Approval Handler | Duration: 2ms | Success: false | Reason: UNRESOLVED_APPLICATION
[2026-08-13T07:56:15.024Z] User: 111 | Chat: 999001 | Callback: "app_761bdff240" | Handler: Job Approval Handler | Duration: 3ms | Success: true | Reason: N/A
[2026-08-13T07:56:15.065Z] User: 111 | Chat: 999001 | Callback: "app_771e1e6422" | Handler: Job Approval Handler | Duration: 6ms | Success: true | Reason: N/A
[2026-08-13T07:56:15.120Z] User: 111 | Chat: 999001 | Callback: "rej_771e1e6422" | Handler: Job Approval Handler | Duration: 5ms | Success: true | Reason: N/A
[2026-08-13T07:56:16.298Z] User: 111 | Chat: 999001 | Callback: "follow_wait_771e1e6422" | Handler: Follow-up Scheduler | Duration: 1119ms | Success: true | Reason: N/A
[2026-08-13T07:56:16.345Z] User: 111 | Chat: 999001 | Callback: "app_771e1e6422" | Handler: Job Approval Handler | Duration: 14ms | Success: true | Reason: N/A
[2026-08-13T07:56:16.377Z] User: 111 | Chat: 999001 | Callback: "rej_771e1e6422" | Handler: Job Approval Handler | Duration: 30ms | Success: true | Reason: N/A
[2026-08-13T07:56:16.383Z] User: 111 | Chat: 999001 | Callback: "app_761bdff240" | Handler: Job Approval Handler | Duration: 5ms | Success: true | Reason: N/A
[2026-08-13T07:56:16.443Z] User: 111 | Chat: 999001 | Callback: "rej_761bdff240" | Handler: Job Approval Handler | Duration: 59ms | Success: true | Reason: N/A
[2026-08-13T07:56:16.449Z] User: 111 | Chat: 999001 | Callback: "app_0000000000" | Handler: Job Approval Handler | Duration: 4ms | Success: false | Reason: UNRESOLVED_APPLICATION
[2026-08-13T07:56:16.453Z] User: 111 | Chat: 999001 | Callback: "rej_0000000000" | Handler: Job Approval Handler | Duration: 3ms | Success: false | Reason: UNRESOLVED_APPLICATION
[2026-08-13T07:56:16.506Z] User: 111 | Chat: 999001 | Callback: "app_771e1e6422" | Handler: Job Approval Handler | Duration: 9ms | Success: true | Reason: N/A
[2026-08-13T07:56:16.571Z] User: 111 | Chat: 999001 | Callback: "app_771e1e6422" | Handler: Job Approval Handler | Duration: 10ms | Success: true | Reason: N/A
[2026-08-13T07:56:16.595Z] User: 111 | Chat: 999001 | Callback: "app_761bdff240" | Handler: Job Approval Handler | Duration: 23ms | Success: true | Reason: N/A
[2026-08-13T07:56:16.602Z] User: 111 | Chat: 999001 | Callback: "rej_761bdff240" | Handler: Job Approval Handler | Duration: 6ms | Success: true | Reason: N/A
[2026-08-13T07:56:16.762Z] User: 111 | Chat: 999001 | Callback: "app_771e1e6422" | Handler: Job Approval Handler | Duration: 7ms | Success: true | Reason: N/A
[2026-08-13T07:56:16.791Z] User: 111 | Chat: 999001 | Callback: "rej_771e1e6422" | Handler: Job Approval Handler | Duration: 8ms | Success: true | Reason: N/A
[2026-08-13T07:56:16.859Z] User: 111 | Chat: 999001 | Callback: "apply_all" | Handler: Bulk Approval Handler | Duration: 6ms | Success: true | Reason: N/A
[2026-08-13T07:56:16.907Z] User: 111 | Chat: 999001 | Callback: "reject_all" | Handler: Bulk Approval Handler | Duration: 27ms | Success: true | Reason: N/A
[2026-08-13T07:58:46.912Z] User: 111 | Chat: 999001 | Callback: "app_771e1e6422" | Handler: Job Approval Handler | Duration: 17ms | Success: true | Reason: N/A
[2026-08-13T07:58:46.978Z] User: 111 | Chat: 999001 | Callback: "rej_771e1e6422" | Handler: Job Approval Handler | Duration: 9ms | Success: true | Reason: N/A
[2026-08-13T07:58:47.047Z] User: 111 | Chat: 999001 | Callback: "app_0000000000" | Handler: Job Approval Handler | Duration: 5ms | Success: false | Reason: UNRESOLVED_APPLICATION
[2026-08-13T07:58:47.090Z] User: 111 | Chat: 999001 | Callback: "rej_0000000000" | Handler: Job Approval Handler | Duration: 4ms | Success: false | Reason: UNRESOLVED_APPLICATION
[2026-08-13T07:58:47.132Z] User: 111 | Chat: 999001 | Callback: "app_nonexistent999" | Handler: Job Approval Handler | Duration: 4ms | Success: false | Reason: UNRESOLVED_APPLICATION
[2026-08-13T07:58:47.187Z] User: 111 | Chat: 999001 | Callback: "app_761bdff240" | Handler: Job Approval Handler | Duration: 4ms | Success: true | Reason: N/A
[2026-08-13T07:58:47.244Z] User: 111 | Chat: 999001 | Callback: "app_771e1e6422" | Handler: Job Approval Handler | Duration: 9ms | Success: true | Reason: N/A
[2026-08-13T07:58:47.326Z] User: 111 | Chat: 999001 | Callback: "rej_771e1e6422" | Handler: Job Approval Handler | Duration: 7ms | Success: true | Reason: N/A
[2026-08-13T07:58:48.301Z] User: 111 | Chat: 999001 | Callback: "follow_wait_771e1e6422" | Handler: Follow-up Scheduler | Duration: 911ms | Success: true | Reason: N/A
[2026-08-13T07:58:48.347Z] User: 111 | Chat: 999001 | Callback: "app_771e1e6422" | Handler: Job Approval Handler | Duration: 7ms | Success: true | Reason: N/A
[2026-08-13T07:58:48.419Z] User: 111 | Chat: 999001 | Callback: "rej_771e1e6422" | Handler: Job Approval Handler | Duration: 70ms | Success: true | Reason: N/A
[2026-08-13T07:58:48.425Z] User: 111 | Chat: 999001 | Callback: "app_761bdff240" | Handler: Job Approval Handler | Duration: 5ms | Success: true | Reason: N/A
[2026-08-13T07:58:48.442Z] User: 111 | Chat: 999001 | Callback: "rej_761bdff240" | Handler: Job Approval Handler | Duration: 15ms | Success: true | Reason: N/A
[2026-08-13T07:58:48.448Z] User: 111 | Chat: 999001 | Callback: "app_0000000000" | Handler: Job Approval Handler | Duration: 4ms | Success: false | Reason: UNRESOLVED_APPLICATION
[2026-08-13T07:58:48.453Z] User: 111 | Chat: 999001 | Callback: "rej_0000000000" | Handler: Job Approval Handler | Duration: 4ms | Success: false | Reason: UNRESOLVED_APPLICATION
[2026-08-13T07:58:48.509Z] User: 111 | Chat: 999001 | Callback: "app_771e1e6422" | Handler: Job Approval Handler | Duration: 5ms | Success: true | Reason: N/A
[2026-08-13T07:58:48.575Z] User: 111 | Chat: 999001 | Callback: "app_771e1e6422" | Handler: Job Approval Handler | Duration: 8ms | Success: true | Reason: N/A
[2026-08-13T07:58:48.600Z] User: 111 | Chat: 999001 | Callback: "app_761bdff240" | Handler: Job Approval Handler | Duration: 24ms | Success: true | Reason: N/A
[2026-08-13T07:58:48.605Z] User: 111 | Chat: 999001 | Callback: "rej_761bdff240" | Handler: Job Approval Handler | Duration: 5ms | Success: true | Reason: N/A
[2026-08-13T07:58:48.761Z] User: 111 | Chat: 999001 | Callback: "app_771e1e6422" | Handler: Job Approval Handler | Duration: 18ms | Success: true | Reason: N/A
[2026-08-13T07:58:48.802Z] User: 111 | Chat: 999001 | Callback: "rej_771e1e6422" | Handler: Job Approval Handler | Duration: 6ms | Success: true | Reason: N/A
[2026-08-13T07:58:48.867Z] User: 111 | Chat: 999001 | Callback: "apply_all" | Handler: Bulk Approval Handler | Duration: 4ms | Success: true | Reason: N/A
[2026-08-13T07:58:48.914Z] User: 111 | Chat: 999001 | Callback: "reject_all" | Handler: Bulk Approval Handler | Duration: 20ms | Success: true | Reason: N/A
[2026-08-13T08:06:21.635Z] User: 111 | Chat: 999001 | Callback: "app_771e1e6422" | Handler: Job Approval Handler | Duration: 19ms | Success: true | Reason: N/A
[2026-08-13T08:06:21.705Z] User: 111 | Chat: 999001 | Callback: "rej_771e1e6422" | Handler: Job Approval Handler | Duration: 5ms | Success: true | Reason: N/A
[2026-08-13T08:06:21.773Z] User: 111 | Chat: 999001 | Callback: "app_0000000000" | Handler: Job Approval Handler | Duration: 3ms | Success: false | Reason: UNRESOLVED_APPLICATION
[2026-08-13T08:06:21.816Z] User: 111 | Chat: 999001 | Callback: "rej_0000000000" | Handler: Job Approval Handler | Duration: 3ms | Success: false | Reason: UNRESOLVED_APPLICATION
[2026-08-13T08:06:21.856Z] User: 111 | Chat: 999001 | Callback: "app_nonexistent999" | Handler: Job Approval Handler | Duration: 3ms | Success: false | Reason: UNRESOLVED_APPLICATION
[2026-08-13T08:06:21.900Z] User: 111 | Chat: 999001 | Callback: "app_761bdff240" | Handler: Job Approval Handler | Duration: 4ms | Success: true | Reason: N/A
[2026-08-13T08:06:21.949Z] User: 111 | Chat: 999001 | Callback: "app_771e1e6422" | Handler: Job Approval Handler | Duration: 8ms | Success: true | Reason: N/A
[2026-08-13T08:06:22.027Z] User: 111 | Chat: 999001 | Callback: "rej_771e1e6422" | Handler: Job Approval Handler | Duration: 6ms | Success: true | Reason: N/A
[2026-08-13T08:06:23.429Z] User: 111 | Chat: 999001 | Callback: "follow_wait_771e1e6422" | Handler: Follow-up Scheduler | Duration: 1333ms | Success: true | Reason: N/A
[2026-08-13T08:06:23.482Z] User: 111 | Chat: 999001 | Callback: "app_771e1e6422" | Handler: Job Approval Handler | Duration: 9ms | Success: true | Reason: N/A
[2026-08-13T08:06:23.529Z] User: 111 | Chat: 999001 | Callback: "rej_771e1e6422" | Handler: Job Approval Handler | Duration: 45ms | Success: true | Reason: N/A
[2026-08-13T08:06:23.536Z] User: 111 | Chat: 999001 | Callback: "app_761bdff240" | Handler: Job Approval Handler | Duration: 5ms | Success: true | Reason: N/A
[2026-08-13T08:06:23.555Z] User: 111 | Chat: 999001 | Callback: "rej_761bdff240" | Handler: Job Approval Handler | Duration: 18ms | Success: true | Reason: N/A
[2026-08-13T08:06:23.562Z] User: 111 | Chat: 999001 | Callback: "app_0000000000" | Handler: Job Approval Handler | Duration: 5ms | Success: false | Reason: UNRESOLVED_APPLICATION
[2026-08-13T08:06:23.568Z] User: 111 | Chat: 999001 | Callback: "rej_0000000000" | Handler: Job Approval Handler | Duration: 5ms | Success: false | Reason: UNRESOLVED_APPLICATION
[2026-08-13T08:06:23.631Z] User: 111 | Chat: 999001 | Callback: "app_771e1e6422" | Handler: Job Approval Handler | Duration: 9ms | Success: true | Reason: N/A
[2026-08-13T08:06:23.719Z] User: 111 | Chat: 999001 | Callback: "app_771e1e6422" | Handler: Job Approval Handler | Duration: 10ms | Success: true | Reason: N/A
[2026-08-13T08:06:23.749Z] User: 111 | Chat: 999001 | Callback: "app_761bdff240" | Handler: Job Approval Handler | Duration: 29ms | Success: true | Reason: N/A
[2026-08-13T08:06:23.757Z] User: 111 | Chat: 999001 | Callback: "rej_761bdff240" | Handler: Job Approval Handler | Duration: 6ms | Success: true | Reason: N/A
[2026-08-13T08:06:23.946Z] User: 111 | Chat: 999001 | Callback: "app_771e1e6422" | Handler: Job Approval Handler | Duration: 10ms | Success: true | Reason: N/A
[2026-08-13T08:06:23.981Z] User: 111 | Chat: 999001 | Callback: "rej_771e1e6422" | Handler: Job Approval Handler | Duration: 8ms | Success: true | Reason: N/A
[2026-08-13T08:06:24.050Z] User: 111 | Chat: 999001 | Callback: "apply_all" | Handler: Bulk Approval Handler | Duration: 7ms | Success: true | Reason: N/A
[2026-08-13T08:06:24.112Z] User: 111 | Chat: 999001 | Callback: "reject_all" | Handler: Bulk Approval Handler | Duration: 36ms | Success: true | Reason: N/A
[2026-08-13T08:09:26.725Z] User: 642578356 | Chat: 642578356 | Callback: "sub_be6497dbdc" | Handler: Application Executor | Duration: 1924ms | Success: true | Reason: N/A
[2026-08-13T08:14:22.816Z] User: 111 | Chat: 999001 | Callback: "app_771e1e6422" | Handler: Job Approval Handler | Duration: 14ms | Success: true | Reason: N/A
[2026-08-13T08:14:22.894Z] User: 111 | Chat: 999001 | Callback: "rej_771e1e6422" | Handler: Job Approval Handler | Duration: 6ms | Success: true | Reason: N/A
[2026-08-13T08:14:22.960Z] User: 111 | Chat: 999001 | Callback: "app_0000000000" | Handler: Job Approval Handler | Duration: 3ms | Success: false | Reason: UNRESOLVED_APPLICATION
[2026-08-13T08:14:23.005Z] User: 111 | Chat: 999001 | Callback: "rej_0000000000" | Handler: Job Approval Handler | Duration: 4ms | Success: false | Reason: UNRESOLVED_APPLICATION
[2026-08-13T08:14:23.050Z] User: 111 | Chat: 999001 | Callback: "app_nonexistent999" | Handler: Job Approval Handler | Duration: 5ms | Success: false | Reason: UNRESOLVED_APPLICATION
[2026-08-13T08:14:23.099Z] User: 111 | Chat: 999001 | Callback: "app_761bdff240" | Handler: Job Approval Handler | Duration: 5ms | Success: true | Reason: N/A
[2026-08-13T08:14:23.150Z] User: 111 | Chat: 999001 | Callback: "app_771e1e6422" | Handler: Job Approval Handler | Duration: 10ms | Success: true | Reason: N/A
[2026-08-13T08:14:23.243Z] User: 111 | Chat: 999001 | Callback: "rej_771e1e6422" | Handler: Job Approval Handler | Duration: 8ms | Success: true | Reason: N/A
[2026-08-13T08:14:24.135Z] User: 111 | Chat: 999001 | Callback: "follow_wait_771e1e6422" | Handler: Follow-up Scheduler | Duration: 824ms | Success: true | Reason: N/A
[2026-08-13T08:14:24.176Z] User: 111 | Chat: 999001 | Callback: "app_771e1e6422" | Handler: Job Approval Handler | Duration: 8ms | Success: true | Reason: N/A
[2026-08-13T08:14:24.208Z] User: 111 | Chat: 999001 | Callback: "rej_771e1e6422" | Handler: Job Approval Handler | Duration: 31ms | Success: true | Reason: N/A
[2026-08-13T08:14:24.213Z] User: 111 | Chat: 999001 | Callback: "app_761bdff240" | Handler: Job Approval Handler | Duration: 4ms | Success: true | Reason: N/A
[2026-08-13T08:14:24.292Z] User: 111 | Chat: 999001 | Callback: "rej_761bdff240" | Handler: Job Approval Handler | Duration: 77ms | Success: true | Reason: N/A
[2026-08-13T08:14:24.299Z] User: 111 | Chat: 999001 | Callback: "app_0000000000" | Handler: Job Approval Handler | Duration: 5ms | Success: false | Reason: UNRESOLVED_APPLICATION
[2026-08-13T08:14:24.306Z] User: 111 | Chat: 999001 | Callback: "rej_0000000000" | Handler: Job Approval Handler | Duration: 5ms | Success: false | Reason: UNRESOLVED_APPLICATION
[2026-08-13T08:14:24.375Z] User: 111 | Chat: 999001 | Callback: "app_771e1e6422" | Handler: Job Approval Handler | Duration: 9ms | Success: true | Reason: N/A
[2026-08-13T08:14:24.439Z] User: 111 | Chat: 999001 | Callback: "app_771e1e6422" | Handler: Job Approval Handler | Duration: 8ms | Success: true | Reason: N/A
[2026-08-13T08:14:24.465Z] User: 111 | Chat: 999001 | Callback: "app_761bdff240" | Handler: Job Approval Handler | Duration: 26ms | Success: true | Reason: N/A
[2026-08-13T08:14:24.471Z] User: 111 | Chat: 999001 | Callback: "rej_761bdff240" | Handler: Job Approval Handler | Duration: 5ms | Success: true | Reason: N/A
[2026-08-13T08:14:24.639Z] User: 111 | Chat: 999001 | Callback: "app_771e1e6422" | Handler: Job Approval Handler | Duration: 9ms | Success: true | Reason: N/A
[2026-08-13T08:14:24.671Z] User: 111 | Chat: 999001 | Callback: "rej_771e1e6422" | Handler: Job Approval Handler | Duration: 8ms | Success: true | Reason: N/A
[2026-08-13T08:14:24.782Z] User: 111 | Chat: 999001 | Callback: "apply_all" | Handler: Bulk Approval Handler | Duration: 6ms | Success: true | Reason: N/A
[2026-08-13T08:14:24.847Z] User: 111 | Chat: 999001 | Callback: "reject_all" | Handler: Bulk Approval Handler | Duration: 35ms | Success: true | Reason: N/A
[2026-08-13T08:15:01.429Z] User: 111 | Chat: 999001 | Callback: "app_771e1e6422" | Handler: Job Approval Handler | Duration: 15ms | Success: true | Reason: N/A
[2026-08-13T08:15:01.512Z] User: 111 | Chat: 999001 | Callback: "rej_771e1e6422" | Handler: Job Approval Handler | Duration: 7ms | Success: true | Reason: N/A
[2026-08-13T08:15:01.579Z] User: 111 | Chat: 999001 | Callback: "app_0000000000" | Handler: Job Approval Handler | Duration: 6ms | Success: false | Reason: UNRESOLVED_APPLICATION
[2026-08-13T08:15:01.628Z] User: 111 | Chat: 999001 | Callback: "rej_0000000000" | Handler: Job Approval Handler | Duration: 4ms | Success: false | Reason: UNRESOLVED_APPLICATION
[2026-08-13T08:15:01.688Z] User: 111 | Chat: 999001 | Callback: "app_nonexistent999" | Handler: Job Approval Handler | Duration: 4ms | Success: false | Reason: UNRESOLVED_APPLICATION
[2026-08-13T08:15:01.733Z] User: 111 | Chat: 999001 | Callback: "app_761bdff240" | Handler: Job Approval Handler | Duration: 3ms | Success: true | Reason: N/A
[2026-08-13T08:15:01.789Z] User: 111 | Chat: 999001 | Callback: "app_771e1e6422" | Handler: Job Approval Handler | Duration: 10ms | Success: true | Reason: N/A
[2026-08-13T08:15:01.865Z] User: 111 | Chat: 999001 | Callback: "rej_771e1e6422" | Handler: Job Approval Handler | Duration: 8ms | Success: true | Reason: N/A
[2026-08-13T08:15:03.076Z] User: 111 | Chat: 999001 | Callback: "follow_wait_771e1e6422" | Handler: Follow-up Scheduler | Duration: 1145ms | Success: true | Reason: N/A
[2026-08-13T08:15:03.130Z] User: 111 | Chat: 999001 | Callback: "app_771e1e6422" | Handler: Job Approval Handler | Duration: 9ms | Success: true | Reason: N/A
[2026-08-13T08:15:03.172Z] User: 111 | Chat: 999001 | Callback: "rej_771e1e6422" | Handler: Job Approval Handler | Duration: 38ms | Success: true | Reason: N/A
[2026-08-13T08:15:03.178Z] User: 111 | Chat: 999001 | Callback: "app_761bdff240" | Handler: Job Approval Handler | Duration: 5ms | Success: true | Reason: N/A
[2026-08-13T08:15:03.236Z] User: 111 | Chat: 999001 | Callback: "rej_761bdff240" | Handler: Job Approval Handler | Duration: 57ms | Success: true | Reason: N/A
[2026-08-13T08:15:03.242Z] User: 111 | Chat: 999001 | Callback: "app_0000000000" | Handler: Job Approval Handler | Duration: 5ms | Success: false | Reason: UNRESOLVED_APPLICATION
[2026-08-13T08:15:03.254Z] User: 111 | Chat: 999001 | Callback: "rej_0000000000" | Handler: Job Approval Handler | Duration: 11ms | Success: false | Reason: UNRESOLVED_APPLICATION
[2026-08-13T08:15:03.334Z] User: 111 | Chat: 999001 | Callback: "app_771e1e6422" | Handler: Job Approval Handler | Duration: 13ms | Success: true | Reason: N/A
[2026-08-13T08:15:03.419Z] User: 111 | Chat: 999001 | Callback: "app_771e1e6422" | Handler: Job Approval Handler | Duration: 14ms | Success: true | Reason: N/A
[2026-08-13T08:15:03.449Z] User: 111 | Chat: 999001 | Callback: "app_761bdff240" | Handler: Job Approval Handler | Duration: 29ms | Success: true | Reason: N/A
[2026-08-13T08:15:03.456Z] User: 111 | Chat: 999001 | Callback: "rej_761bdff240" | Handler: Job Approval Handler | Duration: 6ms | Success: true | Reason: N/A
[2026-08-13T08:15:03.640Z] User: 111 | Chat: 999001 | Callback: "app_771e1e6422" | Handler: Job Approval Handler | Duration: 11ms | Success: true | Reason: N/A
[2026-08-13T08:15:03.720Z] User: 111 | Chat: 999001 | Callback: "rej_771e1e6422" | Handler: Job Approval Handler | Duration: 8ms | Success: true | Reason: N/A
[2026-08-13T08:15:03.803Z] User: 111 | Chat: 999001 | Callback: "apply_all" | Handler: Bulk Approval Handler | Duration: 6ms | Success: true | Reason: N/A
[2026-08-13T08:15:03.867Z] User: 111 | Chat: 999001 | Callback: "reject_all" | Handler: Bulk Approval Handler | Duration: 38ms | Success: true | Reason: N/A
[2026-08-13T08:15:35.720Z] User: 111 | Chat: 999001 | Callback: "app_771e1e6422" | Handler: Job Approval Handler | Duration: 16ms | Success: true | Reason: N/A
[2026-08-13T08:15:35.795Z] User: 111 | Chat: 999001 | Callback: "rej_771e1e6422" | Handler: Job Approval Handler | Duration: 9ms | Success: true | Reason: N/A
[2026-08-13T08:15:35.871Z] User: 111 | Chat: 999001 | Callback: "app_0000000000" | Handler: Job Approval Handler | Duration: 5ms | Success: false | Reason: UNRESOLVED_APPLICATION
[2026-08-13T08:15:35.922Z] User: 111 | Chat: 999001 | Callback: "rej_0000000000" | Handler: Job Approval Handler | Duration: 6ms | Success: false | Reason: UNRESOLVED_APPLICATION
[2026-08-13T08:15:35.969Z] User: 111 | Chat: 999001 | Callback: "app_nonexistent999" | Handler: Job Approval Handler | Duration: 4ms | Success: false | Reason: UNRESOLVED_APPLICATION
[2026-08-13T08:15:36.020Z] User: 111 | Chat: 999001 | Callback: "app_761bdff240" | Handler: Job Approval Handler | Duration: 5ms | Success: true | Reason: N/A
[2026-08-13T08:15:36.082Z] User: 111 | Chat: 999001 | Callback: "app_771e1e6422" | Handler: Job Approval Handler | Duration: 9ms | Success: true | Reason: N/A
[2026-08-13T08:15:36.159Z] User: 111 | Chat: 999001 | Callback: "rej_771e1e6422" | Handler: Job Approval Handler | Duration: 8ms | Success: true | Reason: N/A
[2026-08-13T08:15:37.413Z] User: 111 | Chat: 999001 | Callback: "follow_wait_771e1e6422" | Handler: Follow-up Scheduler | Duration: 1181ms | Success: true | Reason: N/A
[2026-08-13T08:15:37.478Z] User: 111 | Chat: 999001 | Callback: "app_771e1e6422" | Handler: Job Approval Handler | Duration: 10ms | Success: true | Reason: N/A
[2026-08-13T08:15:37.514Z] User: 111 | Chat: 999001 | Callback: "rej_771e1e6422" | Handler: Job Approval Handler | Duration: 34ms | Success: true | Reason: N/A
[2026-08-13T08:15:37.523Z] User: 111 | Chat: 999001 | Callback: "app_761bdff240" | Handler: Job Approval Handler | Duration: 6ms | Success: true | Reason: N/A
[2026-08-13T08:15:37.544Z] User: 111 | Chat: 999001 | Callback: "rej_761bdff240" | Handler: Job Approval Handler | Duration: 20ms | Success: true | Reason: N/A
[2026-08-13T08:15:37.551Z] User: 111 | Chat: 999001 | Callback: "app_0000000000" | Handler: Job Approval Handler | Duration: 5ms | Success: false | Reason: UNRESOLVED_APPLICATION
[2026-08-13T08:15:37.557Z] User: 111 | Chat: 999001 | Callback: "rej_0000000000" | Handler: Job Approval Handler | Duration: 5ms | Success: false | Reason: UNRESOLVED_APPLICATION
[2026-08-13T08:15:37.653Z] User: 111 | Chat: 999001 | Callback: "app_771e1e6422" | Handler: Job Approval Handler | Duration: 10ms | Success: true | Reason: N/A
[2026-08-13T08:15:37.728Z] User: 111 | Chat: 999001 | Callback: "app_771e1e6422" | Handler: Job Approval Handler | Duration: 10ms | Success: true | Reason: N/A
[2026-08-13T08:15:37.755Z] User: 111 | Chat: 999001 | Callback: "app_761bdff240" | Handler: Job Approval Handler | Duration: 26ms | Success: true | Reason: N/A
[2026-08-13T08:15:37.762Z] User: 111 | Chat: 999001 | Callback: "rej_761bdff240" | Handler: Job Approval Handler | Duration: 7ms | Success: true | Reason: N/A
[2026-08-13T08:15:37.955Z] User: 111 | Chat: 999001 | Callback: "app_771e1e6422" | Handler: Job Approval Handler | Duration: 10ms | Success: true | Reason: N/A
[2026-08-13T08:15:37.989Z] User: 111 | Chat: 999001 | Callback: "rej_771e1e6422" | Handler: Job Approval Handler | Duration: 9ms | Success: true | Reason: N/A
[2026-08-13T08:15:38.062Z] User: 111 | Chat: 999001 | Callback: "apply_all" | Handler: Bulk Approval Handler | Duration: 6ms | Success: true | Reason: N/A
[2026-08-13T08:15:38.113Z] User: 111 | Chat: 999001 | Callback: "reject_all" | Handler: Bulk Approval Handler | Duration: 28ms | Success: true | Reason: N/A
[2026-08-13T08:20:10.930Z] User: 111 | Chat: 999001 | Callback: "app_771e1e6422" | Handler: Job Approval Handler | Duration: 18ms | Success: true | Reason: N/A
[2026-08-13T08:20:11.012Z] User: 111 | Chat: 999001 | Callback: "rej_771e1e6422" | Handler: Job Approval Handler | Duration: 9ms | Success: true | Reason: N/A
[2026-08-13T08:20:11.090Z] User: 111 | Chat: 999001 | Callback: "app_0000000000" | Handler: Job Approval Handler | Duration: 5ms | Success: false | Reason: UNRESOLVED_APPLICATION
[2026-08-13T08:20:11.139Z] User: 111 | Chat: 999001 | Callback: "rej_0000000000" | Handler: Job Approval Handler | Duration: 5ms | Success: false | Reason: UNRESOLVED_APPLICATION
[2026-08-13T08:20:11.190Z] User: 111 | Chat: 999001 | Callback: "app_nonexistent999" | Handler: Job Approval Handler | Duration: 4ms | Success: false | Reason: UNRESOLVED_APPLICATION
[2026-08-13T08:20:11.242Z] User: 111 | Chat: 999001 | Callback: "app_761bdff240" | Handler: Job Approval Handler | Duration: 6ms | Success: true | Reason: N/A
[2026-08-13T08:20:11.305Z] User: 111 | Chat: 999001 | Callback: "app_771e1e6422" | Handler: Job Approval Handler | Duration: 11ms | Success: true | Reason: N/A
[2026-08-13T08:20:11.383Z] User: 111 | Chat: 999001 | Callback: "rej_771e1e6422" | Handler: Job Approval Handler | Duration: 10ms | Success: true | Reason: N/A
[2026-08-13T08:20:12.678Z] User: 111 | Chat: 999001 | Callback: "follow_wait_771e1e6422" | Handler: Follow-up Scheduler | Duration: 1232ms | Success: true | Reason: N/A
[2026-08-13T08:20:12.734Z] User: 111 | Chat: 999001 | Callback: "app_771e1e6422" | Handler: Job Approval Handler | Duration: 9ms | Success: true | Reason: N/A
[2026-08-13T08:20:12.768Z] User: 111 | Chat: 999001 | Callback: "rej_771e1e6422" | Handler: Job Approval Handler | Duration: 32ms | Success: true | Reason: N/A
[2026-08-13T08:20:12.774Z] User: 111 | Chat: 999001 | Callback: "app_761bdff240" | Handler: Job Approval Handler | Duration: 4ms | Success: true | Reason: N/A
[2026-08-13T08:20:12.797Z] User: 111 | Chat: 999001 | Callback: "rej_761bdff240" | Handler: Job Approval Handler | Duration: 21ms | Success: true | Reason: N/A
[2026-08-13T08:20:12.803Z] User: 111 | Chat: 999001 | Callback: "app_0000000000" | Handler: Job Approval Handler | Duration: 4ms | Success: false | Reason: UNRESOLVED_APPLICATION
[2026-08-13T08:20:12.808Z] User: 111 | Chat: 999001 | Callback: "rej_0000000000" | Handler: Job Approval Handler | Duration: 3ms | Success: false | Reason: UNRESOLVED_APPLICATION
[2026-08-13T08:20:12.872Z] User: 111 | Chat: 999001 | Callback: "app_771e1e6422" | Handler: Job Approval Handler | Duration: 9ms | Success: true | Reason: N/A
[2026-08-13T08:20:12.941Z] User: 111 | Chat: 999001 | Callback: "app_771e1e6422" | Handler: Job Approval Handler | Duration: 10ms | Success: true | Reason: N/A
[2026-08-13T08:20:12.972Z] User: 111 | Chat: 999001 | Callback: "app_761bdff240" | Handler: Job Approval Handler | Duration: 31ms | Success: true | Reason: N/A
[2026-08-13T08:20:12.981Z] User: 111 | Chat: 999001 | Callback: "rej_761bdff240" | Handler: Job Approval Handler | Duration: 8ms | Success: true | Reason: N/A
[2026-08-13T08:20:13.155Z] User: 111 | Chat: 999001 | Callback: "app_771e1e6422" | Handler: Job Approval Handler | Duration: 9ms | Success: true | Reason: N/A
[2026-08-13T08:20:13.191Z] User: 111 | Chat: 999001 | Callback: "rej_771e1e6422" | Handler: Job Approval Handler | Duration: 8ms | Success: true | Reason: N/A
[2026-08-13T08:20:13.270Z] User: 111 | Chat: 999001 | Callback: "apply_all" | Handler: Bulk Approval Handler | Duration: 5ms | Success: true | Reason: N/A
[2026-08-13T08:20:13.323Z] User: 111 | Chat: 999001 | Callback: "reject_all" | Handler: Bulk Approval Handler | Duration: 31ms | Success: true | Reason: N/A
[2026-08-13T08:47:06.398Z] User: 111 | Chat: 999001 | Callback: "app_771e1e6422" | Handler: Job Approval Handler | Duration: 16ms | Success: true | Reason: N/A
[2026-08-13T08:47:06.473Z] User: 111 | Chat: 999001 | Callback: "rej_771e1e6422" | Handler: Job Approval Handler | Duration: 6ms | Success: true | Reason: N/A
[2026-08-13T08:47:06.552Z] User: 111 | Chat: 999001 | Callback: "app_0000000000" | Handler: Job Approval Handler | Duration: 4ms | Success: false | Reason: UNRESOLVED_APPLICATION
[2026-08-13T08:47:06.599Z] User: 111 | Chat: 999001 | Callback: "rej_0000000000" | Handler: Job Approval Handler | Duration: 3ms | Success: false | Reason: UNRESOLVED_APPLICATION
[2026-08-13T08:47:06.646Z] User: 111 | Chat: 999001 | Callback: "app_nonexistent999" | Handler: Job Approval Handler | Duration: 5ms | Success: false | Reason: UNRESOLVED_APPLICATION
[2026-08-13T08:47:06.687Z] User: 111 | Chat: 999001 | Callback: "app_761bdff240" | Handler: Job Approval Handler | Duration: 4ms | Success: true | Reason: N/A
[2026-08-13T08:47:06.740Z] User: 111 | Chat: 999001 | Callback: "app_771e1e6422" | Handler: Job Approval Handler | Duration: 9ms | Success: true | Reason: N/A
[2026-08-13T08:47:06.813Z] User: 111 | Chat: 999001 | Callback: "rej_771e1e6422" | Handler: Job Approval Handler | Duration: 8ms | Success: true | Reason: N/A
[2026-08-13T08:47:07.949Z] User: 111 | Chat: 999001 | Callback: "follow_wait_771e1e6422" | Handler: Follow-up Scheduler | Duration: 1069ms | Success: true | Reason: N/A
[2026-08-13T08:47:08.001Z] User: 111 | Chat: 999001 | Callback: "app_771e1e6422" | Handler: Job Approval Handler | Duration: 9ms | Success: true | Reason: N/A
[2026-08-13T08:47:08.037Z] User: 111 | Chat: 999001 | Callback: "rej_771e1e6422" | Handler: Job Approval Handler | Duration: 35ms | Success: true | Reason: N/A
[2026-08-13T08:47:08.042Z] User: 111 | Chat: 999001 | Callback: "app_761bdff240" | Handler: Job Approval Handler | Duration: 4ms | Success: true | Reason: N/A
[2026-08-13T08:47:08.065Z] User: 111 | Chat: 999001 | Callback: "rej_761bdff240" | Handler: Job Approval Handler | Duration: 10ms | Success: true | Reason: N/A
[2026-08-13T08:47:08.071Z] User: 111 | Chat: 999001 | Callback: "app_0000000000" | Handler: Job Approval Handler | Duration: 4ms | Success: false | Reason: UNRESOLVED_APPLICATION
[2026-08-13T08:47:08.075Z] User: 111 | Chat: 999001 | Callback: "rej_0000000000" | Handler: Job Approval Handler | Duration: 3ms | Success: false | Reason: UNRESOLVED_APPLICATION
[2026-08-13T08:47:08.140Z] User: 111 | Chat: 999001 | Callback: "app_771e1e6422" | Handler: Job Approval Handler | Duration: 10ms | Success: true | Reason: N/A
[2026-08-13T08:47:08.219Z] User: 111 | Chat: 999001 | Callback: "app_771e1e6422" | Handler: Job Approval Handler | Duration: 10ms | Success: true | Reason: N/A
[2026-08-13T08:47:08.250Z] User: 111 | Chat: 999001 | Callback: "app_761bdff240" | Handler: Job Approval Handler | Duration: 30ms | Success: true | Reason: N/A
[2026-08-13T08:47:08.257Z] User: 111 | Chat: 999001 | Callback: "rej_761bdff240" | Handler: Job Approval Handler | Duration: 6ms | Success: true | Reason: N/A
[2026-08-13T08:47:08.423Z] User: 111 | Chat: 999001 | Callback: "app_771e1e6422" | Handler: Job Approval Handler | Duration: 7ms | Success: true | Reason: N/A
[2026-08-13T08:47:08.459Z] User: 111 | Chat: 999001 | Callback: "rej_771e1e6422" | Handler: Job Approval Handler | Duration: 8ms | Success: true | Reason: N/A
[2026-08-13T08:47:08.525Z] User: 111 | Chat: 999001 | Callback: "apply_all" | Handler: Bulk Approval Handler | Duration: 4ms | Success: true | Reason: N/A
[2026-08-13T08:47:08.576Z] User: 111 | Chat: 999001 | Callback: "reject_all" | Handler: Bulk Approval Handler | Duration: 23ms | Success: true | Reason: N/A
[2026-08-13T08:52:59.406Z] User: 111 | Chat: 999001 | Callback: "app_771e1e6422" | Handler: Job Approval Handler | Duration: 15ms | Success: true | Reason: N/A
[2026-08-13T08:52:59.475Z] User: 111 | Chat: 999001 | Callback: "rej_771e1e6422" | Handler: Job Approval Handler | Duration: 6ms | Success: true | Reason: N/A
[2026-08-13T08:52:59.549Z] User: 111 | Chat: 999001 | Callback: "app_0000000000" | Handler: Job Approval Handler | Duration: 4ms | Success: false | Reason: UNRESOLVED_APPLICATION
[2026-08-13T08:52:59.601Z] User: 111 | Chat: 999001 | Callback: "rej_0000000000" | Handler: Job Approval Handler | Duration: 4ms | Success: false | Reason: UNRESOLVED_APPLICATION
[2026-08-13T08:52:59.644Z] User: 111 | Chat: 999001 | Callback: "app_nonexistent999" | Handler: Job Approval Handler | Duration: 4ms | Success: false | Reason: UNRESOLVED_APPLICATION
[2026-08-13T08:52:59.688Z] User: 111 | Chat: 999001 | Callback: "app_761bdff240" | Handler: Job Approval Handler | Duration: 5ms | Success: true | Reason: N/A
[2026-08-13T08:52:59.783Z] User: 111 | Chat: 999001 | Callback: "app_771e1e6422" | Handler: Job Approval Handler | Duration: 49ms | Success: true | Reason: N/A
[2026-08-13T08:52:59.854Z] User: 111 | Chat: 999001 | Callback: "rej_771e1e6422" | Handler: Job Approval Handler | Duration: 5ms | Success: true | Reason: N/A
[2026-08-13T08:53:00.794Z] User: 111 | Chat: 999001 | Callback: "follow_wait_771e1e6422" | Handler: Follow-up Scheduler | Duration: 870ms | Success: true | Reason: N/A
[2026-08-13T08:53:00.853Z] User: 111 | Chat: 999001 | Callback: "app_771e1e6422" | Handler: Job Approval Handler | Duration: 6ms | Success: true | Reason: N/A
[2026-08-13T08:53:00.886Z] User: 111 | Chat: 999001 | Callback: "rej_771e1e6422" | Handler: Job Approval Handler | Duration: 32ms | Success: true | Reason: N/A
[2026-08-13T08:53:00.890Z] User: 111 | Chat: 999001 | Callback: "app_761bdff240" | Handler: Job Approval Handler | Duration: 3ms | Success: true | Reason: N/A
[2026-08-13T08:53:00.907Z] User: 111 | Chat: 999001 | Callback: "rej_761bdff240" | Handler: Job Approval Handler | Duration: 15ms | Success: true | Reason: N/A
[2026-08-13T08:53:00.910Z] User: 111 | Chat: 999001 | Callback: "app_0000000000" | Handler: Job Approval Handler | Duration: 3ms | Success: false | Reason: UNRESOLVED_APPLICATION
[2026-08-13T08:53:00.914Z] User: 111 | Chat: 999001 | Callback: "rej_0000000000" | Handler: Job Approval Handler | Duration: 3ms | Success: false | Reason: UNRESOLVED_APPLICATION
[2026-08-13T08:53:00.966Z] User: 111 | Chat: 999001 | Callback: "app_771e1e6422" | Handler: Job Approval Handler | Duration: 7ms | Success: true | Reason: N/A
[2026-08-13T08:53:01.028Z] User: 111 | Chat: 999001 | Callback: "app_771e1e6422" | Handler: Job Approval Handler | Duration: 6ms | Success: true | Reason: N/A
[2026-08-13T08:53:01.048Z] User: 111 | Chat: 999001 | Callback: "app_761bdff240" | Handler: Job Approval Handler | Duration: 19ms | Success: true | Reason: N/A
[2026-08-13T08:53:01.053Z] User: 111 | Chat: 999001 | Callback: "rej_761bdff240" | Handler: Job Approval Handler | Duration: 4ms | Success: true | Reason: N/A
[2026-08-13T08:53:01.198Z] User: 111 | Chat: 999001 | Callback: "app_771e1e6422" | Handler: Job Approval Handler | Duration: 7ms | Success: true | Reason: N/A
[2026-08-13T08:53:01.226Z] User: 111 | Chat: 999001 | Callback: "rej_771e1e6422" | Handler: Job Approval Handler | Duration: 6ms | Success: true | Reason: N/A
[2026-08-13T08:53:01.286Z] User: 111 | Chat: 999001 | Callback: "apply_all" | Handler: Bulk Approval Handler | Duration: 4ms | Success: true | Reason: N/A
[2026-08-13T08:53:01.333Z] User: 111 | Chat: 999001 | Callback: "reject_all" | Handler: Bulk Approval Handler | Duration: 26ms | Success: true | Reason: N/A
[2026-08-13T08:53:45.355Z] User: 111 | Chat: 999001 | Callback: "app_771e1e6422" | Handler: Job Approval Handler | Duration: 21ms | Success: true | Reason: N/A
[2026-08-13T08:53:45.422Z] User: 111 | Chat: 999001 | Callback: "rej_771e1e6422" | Handler: Job Approval Handler | Duration: 8ms | Success: true | Reason: N/A
[2026-08-13T08:53:45.487Z] User: 111 | Chat: 999001 | Callback: "app_0000000000" | Handler: Job Approval Handler | Duration: 3ms | Success: false | Reason: UNRESOLVED_APPLICATION
[2026-08-13T08:53:45.525Z] User: 111 | Chat: 999001 | Callback: "rej_0000000000" | Handler: Job Approval Handler | Duration: 3ms | Success: false | Reason: UNRESOLVED_APPLICATION
[2026-08-13T08:53:45.561Z] User: 111 | Chat: 999001 | Callback: "app_nonexistent999" | Handler: Job Approval Handler | Duration: 2ms | Success: false | Reason: UNRESOLVED_APPLICATION
[2026-08-13T08:53:45.604Z] User: 111 | Chat: 999001 | Callback: "app_761bdff240" | Handler: Job Approval Handler | Duration: 3ms | Success: true | Reason: N/A
[2026-08-13T08:53:45.644Z] User: 111 | Chat: 999001 | Callback: "app_771e1e6422" | Handler: Job Approval Handler | Duration: 6ms | Success: true | Reason: N/A
[2026-08-13T08:53:45.709Z] User: 111 | Chat: 999001 | Callback: "rej_771e1e6422" | Handler: Job Approval Handler | Duration: 5ms | Success: true | Reason: N/A
[2026-08-13T08:53:46.909Z] User: 111 | Chat: 999001 | Callback: "follow_wait_771e1e6422" | Handler: Follow-up Scheduler | Duration: 1136ms | Success: true | Reason: N/A
[2026-08-13T08:53:46.962Z] User: 111 | Chat: 999001 | Callback: "app_771e1e6422" | Handler: Job Approval Handler | Duration: 8ms | Success: true | Reason: N/A
[2026-08-13T08:53:46.996Z] User: 111 | Chat: 999001 | Callback: "rej_771e1e6422" | Handler: Job Approval Handler | Duration: 31ms | Success: true | Reason: N/A
[2026-08-13T08:53:47.002Z] User: 111 | Chat: 999001 | Callback: "app_761bdff240" | Handler: Job Approval Handler | Duration: 5ms | Success: true | Reason: N/A
[2026-08-13T08:53:47.023Z] User: 111 | Chat: 999001 | Callback: "rej_761bdff240" | Handler: Job Approval Handler | Duration: 20ms | Success: true | Reason: N/A
[2026-08-13T08:53:47.031Z] User: 111 | Chat: 999001 | Callback: "app_0000000000" | Handler: Job Approval Handler | Duration: 7ms | Success: false | Reason: UNRESOLVED_APPLICATION
[2026-08-13T08:53:47.036Z] User: 111 | Chat: 999001 | Callback: "rej_0000000000" | Handler: Job Approval Handler | Duration: 3ms | Success: false | Reason: UNRESOLVED_APPLICATION
[2026-08-13T08:53:47.096Z] User: 111 | Chat: 999001 | Callback: "app_771e1e6422" | Handler: Job Approval Handler | Duration: 9ms | Success: true | Reason: N/A
[2026-08-13T08:53:47.198Z] User: 111 | Chat: 999001 | Callback: "app_771e1e6422" | Handler: Job Approval Handler | Duration: 8ms | Success: true | Reason: N/A
[2026-08-13T08:53:47.232Z] User: 111 | Chat: 999001 | Callback: "app_761bdff240" | Handler: Job Approval Handler | Duration: 34ms | Success: true | Reason: N/A
[2026-08-13T08:53:47.238Z] User: 111 | Chat: 999001 | Callback: "rej_761bdff240" | Handler: Job Approval Handler | Duration: 6ms | Success: true | Reason: N/A
[2026-08-13T08:53:47.389Z] User: 111 | Chat: 999001 | Callback: "app_771e1e6422" | Handler: Job Approval Handler | Duration: 8ms | Success: true | Reason: N/A
[2026-08-13T08:53:47.414Z] User: 111 | Chat: 999001 | Callback: "rej_771e1e6422" | Handler: Job Approval Handler | Duration: 7ms | Success: true | Reason: N/A
[2026-08-13T08:53:47.473Z] User: 111 | Chat: 999001 | Callback: "apply_all" | Handler: Bulk Approval Handler | Duration: 5ms | Success: true | Reason: N/A
[2026-08-13T08:53:47.551Z] User: 111 | Chat: 999001 | Callback: "reject_all" | Handler: Bulk Approval Handler | Duration: 56ms | Success: true | Reason: N/A
[2026-08-13T08:58:16.887Z] User: 111 | Chat: 999001 | Callback: "app_771e1e6422" | Handler: Job Approval Handler | Duration: 17ms | Success: true | Reason: N/A
[2026-08-13T08:58:16.961Z] User: 111 | Chat: 999001 | Callback: "rej_771e1e6422" | Handler: Job Approval Handler | Duration: 7ms | Success: true | Reason: N/A
[2026-08-13T08:58:17.029Z] User: 111 | Chat: 999001 | Callback: "app_0000000000" | Handler: Job Approval Handler | Duration: 3ms | Success: false | Reason: UNRESOLVED_APPLICATION
[2026-08-13T08:58:17.082Z] User: 111 | Chat: 999001 | Callback: "rej_0000000000" | Handler: Job Approval Handler | Duration: 7ms | Success: false | Reason: UNRESOLVED_APPLICATION
[2026-08-13T08:58:17.133Z] User: 111 | Chat: 999001 | Callback: "app_nonexistent999" | Handler: Job Approval Handler | Duration: 4ms | Success: false | Reason: UNRESOLVED_APPLICATION
[2026-08-13T08:58:17.188Z] User: 111 | Chat: 999001 | Callback: "app_761bdff240" | Handler: Job Approval Handler | Duration: 5ms | Success: true | Reason: N/A
[2026-08-13T08:58:17.260Z] User: 111 | Chat: 999001 | Callback: "app_771e1e6422" | Handler: Job Approval Handler | Duration: 16ms | Success: true | Reason: N/A
[2026-08-13T08:58:17.334Z] User: 111 | Chat: 999001 | Callback: "rej_771e1e6422" | Handler: Job Approval Handler | Duration: 6ms | Success: true | Reason: N/A
[2026-08-13T08:58:18.378Z] User: 111 | Chat: 999001 | Callback: "follow_wait_771e1e6422" | Handler: Follow-up Scheduler | Duration: 978ms | Success: true | Reason: N/A
[2026-08-13T08:58:18.427Z] User: 111 | Chat: 999001 | Callback: "app_771e1e6422" | Handler: Job Approval Handler | Duration: 8ms | Success: true | Reason: N/A
[2026-08-13T08:58:18.464Z] User: 111 | Chat: 999001 | Callback: "rej_771e1e6422" | Handler: Job Approval Handler | Duration: 30ms | Success: true | Reason: N/A
[2026-08-13T08:58:18.470Z] User: 111 | Chat: 999001 | Callback: "app_761bdff240" | Handler: Job Approval Handler | Duration: 4ms | Success: true | Reason: N/A
[2026-08-13T08:58:18.495Z] User: 111 | Chat: 999001 | Callback: "rej_761bdff240" | Handler: Job Approval Handler | Duration: 24ms | Success: true | Reason: N/A
[2026-08-13T08:58:18.500Z] User: 111 | Chat: 999001 | Callback: "app_0000000000" | Handler: Job Approval Handler | Duration: 4ms | Success: false | Reason: UNRESOLVED_APPLICATION
[2026-08-13T08:58:18.505Z] User: 111 | Chat: 999001 | Callback: "rej_0000000000" | Handler: Job Approval Handler | Duration: 4ms | Success: false | Reason: UNRESOLVED_APPLICATION
[2026-08-13T08:58:18.552Z] User: 111 | Chat: 999001 | Callback: "app_771e1e6422" | Handler: Job Approval Handler | Duration: 8ms | Success: true | Reason: N/A
[2026-08-13T08:58:18.615Z] User: 111 | Chat: 999001 | Callback: "app_771e1e6422" | Handler: Job Approval Handler | Duration: 9ms | Success: true | Reason: N/A
[2026-08-13T08:58:18.681Z] User: 111 | Chat: 999001 | Callback: "app_761bdff240" | Handler: Job Approval Handler | Duration: 66ms | Success: true | Reason: N/A
[2026-08-13T08:58:18.688Z] User: 111 | Chat: 999001 | Callback: "rej_761bdff240" | Handler: Job Approval Handler | Duration: 6ms | Success: true | Reason: N/A
[2026-08-13T08:58:18.846Z] User: 111 | Chat: 999001 | Callback: "app_771e1e6422" | Handler: Job Approval Handler | Duration: 14ms | Success: true | Reason: N/A
[2026-08-13T08:58:18.879Z] User: 111 | Chat: 999001 | Callback: "rej_771e1e6422" | Handler: Job Approval Handler | Duration: 6ms | Success: true | Reason: N/A
[2026-08-13T08:58:18.934Z] User: 111 | Chat: 999001 | Callback: "apply_all" | Handler: Bulk Approval Handler | Duration: 5ms | Success: true | Reason: N/A
[2026-08-13T08:58:18.983Z] User: 111 | Chat: 999001 | Callback: "reject_all" | Handler: Bulk Approval Handler | Duration: 29ms | Success: true | Reason: N/A
[2026-08-13T09:10:16.175Z] User: 111 | Chat: 999001 | Callback: "app_771e1e6422" | Handler: Job Approval Handler | Duration: 15ms | Success: true | Reason: N/A
[2026-08-13T09:10:16.248Z] User: 111 | Chat: 999001 | Callback: "rej_771e1e6422" | Handler: Job Approval Handler | Duration: 10ms | Success: true | Reason: N/A
[2026-08-13T09:10:16.322Z] User: 111 | Chat: 999001 | Callback: "app_0000000000" | Handler: Job Approval Handler | Duration: 3ms | Success: false | Reason: UNRESOLVED_APPLICATION
[2026-08-13T09:10:16.370Z] User: 111 | Chat: 999001 | Callback: "rej_0000000000" | Handler: Job Approval Handler | Duration: 3ms | Success: false | Reason: UNRESOLVED_APPLICATION
[2026-08-13T09:10:16.414Z] User: 111 | Chat: 999001 | Callback: "app_nonexistent999" | Handler: Job Approval Handler | Duration: 4ms | Success: false | Reason: UNRESOLVED_APPLICATION
[2026-08-13T09:10:16.464Z] User: 111 | Chat: 999001 | Callback: "app_761bdff240" | Handler: Job Approval Handler | Duration: 4ms | Success: true | Reason: N/A
[2026-08-13T09:10:16.518Z] User: 111 | Chat: 999001 | Callback: "app_771e1e6422" | Handler: Job Approval Handler | Duration: 10ms | Success: true | Reason: N/A
[2026-08-13T09:10:16.592Z] User: 111 | Chat: 999001 | Callback: "rej_771e1e6422" | Handler: Job Approval Handler | Duration: 7ms | Success: true | Reason: N/A
[2026-08-13T09:10:17.662Z] User: 111 | Chat: 999001 | Callback: "follow_wait_771e1e6422" | Handler: Follow-up Scheduler | Duration: 1006ms | Success: true | Reason: N/A
[2026-08-13T09:10:17.712Z] User: 111 | Chat: 999001 | Callback: "app_771e1e6422" | Handler: Job Approval Handler | Duration: 11ms | Success: true | Reason: N/A
[2026-08-13T09:10:17.784Z] User: 111 | Chat: 999001 | Callback: "rej_771e1e6422" | Handler: Job Approval Handler | Duration: 71ms | Success: true | Reason: N/A
[2026-08-13T09:10:17.790Z] User: 111 | Chat: 999001 | Callback: "app_761bdff240" | Handler: Job Approval Handler | Duration: 5ms | Success: true | Reason: N/A
[2026-08-13T09:10:17.804Z] User: 111 | Chat: 999001 | Callback: "rej_761bdff240" | Handler: Job Approval Handler | Duration: 13ms | Success: true | Reason: N/A
[2026-08-13T09:10:17.809Z] User: 111 | Chat: 999001 | Callback: "app_0000000000" | Handler: Job Approval Handler | Duration: 4ms | Success: false | Reason: UNRESOLVED_APPLICATION
[2026-08-13T09:10:17.815Z] User: 111 | Chat: 999001 | Callback: "rej_0000000000" | Handler: Job Approval Handler | Duration: 5ms | Success: false | Reason: UNRESOLVED_APPLICATION
[2026-08-13T09:10:17.871Z] User: 111 | Chat: 999001 | Callback: "app_771e1e6422" | Handler: Job Approval Handler | Duration: 8ms | Success: true | Reason: N/A
[2026-08-13T09:10:17.935Z] User: 111 | Chat: 999001 | Callback: "app_771e1e6422" | Handler: Job Approval Handler | Duration: 9ms | Success: true | Reason: N/A
[2026-08-13T09:10:17.964Z] User: 111 | Chat: 999001 | Callback: "app_761bdff240" | Handler: Job Approval Handler | Duration: 28ms | Success: true | Reason: N/A
[2026-08-13T09:10:17.969Z] User: 111 | Chat: 999001 | Callback: "rej_761bdff240" | Handler: Job Approval Handler | Duration: 5ms | Success: true | Reason: N/A
[2026-08-13T09:10:18.169Z] User: 111 | Chat: 999001 | Callback: "app_771e1e6422" | Handler: Job Approval Handler | Duration: 7ms | Success: true | Reason: N/A
[2026-08-13T09:10:18.215Z] User: 111 | Chat: 999001 | Callback: "rej_771e1e6422" | Handler: Job Approval Handler | Duration: 11ms | Success: true | Reason: N/A
[2026-08-13T09:10:18.312Z] User: 111 | Chat: 999001 | Callback: "apply_all" | Handler: Bulk Approval Handler | Duration: 12ms | Success: true | Reason: N/A
[2026-08-13T09:10:18.364Z] User: 111 | Chat: 999001 | Callback: "reject_all" | Handler: Bulk Approval Handler | Duration: 28ms | Success: true | Reason: N/A
[2026-08-13T09:11:00.684Z] User: 111 | Chat: 999001 | Callback: "app_771e1e6422" | Handler: Job Approval Handler | Duration: 17ms | Success: true | Reason: N/A
[2026-08-13T09:11:00.750Z] User: 111 | Chat: 999001 | Callback: "rej_771e1e6422" | Handler: Job Approval Handler | Duration: 9ms | Success: true | Reason: N/A
[2026-08-13T09:11:00.813Z] User: 111 | Chat: 999001 | Callback: "app_0000000000" | Handler: Job Approval Handler | Duration: 5ms | Success: false | Reason: UNRESOLVED_APPLICATION
[2026-08-13T09:11:00.862Z] User: 111 | Chat: 999001 | Callback: "rej_0000000000" | Handler: Job Approval Handler | Duration: 5ms | Success: false | Reason: UNRESOLVED_APPLICATION
[2026-08-13T09:11:00.908Z] User: 111 | Chat: 999001 | Callback: "app_nonexistent999" | Handler: Job Approval Handler | Duration: 4ms | Success: false | Reason: UNRESOLVED_APPLICATION
[2026-08-13T09:11:00.954Z] User: 111 | Chat: 999001 | Callback: "app_761bdff240" | Handler: Job Approval Handler | Duration: 4ms | Success: true | Reason: N/A
[2026-08-13T09:11:01.009Z] User: 111 | Chat: 999001 | Callback: "app_771e1e6422" | Handler: Job Approval Handler | Duration: 8ms | Success: true | Reason: N/A
[2026-08-13T09:11:01.108Z] User: 111 | Chat: 999001 | Callback: "rej_771e1e6422" | Handler: Job Approval Handler | Duration: 8ms | Success: true | Reason: N/A
[2026-08-13T09:11:02.088Z] User: 111 | Chat: 999001 | Callback: "follow_wait_771e1e6422" | Handler: Follow-up Scheduler | Duration: 914ms | Success: true | Reason: N/A
[2026-08-13T09:11:02.144Z] User: 111 | Chat: 999001 | Callback: "app_771e1e6422" | Handler: Job Approval Handler | Duration: 11ms | Success: true | Reason: N/A
[2026-08-13T09:11:02.175Z] User: 111 | Chat: 999001 | Callback: "rej_771e1e6422" | Handler: Job Approval Handler | Duration: 29ms | Success: true | Reason: N/A
[2026-08-13T09:11:02.182Z] User: 111 | Chat: 999001 | Callback: "app_761bdff240" | Handler: Job Approval Handler | Duration: 4ms | Success: true | Reason: N/A
[2026-08-13T09:11:02.199Z] User: 111 | Chat: 999001 | Callback: "rej_761bdff240" | Handler: Job Approval Handler | Duration: 15ms | Success: true | Reason: N/A
[2026-08-13T09:11:02.203Z] User: 111 | Chat: 999001 | Callback: "app_0000000000" | Handler: Job Approval Handler | Duration: 3ms | Success: false | Reason: UNRESOLVED_APPLICATION
[2026-08-13T09:11:02.208Z] User: 111 | Chat: 999001 | Callback: "rej_0000000000" | Handler: Job Approval Handler | Duration: 4ms | Success: false | Reason: UNRESOLVED_APPLICATION
[2026-08-13T09:11:02.288Z] User: 111 | Chat: 999001 | Callback: "app_771e1e6422" | Handler: Job Approval Handler | Duration: 7ms | Success: true | Reason: N/A
[2026-08-13T09:11:02.362Z] User: 111 | Chat: 999001 | Callback: "app_771e1e6422" | Handler: Job Approval Handler | Duration: 9ms | Success: true | Reason: N/A
[2026-08-13T09:11:02.388Z] User: 111 | Chat: 999001 | Callback: "app_761bdff240" | Handler: Job Approval Handler | Duration: 25ms | Success: true | Reason: N/A
[2026-08-13T09:11:02.394Z] User: 111 | Chat: 999001 | Callback: "rej_761bdff240" | Handler: Job Approval Handler | Duration: 6ms | Success: true | Reason: N/A
[2026-08-13T09:11:02.551Z] User: 111 | Chat: 999001 | Callback: "app_771e1e6422" | Handler: Job Approval Handler | Duration: 11ms | Success: true | Reason: N/A
[2026-08-13T09:11:02.583Z] User: 111 | Chat: 999001 | Callback: "rej_771e1e6422" | Handler: Job Approval Handler | Duration: 7ms | Success: true | Reason: N/A
[2026-08-13T09:11:02.647Z] User: 111 | Chat: 999001 | Callback: "apply_all" | Handler: Bulk Approval Handler | Duration: 5ms | Success: true | Reason: N/A
[2026-08-13T09:11:02.702Z] User: 111 | Chat: 999001 | Callback: "reject_all" | Handler: Bulk Approval Handler | Duration: 31ms | Success: true | Reason: N/A
[2026-08-13T09:16:11.189Z] User: 111 | Chat: 999001 | Callback: "app_771e1e6422" | Handler: Job Approval Handler | Duration: 19ms | Success: true | Reason: N/A
[2026-08-13T09:16:11.250Z] User: 111 | Chat: 999001 | Callback: "rej_771e1e6422" | Handler: Job Approval Handler | Duration: 6ms | Success: true | Reason: N/A
[2026-08-13T09:16:11.317Z] User: 111 | Chat: 999001 | Callback: "app_0000000000" | Handler: Job Approval Handler | Duration: 3ms | Success: false | Reason: UNRESOLVED_APPLICATION
[2026-08-13T09:16:11.362Z] User: 111 | Chat: 999001 | Callback: "rej_0000000000" | Handler: Job Approval Handler | Duration: 5ms | Success: false | Reason: UNRESOLVED_APPLICATION
[2026-08-13T09:16:11.398Z] User: 111 | Chat: 999001 | Callback: "app_nonexistent999" | Handler: Job Approval Handler | Duration: 4ms | Success: false | Reason: UNRESOLVED_APPLICATION
[2026-08-13T09:16:11.469Z] User: 111 | Chat: 999001 | Callback: "app_761bdff240" | Handler: Job Approval Handler | Duration: 5ms | Success: true | Reason: N/A
[2026-08-13T09:16:11.523Z] User: 111 | Chat: 999001 | Callback: "app_771e1e6422" | Handler: Job Approval Handler | Duration: 8ms | Success: true | Reason: N/A
[2026-08-13T09:16:11.582Z] User: 111 | Chat: 999001 | Callback: "rej_771e1e6422" | Handler: Job Approval Handler | Duration: 5ms | Success: true | Reason: N/A
[2026-08-13T09:16:12.647Z] User: 111 | Chat: 999001 | Callback: "follow_wait_771e1e6422" | Handler: Follow-up Scheduler | Duration: 1003ms | Success: true | Reason: N/A
[2026-08-13T09:16:12.696Z] User: 111 | Chat: 999001 | Callback: "app_771e1e6422" | Handler: Job Approval Handler | Duration: 12ms | Success: true | Reason: N/A
[2026-08-13T09:16:12.734Z] User: 111 | Chat: 999001 | Callback: "rej_771e1e6422" | Handler: Job Approval Handler | Duration: 35ms | Success: true | Reason: N/A
[2026-08-13T09:16:12.742Z] User: 111 | Chat: 999001 | Callback: "app_761bdff240" | Handler: Job Approval Handler | Duration: 5ms | Success: true | Reason: N/A
[2026-08-13T09:16:12.758Z] User: 111 | Chat: 999001 | Callback: "rej_761bdff240" | Handler: Job Approval Handler | Duration: 15ms | Success: true | Reason: N/A
[2026-08-13T09:16:12.763Z] User: 111 | Chat: 999001 | Callback: "app_0000000000" | Handler: Job Approval Handler | Duration: 3ms | Success: false | Reason: UNRESOLVED_APPLICATION
[2026-08-13T09:16:12.767Z] User: 111 | Chat: 999001 | Callback: "rej_0000000000" | Handler: Job Approval Handler | Duration: 4ms | Success: false | Reason: UNRESOLVED_APPLICATION
[2026-08-13T09:16:12.834Z] User: 111 | Chat: 999001 | Callback: "app_771e1e6422" | Handler: Job Approval Handler | Duration: 9ms | Success: true | Reason: N/A
[2026-08-13T09:16:12.902Z] User: 111 | Chat: 999001 | Callback: "app_771e1e6422" | Handler: Job Approval Handler | Duration: 8ms | Success: true | Reason: N/A
[2026-08-13T09:16:12.927Z] User: 111 | Chat: 999001 | Callback: "app_761bdff240" | Handler: Job Approval Handler | Duration: 24ms | Success: true | Reason: N/A
[2026-08-13T09:16:12.934Z] User: 111 | Chat: 999001 | Callback: "rej_761bdff240" | Handler: Job Approval Handler | Duration: 6ms | Success: true | Reason: N/A
[2026-08-13T09:16:13.088Z] User: 111 | Chat: 999001 | Callback: "app_771e1e6422" | Handler: Job Approval Handler | Duration: 8ms | Success: true | Reason: N/A
[2026-08-13T09:16:13.116Z] User: 111 | Chat: 999001 | Callback: "rej_771e1e6422" | Handler: Job Approval Handler | Duration: 7ms | Success: true | Reason: N/A
[2026-08-13T09:16:13.185Z] User: 111 | Chat: 999001 | Callback: "apply_all" | Handler: Bulk Approval Handler | Duration: 5ms | Success: true | Reason: N/A
[2026-08-13T09:16:13.235Z] User: 111 | Chat: 999001 | Callback: "reject_all" | Handler: Bulk Approval Handler | Duration: 24ms | Success: true | Reason: N/A
[2026-08-13T09:17:15.168Z] User: 111 | Chat: 999001 | Callback: "app_771e1e6422" | Handler: Job Approval Handler | Duration: 18ms | Success: true | Reason: N/A
[2026-08-13T09:17:15.234Z] User: 111 | Chat: 999001 | Callback: "rej_771e1e6422" | Handler: Job Approval Handler | Duration: 6ms | Success: true | Reason: N/A
[2026-08-13T09:17:15.298Z] User: 111 | Chat: 999001 | Callback: "app_0000000000" | Handler: Job Approval Handler | Duration: 4ms | Success: false | Reason: UNRESOLVED_APPLICATION
[2026-08-13T09:17:15.347Z] User: 111 | Chat: 999001 | Callback: "rej_0000000000" | Handler: Job Approval Handler | Duration: 4ms | Success: false | Reason: UNRESOLVED_APPLICATION
[2026-08-13T09:17:15.388Z] User: 111 | Chat: 999001 | Callback: "app_nonexistent999" | Handler: Job Approval Handler | Duration: 3ms | Success: false | Reason: UNRESOLVED_APPLICATION
[2026-08-13T09:17:15.426Z] User: 111 | Chat: 999001 | Callback: "app_761bdff240" | Handler: Job Approval Handler | Duration: 4ms | Success: true | Reason: N/A
[2026-08-13T09:17:15.477Z] User: 111 | Chat: 999001 | Callback: "app_771e1e6422" | Handler: Job Approval Handler | Duration: 9ms | Success: true | Reason: N/A
[2026-08-13T09:17:15.542Z] User: 111 | Chat: 999001 | Callback: "rej_771e1e6422" | Handler: Job Approval Handler | Duration: 5ms | Success: true | Reason: N/A
[2026-08-13T09:17:16.509Z] User: 111 | Chat: 999001 | Callback: "follow_wait_771e1e6422" | Handler: Follow-up Scheduler | Duration: 910ms | Success: true | Reason: N/A
[2026-08-13T09:17:16.552Z] User: 111 | Chat: 999001 | Callback: "app_771e1e6422" | Handler: Job Approval Handler | Duration: 9ms | Success: true | Reason: N/A
[2026-08-13T09:17:16.580Z] User: 111 | Chat: 999001 | Callback: "rej_771e1e6422" | Handler: Job Approval Handler | Duration: 27ms | Success: true | Reason: N/A
[2026-08-13T09:17:16.586Z] User: 111 | Chat: 999001 | Callback: "app_761bdff240" | Handler: Job Approval Handler | Duration: 4ms | Success: true | Reason: N/A
[2026-08-13T09:17:16.599Z] User: 111 | Chat: 999001 | Callback: "rej_761bdff240" | Handler: Job Approval Handler | Duration: 12ms | Success: true | Reason: N/A
[2026-08-13T09:17:16.604Z] User: 111 | Chat: 999001 | Callback: "app_0000000000" | Handler: Job Approval Handler | Duration: 4ms | Success: false | Reason: UNRESOLVED_APPLICATION
[2026-08-13T09:17:16.608Z] User: 111 | Chat: 999001 | Callback: "rej_0000000000" | Handler: Job Approval Handler | Duration: 3ms | Success: false | Reason: UNRESOLVED_APPLICATION
[2026-08-13T09:17:16.669Z] User: 111 | Chat: 999001 | Callback: "app_771e1e6422" | Handler: Job Approval Handler | Duration: 8ms | Success: true | Reason: N/A
[2026-08-13T09:17:16.735Z] User: 111 | Chat: 999001 | Callback: "app_771e1e6422" | Handler: Job Approval Handler | Duration: 7ms | Success: true | Reason: N/A
[2026-08-13T09:17:16.759Z] User: 111 | Chat: 999001 | Callback: "app_761bdff240" | Handler: Job Approval Handler | Duration: 22ms | Success: true | Reason: N/A
[2026-08-13T09:17:16.766Z] User: 111 | Chat: 999001 | Callback: "rej_761bdff240" | Handler: Job Approval Handler | Duration: 7ms | Success: true | Reason: N/A
[2026-08-13T09:17:16.907Z] User: 111 | Chat: 999001 | Callback: "app_771e1e6422" | Handler: Job Approval Handler | Duration: 7ms | Success: true | Reason: N/A
[2026-08-13T09:17:16.938Z] User: 111 | Chat: 999001 | Callback: "rej_771e1e6422" | Handler: Job Approval Handler | Duration: 6ms | Success: true | Reason: N/A
[2026-08-13T09:17:16.995Z] User: 111 | Chat: 999001 | Callback: "apply_all" | Handler: Bulk Approval Handler | Duration: 5ms | Success: true | Reason: N/A
[2026-08-13T09:17:17.043Z] User: 111 | Chat: 999001 | Callback: "reject_all" | Handler: Bulk Approval Handler | Duration: 28ms | Success: true | Reason: N/A
[2026-08-13T09:20:22.581Z] User: 111 | Chat: 999001 | Callback: "app_771e1e6422" | Handler: Job Approval Handler | Duration: 20ms | Success: true | Reason: N/A
[2026-08-13T09:20:22.687Z] User: 111 | Chat: 999001 | Callback: "rej_771e1e6422" | Handler: Job Approval Handler | Duration: 7ms | Success: true | Reason: N/A
[2026-08-13T09:20:22.759Z] User: 111 | Chat: 999001 | Callback: "app_0000000000" | Handler: Job Approval Handler | Duration: 4ms | Success: false | Reason: UNRESOLVED_APPLICATION
[2026-08-13T09:20:22.814Z] User: 111 | Chat: 999001 | Callback: "rej_0000000000" | Handler: Job Approval Handler | Duration: 4ms | Success: false | Reason: UNRESOLVED_APPLICATION
[2026-08-13T09:20:22.858Z] User: 111 | Chat: 999001 | Callback: "app_nonexistent999" | Handler: Job Approval Handler | Duration: 5ms | Success: false | Reason: UNRESOLVED_APPLICATION
[2026-08-13T09:20:22.899Z] User: 111 | Chat: 999001 | Callback: "app_761bdff240" | Handler: Job Approval Handler | Duration: 4ms | Success: true | Reason: N/A
[2026-08-13T09:20:22.959Z] User: 111 | Chat: 999001 | Callback: "app_771e1e6422" | Handler: Job Approval Handler | Duration: 11ms | Success: true | Reason: N/A
[2026-08-13T09:20:23.031Z] User: 111 | Chat: 999001 | Callback: "rej_771e1e6422" | Handler: Job Approval Handler | Duration: 5ms | Success: true | Reason: N/A
[2026-08-13T09:20:24.095Z] User: 111 | Chat: 999001 | Callback: "follow_wait_771e1e6422" | Handler: Follow-up Scheduler | Duration: 969ms | Success: true | Reason: N/A
[2026-08-13T09:20:24.141Z] User: 111 | Chat: 999001 | Callback: "app_771e1e6422" | Handler: Job Approval Handler | Duration: 8ms | Success: true | Reason: N/A
[2026-08-13T09:20:24.174Z] User: 111 | Chat: 999001 | Callback: "rej_771e1e6422" | Handler: Job Approval Handler | Duration: 32ms | Success: true | Reason: N/A
[2026-08-13T09:20:24.179Z] User: 111 | Chat: 999001 | Callback: "app_761bdff240" | Handler: Job Approval Handler | Duration: 3ms | Success: true | Reason: N/A
[2026-08-13T09:20:24.197Z] User: 111 | Chat: 999001 | Callback: "rej_761bdff240" | Handler: Job Approval Handler | Duration: 17ms | Success: true | Reason: N/A
[2026-08-13T09:20:24.202Z] User: 111 | Chat: 999001 | Callback: "app_0000000000" | Handler: Job Approval Handler | Duration: 3ms | Success: false | Reason: UNRESOLVED_APPLICATION
[2026-08-13T09:20:24.207Z] User: 111 | Chat: 999001 | Callback: "rej_0000000000" | Handler: Job Approval Handler | Duration: 3ms | Success: false | Reason: UNRESOLVED_APPLICATION
[2026-08-13T09:20:24.267Z] User: 111 | Chat: 999001 | Callback: "app_771e1e6422" | Handler: Job Approval Handler | Duration: 7ms | Success: true | Reason: N/A
[2026-08-13T09:20:24.335Z] User: 111 | Chat: 999001 | Callback: "app_771e1e6422" | Handler: Job Approval Handler | Duration: 14ms | Success: true | Reason: N/A
[2026-08-13T09:20:24.361Z] User: 111 | Chat: 999001 | Callback: "app_761bdff240" | Handler: Job Approval Handler | Duration: 25ms | Success: true | Reason: N/A
[2026-08-13T09:20:24.367Z] User: 111 | Chat: 999001 | Callback: "rej_761bdff240" | Handler: Job Approval Handler | Duration: 5ms | Success: true | Reason: N/A
[2026-08-13T09:20:24.547Z] User: 111 | Chat: 999001 | Callback: "app_771e1e6422" | Handler: Job Approval Handler | Duration: 8ms | Success: true | Reason: N/A
[2026-08-13T09:20:24.577Z] User: 111 | Chat: 999001 | Callback: "rej_771e1e6422" | Handler: Job Approval Handler | Duration: 8ms | Success: true | Reason: N/A
[2026-08-13T09:20:24.648Z] User: 111 | Chat: 999001 | Callback: "apply_all" | Handler: Bulk Approval Handler | Duration: 5ms | Success: true | Reason: N/A
[2026-08-13T09:20:24.731Z] User: 111 | Chat: 999001 | Callback: "reject_all" | Handler: Bulk Approval Handler | Duration: 60ms | Success: true | Reason: N/A
[2026-08-13T09:23:19.091Z] User: 111 | Chat: 999001 | Callback: "app_771e1e6422" | Handler: Job Approval Handler | Duration: 7ms | Success: true | Reason: N/A
[2026-08-13T09:23:19.118Z] User: 111 | Chat: 999001 | Callback: "rej_771e1e6422" | Handler: Job Approval Handler | Duration: 2ms | Success: true | Reason: N/A
[2026-08-13T09:23:19.145Z] User: 111 | Chat: 999001 | Callback: "app_0000000000" | Handler: Job Approval Handler | Duration: 1ms | Success: false | Reason: UNRESOLVED_APPLICATION
[2026-08-13T09:23:19.161Z] User: 111 | Chat: 999001 | Callback: "rej_0000000000" | Handler: Job Approval Handler | Duration: 2ms | Success: false | Reason: UNRESOLVED_APPLICATION
[2026-08-13T09:23:19.182Z] User: 111 | Chat: 999001 | Callback: "app_nonexistent999" | Handler: Job Approval Handler | Duration: 3ms | Success: false | Reason: UNRESOLVED_APPLICATION
[2026-08-13T09:23:19.200Z] User: 111 | Chat: 999001 | Callback: "app_761bdff240" | Handler: Job Approval Handler | Duration: 2ms | Success: true | Reason: N/A
[2026-08-13T09:23:19.220Z] User: 111 | Chat: 999001 | Callback: "app_771e1e6422" | Handler: Job Approval Handler | Duration: 2ms | Success: true | Reason: N/A
[2026-08-13T09:23:19.245Z] User: 111 | Chat: 999001 | Callback: "rej_771e1e6422" | Handler: Job Approval Handler | Duration: 2ms | Success: true | Reason: N/A
[2026-08-13T09:23:19.709Z] User: 111 | Chat: 999001 | Callback: "follow_wait_771e1e6422" | Handler: Follow-up Scheduler | Duration: 430ms | Success: true | Reason: N/A
[2026-08-13T09:23:19.731Z] User: 111 | Chat: 999001 | Callback: "app_771e1e6422" | Handler: Job Approval Handler | Duration: 5ms | Success: true | Reason: N/A
[2026-08-13T09:23:19.741Z] User: 111 | Chat: 999001 | Callback: "rej_771e1e6422" | Handler: Job Approval Handler | Duration: 10ms | Success: true | Reason: N/A
[2026-08-13T09:23:19.744Z] User: 111 | Chat: 999001 | Callback: "app_761bdff240" | Handler: Job Approval Handler | Duration: 2ms | Success: true | Reason: N/A
[2026-08-13T09:23:19.752Z] User: 111 | Chat: 999001 | Callback: "rej_761bdff240" | Handler: Job Approval Handler | Duration: 8ms | Success: true | Reason: N/A
[2026-08-13T09:23:19.754Z] User: 111 | Chat: 999001 | Callback: "app_0000000000" | Handler: Job Approval Handler | Duration: 1ms | Success: false | Reason: UNRESOLVED_APPLICATION
[2026-08-13T09:23:19.756Z] User: 111 | Chat: 999001 | Callback: "rej_0000000000" | Handler: Job Approval Handler | Duration: 1ms | Success: false | Reason: UNRESOLVED_APPLICATION
[2026-08-13T09:23:19.780Z] User: 111 | Chat: 999001 | Callback: "app_771e1e6422" | Handler: Job Approval Handler | Duration: 3ms | Success: true | Reason: N/A
[2026-08-13T09:23:19.810Z] User: 111 | Chat: 999001 | Callback: "app_771e1e6422" | Handler: Job Approval Handler | Duration: 3ms | Success: true | Reason: N/A
[2026-08-13T09:23:19.826Z] User: 111 | Chat: 999001 | Callback: "app_761bdff240" | Handler: Job Approval Handler | Duration: 13ms | Success: true | Reason: N/A
[2026-08-13T09:23:19.829Z] User: 111 | Chat: 999001 | Callback: "rej_761bdff240" | Handler: Job Approval Handler | Duration: 2ms | Success: true | Reason: N/A
[2026-08-13T09:23:19.887Z] User: 111 | Chat: 999001 | Callback: "app_771e1e6422" | Handler: Job Approval Handler | Duration: 3ms | Success: true | Reason: N/A
[2026-08-13T09:23:19.902Z] User: 111 | Chat: 999001 | Callback: "rej_771e1e6422" | Handler: Job Approval Handler | Duration: 2ms | Success: true | Reason: N/A
[2026-08-13T09:23:19.928Z] User: 111 | Chat: 999001 | Callback: "apply_all" | Handler: Bulk Approval Handler | Duration: 2ms | Success: true | Reason: N/A
[2026-08-13T09:23:19.949Z] User: 111 | Chat: 999001 | Callback: "reject_all" | Handler: Bulk Approval Handler | Duration: 11ms | Success: true | Reason: N/A
[2026-08-13T09:25:27.158Z] User: 111 | Chat: 999001 | Callback: "app_771e1e6422" | Handler: Job Approval Handler | Duration: 8ms | Success: true | Reason: N/A
[2026-08-13T09:25:27.184Z] User: 111 | Chat: 999001 | Callback: "rej_771e1e6422" | Handler: Job Approval Handler | Duration: 2ms | Success: true | Reason: N/A
[2026-08-13T09:25:27.210Z] User: 111 | Chat: 999001 | Callback: "app_0000000000" | Handler: Job Approval Handler | Duration: 1ms | Success: false | Reason: UNRESOLVED_APPLICATION
[2026-08-13T09:25:27.225Z] User: 111 | Chat: 999001 | Callback: "rej_0000000000" | Handler: Job Approval Handler | Duration: 2ms | Success: false | Reason: UNRESOLVED_APPLICATION
[2026-08-13T09:25:27.239Z] User: 111 | Chat: 999001 | Callback: "app_nonexistent999" | Handler: Job Approval Handler | Duration: 1ms | Success: false | Reason: UNRESOLVED_APPLICATION
[2026-08-13T09:25:27.256Z] User: 111 | Chat: 999001 | Callback: "app_761bdff240" | Handler: Job Approval Handler | Duration: 2ms | Success: true | Reason: N/A
[2026-08-13T09:25:27.274Z] User: 111 | Chat: 999001 | Callback: "app_771e1e6422" | Handler: Job Approval Handler | Duration: 3ms | Success: true | Reason: N/A
[2026-08-13T09:25:27.297Z] User: 111 | Chat: 999001 | Callback: "rej_771e1e6422" | Handler: Job Approval Handler | Duration: 2ms | Success: true | Reason: N/A
[2026-08-13T09:25:27.887Z] User: 111 | Chat: 999001 | Callback: "follow_wait_771e1e6422" | Handler: Follow-up Scheduler | Duration: 561ms | Success: true | Reason: N/A
[2026-08-13T09:25:27.902Z] User: 111 | Chat: 999001 | Callback: "app_771e1e6422" | Handler: Job Approval Handler | Duration: 3ms | Success: true | Reason: N/A
[2026-08-13T09:25:27.917Z] User: 111 | Chat: 999001 | Callback: "rej_771e1e6422" | Handler: Job Approval Handler | Duration: 14ms | Success: true | Reason: N/A
[2026-08-13T09:25:27.919Z] User: 111 | Chat: 999001 | Callback: "app_761bdff240" | Handler: Job Approval Handler | Duration: 2ms | Success: true | Reason: N/A
[2026-08-13T09:25:27.929Z] User: 111 | Chat: 999001 | Callback: "rej_761bdff240" | Handler: Job Approval Handler | Duration: 10ms | Success: true | Reason: N/A
[2026-08-13T09:25:27.931Z] User: 111 | Chat: 999001 | Callback: "app_0000000000" | Handler: Job Approval Handler | Duration: 1ms | Success: false | Reason: UNRESOLVED_APPLICATION
[2026-08-13T09:25:27.932Z] User: 111 | Chat: 999001 | Callback: "rej_0000000000" | Handler: Job Approval Handler | Duration: 1ms | Success: false | Reason: UNRESOLVED_APPLICATION
[2026-08-13T09:25:27.952Z] User: 111 | Chat: 999001 | Callback: "app_771e1e6422" | Handler: Job Approval Handler | Duration: 2ms | Success: true | Reason: N/A
[2026-08-13T09:25:27.982Z] User: 111 | Chat: 999001 | Callback: "app_771e1e6422" | Handler: Job Approval Handler | Duration: 3ms | Success: true | Reason: N/A
[2026-08-13T09:25:27.992Z] User: 111 | Chat: 999001 | Callback: "app_761bdff240" | Handler: Job Approval Handler | Duration: 9ms | Success: true | Reason: N/A
[2026-08-13T09:25:27.994Z] User: 111 | Chat: 999001 | Callback: "rej_761bdff240" | Handler: Job Approval Handler | Duration: 2ms | Success: true | Reason: N/A
[2026-08-13T09:25:28.057Z] User: 111 | Chat: 999001 | Callback: "app_771e1e6422" | Handler: Job Approval Handler | Duration: 3ms | Success: true | Reason: N/A
[2026-08-13T09:25:28.069Z] User: 111 | Chat: 999001 | Callback: "rej_771e1e6422" | Handler: Job Approval Handler | Duration: 3ms | Success: true | Reason: N/A
[2026-08-13T09:25:28.100Z] User: 111 | Chat: 999001 | Callback: "apply_all" | Handler: Bulk Approval Handler | Duration: 3ms | Success: true | Reason: N/A
[2026-08-13T09:25:28.129Z] User: 111 | Chat: 999001 | Callback: "reject_all" | Handler: Bulk Approval Handler | Duration: 21ms | Success: true | Reason: N/A
[2026-08-13T09:25:51.184Z] User: 111 | Chat: 999001 | Callback: "app_771e1e6422" | Handler: Job Approval Handler | Duration: 11ms | Success: true | Reason: N/A
[2026-08-13T09:25:51.222Z] User: 111 | Chat: 999001 | Callback: "rej_771e1e6422" | Handler: Job Approval Handler | Duration: 3ms | Success: true | Reason: N/A
[2026-08-13T09:25:51.251Z] User: 111 | Chat: 999001 | Callback: "app_0000000000" | Handler: Job Approval Handler | Duration: 2ms | Success: false | Reason: UNRESOLVED_APPLICATION
[2026-08-13T09:25:51.273Z] User: 111 | Chat: 999001 | Callback: "rej_0000000000" | Handler: Job Approval Handler | Duration: 1ms | Success: false | Reason: UNRESOLVED_APPLICATION
[2026-08-13T09:25:51.290Z] User: 111 | Chat: 999001 | Callback: "app_nonexistent999" | Handler: Job Approval Handler | Duration: 1ms | Success: false | Reason: UNRESOLVED_APPLICATION
[2026-08-13T09:25:51.314Z] User: 111 | Chat: 999001 | Callback: "app_761bdff240" | Handler: Job Approval Handler | Duration: 1ms | Success: true | Reason: N/A
[2026-08-13T09:25:51.340Z] User: 111 | Chat: 999001 | Callback: "app_771e1e6422" | Handler: Job Approval Handler | Duration: 3ms | Success: true | Reason: N/A
[2026-08-13T09:25:51.369Z] User: 111 | Chat: 999001 | Callback: "rej_771e1e6422" | Handler: Job Approval Handler | Duration: 2ms | Success: true | Reason: N/A
[2026-08-13T09:25:51.782Z] User: 111 | Chat: 999001 | Callback: "follow_wait_771e1e6422" | Handler: Follow-up Scheduler | Duration: 387ms | Success: true | Reason: N/A
[2026-08-13T09:25:51.800Z] User: 111 | Chat: 999001 | Callback: "app_771e1e6422" | Handler: Job Approval Handler | Duration: 3ms | Success: true | Reason: N/A
[2026-08-13T09:25:51.812Z] User: 111 | Chat: 999001 | Callback: "rej_771e1e6422" | Handler: Job Approval Handler | Duration: 11ms | Success: true | Reason: N/A
[2026-08-13T09:25:51.814Z] User: 111 | Chat: 999001 | Callback: "app_761bdff240" | Handler: Job Approval Handler | Duration: 2ms | Success: true | Reason: N/A
[2026-08-13T09:25:51.821Z] User: 111 | Chat: 999001 | Callback: "rej_761bdff240" | Handler: Job Approval Handler | Duration: 7ms | Success: true | Reason: N/A
[2026-08-13T09:25:51.823Z] User: 111 | Chat: 999001 | Callback: "app_0000000000" | Handler: Job Approval Handler | Duration: 2ms | Success: false | Reason: UNRESOLVED_APPLICATION
[2026-08-13T09:25:51.824Z] User: 111 | Chat: 999001 | Callback: "rej_0000000000" | Handler: Job Approval Handler | Duration: 1ms | Success: false | Reason: UNRESOLVED_APPLICATION
[2026-08-13T09:25:51.847Z] User: 111 | Chat: 999001 | Callback: "app_771e1e6422" | Handler: Job Approval Handler | Duration: 3ms | Success: true | Reason: N/A
[2026-08-13T09:25:51.878Z] User: 111 | Chat: 999001 | Callback: "app_771e1e6422" | Handler: Job Approval Handler | Duration: 3ms | Success: true | Reason: N/A
[2026-08-13T09:25:51.890Z] User: 111 | Chat: 999001 | Callback: "app_761bdff240" | Handler: Job Approval Handler | Duration: 12ms | Success: true | Reason: N/A
[2026-08-13T09:25:51.892Z] User: 111 | Chat: 999001 | Callback: "rej_761bdff240" | Handler: Job Approval Handler | Duration: 2ms | Success: true | Reason: N/A
[2026-08-13T09:25:51.957Z] User: 111 | Chat: 999001 | Callback: "app_771e1e6422" | Handler: Job Approval Handler | Duration: 3ms | Success: true | Reason: N/A
[2026-08-13T09:25:51.970Z] User: 111 | Chat: 999001 | Callback: "rej_771e1e6422" | Handler: Job Approval Handler | Duration: 3ms | Success: true | Reason: N/A
[2026-08-13T09:25:51.995Z] User: 111 | Chat: 999001 | Callback: "apply_all" | Handler: Bulk Approval Handler | Duration: 2ms | Success: true | Reason: N/A
[2026-08-13T09:25:52.017Z] User: 111 | Chat: 999001 | Callback: "reject_all" | Handler: Bulk Approval Handler | Duration: 12ms | Success: true | Reason: N/A
[2026-08-13T09:26:39.741Z] User: 111 | Chat: 999001 | Callback: "app_771e1e6422" | Handler: Job Approval Handler | Duration: 8ms | Success: true | Reason: N/A
[2026-08-13T09:26:39.772Z] User: 111 | Chat: 999001 | Callback: "rej_771e1e6422" | Handler: Job Approval Handler | Duration: 3ms | Success: true | Reason: N/A
[2026-08-13T09:26:39.804Z] User: 111 | Chat: 999001 | Callback: "app_0000000000" | Handler: Job Approval Handler | Duration: 2ms | Success: false | Reason: UNRESOLVED_APPLICATION
[2026-08-13T09:26:39.820Z] User: 111 | Chat: 999001 | Callback: "rej_0000000000" | Handler: Job Approval Handler | Duration: 1ms | Success: false | Reason: UNRESOLVED_APPLICATION
[2026-08-13T09:26:39.838Z] User: 111 | Chat: 999001 | Callback: "app_nonexistent999" | Handler: Job Approval Handler | Duration: 3ms | Success: false | Reason: UNRESOLVED_APPLICATION
[2026-08-13T09:26:39.857Z] User: 111 | Chat: 999001 | Callback: "app_761bdff240" | Handler: Job Approval Handler | Duration: 1ms | Success: true | Reason: N/A
[2026-08-13T09:26:39.882Z] User: 111 | Chat: 999001 | Callback: "app_771e1e6422" | Handler: Job Approval Handler | Duration: 3ms | Success: true | Reason: N/A
[2026-08-13T09:26:39.914Z] User: 111 | Chat: 999001 | Callback: "rej_771e1e6422" | Handler: Job Approval Handler | Duration: 2ms | Success: true | Reason: N/A
[2026-08-13T09:26:40.367Z] User: 111 | Chat: 999001 | Callback: "follow_wait_771e1e6422" | Handler: Follow-up Scheduler | Duration: 426ms | Success: true | Reason: N/A
[2026-08-13T09:26:40.389Z] User: 111 | Chat: 999001 | Callback: "app_771e1e6422" | Handler: Job Approval Handler | Duration: 4ms | Success: true | Reason: N/A
[2026-08-13T09:26:40.404Z] User: 111 | Chat: 999001 | Callback: "rej_771e1e6422" | Handler: Job Approval Handler | Duration: 15ms | Success: true | Reason: N/A
[2026-08-13T09:26:40.406Z] User: 111 | Chat: 999001 | Callback: "app_761bdff240" | Handler: Job Approval Handler | Duration: 1ms | Success: true | Reason: N/A
[2026-08-13T09:26:40.416Z] User: 111 | Chat: 999001 | Callback: "rej_761bdff240" | Handler: Job Approval Handler | Duration: 9ms | Success: true | Reason: N/A
[2026-08-13T09:26:40.418Z] User: 111 | Chat: 999001 | Callback: "app_0000000000" | Handler: Job Approval Handler | Duration: 2ms | Success: false | Reason: UNRESOLVED_APPLICATION
[2026-08-13T09:26:40.420Z] User: 111 | Chat: 999001 | Callback: "rej_0000000000" | Handler: Job Approval Handler | Duration: 1ms | Success: false | Reason: UNRESOLVED_APPLICATION
[2026-08-13T09:26:40.446Z] User: 111 | Chat: 999001 | Callback: "app_771e1e6422" | Handler: Job Approval Handler | Duration: 2ms | Success: true | Reason: N/A
[2026-08-13T09:26:40.475Z] User: 111 | Chat: 999001 | Callback: "app_771e1e6422" | Handler: Job Approval Handler | Duration: 3ms | Success: true | Reason: N/A
[2026-08-13T09:26:40.485Z] User: 111 | Chat: 999001 | Callback: "app_761bdff240" | Handler: Job Approval Handler | Duration: 10ms | Success: true | Reason: N/A
[2026-08-13T09:26:40.488Z] User: 111 | Chat: 999001 | Callback: "rej_761bdff240" | Handler: Job Approval Handler | Duration: 3ms | Success: true | Reason: N/A
[2026-08-13T09:26:40.552Z] User: 111 | Chat: 999001 | Callback: "app_771e1e6422" | Handler: Job Approval Handler | Duration: 3ms | Success: true | Reason: N/A
[2026-08-13T09:26:40.566Z] User: 111 | Chat: 999001 | Callback: "rej_771e1e6422" | Handler: Job Approval Handler | Duration: 3ms | Success: true | Reason: N/A
[2026-08-13T09:26:40.592Z] User: 111 | Chat: 999001 | Callback: "apply_all" | Handler: Bulk Approval Handler | Duration: 2ms | Success: true | Reason: N/A
[2026-08-13T09:26:40.614Z] User: 111 | Chat: 999001 | Callback: "reject_all" | Handler: Bulk Approval Handler | Duration: 12ms | Success: true | Reason: N/A
[2026-08-13T09:27:10.618Z] User: 111 | Chat: 999001 | Callback: "app_771e1e6422" | Handler: Job Approval Handler | Duration: 7ms | Success: true | Reason: N/A
[2026-08-13T09:27:10.650Z] User: 111 | Chat: 999001 | Callback: "rej_771e1e6422" | Handler: Job Approval Handler | Duration: 3ms | Success: true | Reason: N/A
[2026-08-13T09:27:10.678Z] User: 111 | Chat: 999001 | Callback: "app_0000000000" | Handler: Job Approval Handler | Duration: 1ms | Success: false | Reason: UNRESOLVED_APPLICATION
[2026-08-13T09:27:10.703Z] User: 111 | Chat: 999001 | Callback: "rej_0000000000" | Handler: Job Approval Handler | Duration: 2ms | Success: false | Reason: UNRESOLVED_APPLICATION
[2026-08-13T09:27:10.724Z] User: 111 | Chat: 999001 | Callback: "app_nonexistent999" | Handler: Job Approval Handler | Duration: 1ms | Success: false | Reason: UNRESOLVED_APPLICATION
[2026-08-13T09:27:10.751Z] User: 111 | Chat: 999001 | Callback: "app_761bdff240" | Handler: Job Approval Handler | Duration: 5ms | Success: true | Reason: N/A
[2026-08-13T09:27:10.776Z] User: 111 | Chat: 999001 | Callback: "app_771e1e6422" | Handler: Job Approval Handler | Duration: 4ms | Success: true | Reason: N/A
[2026-08-13T09:27:10.811Z] User: 111 | Chat: 999001 | Callback: "rej_771e1e6422" | Handler: Job Approval Handler | Duration: 2ms | Success: true | Reason: N/A
[2026-08-13T09:27:11.316Z] User: 111 | Chat: 999001 | Callback: "follow_wait_771e1e6422" | Handler: Follow-up Scheduler | Duration: 476ms | Success: true | Reason: N/A
[2026-08-13T09:27:11.332Z] User: 111 | Chat: 999001 | Callback: "app_771e1e6422" | Handler: Job Approval Handler | Duration: 3ms | Success: true | Reason: N/A
[2026-08-13T09:27:11.345Z] User: 111 | Chat: 999001 | Callback: "rej_771e1e6422" | Handler: Job Approval Handler | Duration: 12ms | Success: true | Reason: N/A
[2026-08-13T09:27:11.346Z] User: 111 | Chat: 999001 | Callback: "app_761bdff240" | Handler: Job Approval Handler | Duration: 1ms | Success: true | Reason: N/A
[2026-08-13T09:27:11.357Z] User: 111 | Chat: 999001 | Callback: "rej_761bdff240" | Handler: Job Approval Handler | Duration: 10ms | Success: true | Reason: N/A
[2026-08-13T09:27:11.359Z] User: 111 | Chat: 999001 | Callback: "app_0000000000" | Handler: Job Approval Handler | Duration: 2ms | Success: false | Reason: UNRESOLVED_APPLICATION
[2026-08-13T09:27:11.360Z] User: 111 | Chat: 999001 | Callback: "rej_0000000000" | Handler: Job Approval Handler | Duration: 1ms | Success: false | Reason: UNRESOLVED_APPLICATION
[2026-08-13T09:27:11.383Z] User: 111 | Chat: 999001 | Callback: "app_771e1e6422" | Handler: Job Approval Handler | Duration: 3ms | Success: true | Reason: N/A
[2026-08-13T09:27:11.409Z] User: 111 | Chat: 999001 | Callback: "app_771e1e6422" | Handler: Job Approval Handler | Duration: 3ms | Success: true | Reason: N/A
[2026-08-13T09:27:11.418Z] User: 111 | Chat: 999001 | Callback: "app_761bdff240" | Handler: Job Approval Handler | Duration: 8ms | Success: true | Reason: N/A
[2026-08-13T09:27:11.421Z] User: 111 | Chat: 999001 | Callback: "rej_761bdff240" | Handler: Job Approval Handler | Duration: 3ms | Success: true | Reason: N/A
[2026-08-13T09:27:11.478Z] User: 111 | Chat: 999001 | Callback: "app_771e1e6422" | Handler: Job Approval Handler | Duration: 4ms | Success: true | Reason: N/A
[2026-08-13T09:27:11.494Z] User: 111 | Chat: 999001 | Callback: "rej_771e1e6422" | Handler: Job Approval Handler | Duration: 3ms | Success: true | Reason: N/A
[2026-08-13T09:27:11.539Z] User: 111 | Chat: 999001 | Callback: "apply_all" | Handler: Bulk Approval Handler | Duration: 18ms | Success: true | Reason: N/A
[2026-08-13T09:27:11.563Z] User: 111 | Chat: 999001 | Callback: "reject_all" | Handler: Bulk Approval Handler | Duration: 13ms | Success: true | Reason: N/A
[2026-08-13T09:30:30.530Z] User: 111 | Chat: 999001 | Callback: "app_771e1e6422" | Handler: Job Approval Handler | Duration: 9ms | Success: true | Reason: N/A
[2026-08-13T09:30:30.564Z] User: 111 | Chat: 999001 | Callback: "rej_771e1e6422" | Handler: Job Approval Handler | Duration: 3ms | Success: true | Reason: N/A
[2026-08-13T09:30:30.593Z] User: 111 | Chat: 999001 | Callback: "app_0000000000" | Handler: Job Approval Handler | Duration: 1ms | Success: false | Reason: UNRESOLVED_APPLICATION
[2026-08-13T09:30:30.612Z] User: 111 | Chat: 999001 | Callback: "rej_0000000000" | Handler: Job Approval Handler | Duration: 2ms | Success: false | Reason: UNRESOLVED_APPLICATION
[2026-08-13T09:30:30.626Z] User: 111 | Chat: 999001 | Callback: "app_nonexistent999" | Handler: Job Approval Handler | Duration: 1ms | Success: false | Reason: UNRESOLVED_APPLICATION
[2026-08-13T09:30:30.644Z] User: 111 | Chat: 999001 | Callback: "app_761bdff240" | Handler: Job Approval Handler | Duration: 2ms | Success: true | Reason: N/A
[2026-08-13T09:30:30.668Z] User: 111 | Chat: 999001 | Callback: "app_771e1e6422" | Handler: Job Approval Handler | Duration: 3ms | Success: true | Reason: N/A
[2026-08-13T09:30:30.697Z] User: 111 | Chat: 999001 | Callback: "rej_771e1e6422" | Handler: Job Approval Handler | Duration: 2ms | Success: true | Reason: N/A
[2026-08-13T09:30:31.159Z] User: 111 | Chat: 999001 | Callback: "follow_wait_771e1e6422" | Handler: Follow-up Scheduler | Duration: 430ms | Success: true | Reason: N/A
[2026-08-13T09:30:31.181Z] User: 111 | Chat: 999001 | Callback: "app_771e1e6422" | Handler: Job Approval Handler | Duration: 4ms | Success: true | Reason: N/A
[2026-08-13T09:30:31.194Z] User: 111 | Chat: 999001 | Callback: "rej_771e1e6422" | Handler: Job Approval Handler | Duration: 12ms | Success: true | Reason: N/A
[2026-08-13T09:30:31.196Z] User: 111 | Chat: 999001 | Callback: "app_761bdff240" | Handler: Job Approval Handler | Duration: 2ms | Success: true | Reason: N/A
[2026-08-13T09:30:31.204Z] User: 111 | Chat: 999001 | Callback: "rej_761bdff240" | Handler: Job Approval Handler | Duration: 8ms | Success: true | Reason: N/A
[2026-08-13T09:30:31.206Z] User: 111 | Chat: 999001 | Callback: "app_0000000000" | Handler: Job Approval Handler | Duration: 2ms | Success: false | Reason: UNRESOLVED_APPLICATION
[2026-08-13T09:30:31.207Z] User: 111 | Chat: 999001 | Callback: "rej_0000000000" | Handler: Job Approval Handler | Duration: 1ms | Success: false | Reason: UNRESOLVED_APPLICATION
[2026-08-13T09:30:31.233Z] User: 111 | Chat: 999001 | Callback: "app_771e1e6422" | Handler: Job Approval Handler | Duration: 3ms | Success: true | Reason: N/A
[2026-08-13T09:30:31.268Z] User: 111 | Chat: 999001 | Callback: "app_771e1e6422" | Handler: Job Approval Handler | Duration: 4ms | Success: true | Reason: N/A
[2026-08-13T09:30:31.282Z] User: 111 | Chat: 999001 | Callback: "app_761bdff240" | Handler: Job Approval Handler | Duration: 14ms | Success: true | Reason: N/A
[2026-08-13T09:30:31.285Z] User: 111 | Chat: 999001 | Callback: "rej_761bdff240" | Handler: Job Approval Handler | Duration: 2ms | Success: true | Reason: N/A
[2026-08-13T09:30:31.349Z] User: 111 | Chat: 999001 | Callback: "app_771e1e6422" | Handler: Job Approval Handler | Duration: 5ms | Success: true | Reason: N/A
[2026-08-13T09:30:31.366Z] User: 111 | Chat: 999001 | Callback: "rej_771e1e6422" | Handler: Job Approval Handler | Duration: 5ms | Success: true | Reason: N/A
[2026-08-13T09:30:31.400Z] User: 111 | Chat: 999001 | Callback: "apply_all" | Handler: Bulk Approval Handler | Duration: 2ms | Success: true | Reason: N/A
[2026-08-13T09:30:31.424Z] User: 111 | Chat: 999001 | Callback: "reject_all" | Handler: Bulk Approval Handler | Duration: 13ms | Success: true | Reason: N/A
[2026-08-13T09:32:51.155Z] User: 111 | Chat: 999001 | Callback: "app_771e1e6422" | Handler: Job Approval Handler | Duration: 8ms | Success: true | Reason: N/A
[2026-08-13T09:32:51.186Z] User: 111 | Chat: 999001 | Callback: "rej_771e1e6422" | Handler: Job Approval Handler | Duration: 2ms | Success: true | Reason: N/A
[2026-08-13T09:32:51.216Z] User: 111 | Chat: 999001 | Callback: "app_0000000000" | Handler: Job Approval Handler | Duration: 1ms | Success: false | Reason: UNRESOLVED_APPLICATION
[2026-08-13T09:32:51.234Z] User: 111 | Chat: 999001 | Callback: "rej_0000000000" | Handler: Job Approval Handler | Duration: 2ms | Success: false | Reason: UNRESOLVED_APPLICATION
[2026-08-13T09:32:51.253Z] User: 111 | Chat: 999001 | Callback: "app_nonexistent999" | Handler: Job Approval Handler | Duration: 2ms | Success: false | Reason: UNRESOLVED_APPLICATION
[2026-08-13T09:32:51.268Z] User: 111 | Chat: 999001 | Callback: "app_761bdff240" | Handler: Job Approval Handler | Duration: 2ms | Success: true | Reason: N/A
[2026-08-13T09:32:51.290Z] User: 111 | Chat: 999001 | Callback: "app_771e1e6422" | Handler: Job Approval Handler | Duration: 3ms | Success: true | Reason: N/A
[2026-08-13T09:32:51.326Z] User: 111 | Chat: 999001 | Callback: "rej_771e1e6422" | Handler: Job Approval Handler | Duration: 4ms | Success: true | Reason: N/A
[2026-08-13T09:32:51.863Z] User: 111 | Chat: 999001 | Callback: "follow_wait_771e1e6422" | Handler: Follow-up Scheduler | Duration: 502ms | Success: true | Reason: N/A
[2026-08-13T09:32:51.886Z] User: 111 | Chat: 999001 | Callback: "app_771e1e6422" | Handler: Job Approval Handler | Duration: 4ms | Success: true | Reason: N/A
[2026-08-13T09:32:51.904Z] User: 111 | Chat: 999001 | Callback: "rej_771e1e6422" | Handler: Job Approval Handler | Duration: 17ms | Success: true | Reason: N/A
[2026-08-13T09:32:51.906Z] User: 111 | Chat: 999001 | Callback: "app_761bdff240" | Handler: Job Approval Handler | Duration: 2ms | Success: true | Reason: N/A
[2026-08-13T09:32:51.915Z] User: 111 | Chat: 999001 | Callback: "rej_761bdff240" | Handler: Job Approval Handler | Duration: 9ms | Success: true | Reason: N/A
[2026-08-13T09:32:51.917Z] User: 111 | Chat: 999001 | Callback: "app_0000000000" | Handler: Job Approval Handler | Duration: 1ms | Success: false | Reason: UNRESOLVED_APPLICATION
[2026-08-13T09:32:51.919Z] User: 111 | Chat: 999001 | Callback: "rej_0000000000" | Handler: Job Approval Handler | Duration: 1ms | Success: false | Reason: UNRESOLVED_APPLICATION
[2026-08-13T09:32:51.955Z] User: 111 | Chat: 999001 | Callback: "app_771e1e6422" | Handler: Job Approval Handler | Duration: 4ms | Success: true | Reason: N/A
[2026-08-13T09:32:51.985Z] User: 111 | Chat: 999001 | Callback: "app_771e1e6422" | Handler: Job Approval Handler | Duration: 3ms | Success: true | Reason: N/A
[2026-08-13T09:32:51.997Z] User: 111 | Chat: 999001 | Callback: "app_761bdff240" | Handler: Job Approval Handler | Duration: 11ms | Success: true | Reason: N/A
[2026-08-13T09:32:51.999Z] User: 111 | Chat: 999001 | Callback: "rej_761bdff240" | Handler: Job Approval Handler | Duration: 2ms | Success: true | Reason: N/A
[2026-08-13T09:32:52.065Z] User: 111 | Chat: 999001 | Callback: "app_771e1e6422" | Handler: Job Approval Handler | Duration: 3ms | Success: true | Reason: N/A
[2026-08-13T09:32:52.081Z] User: 111 | Chat: 999001 | Callback: "rej_771e1e6422" | Handler: Job Approval Handler | Duration: 2ms | Success: true | Reason: N/A
[2026-08-13T09:32:52.115Z] User: 111 | Chat: 999001 | Callback: "apply_all" | Handler: Bulk Approval Handler | Duration: 2ms | Success: true | Reason: N/A
[2026-08-13T09:32:52.138Z] User: 111 | Chat: 999001 | Callback: "reject_all" | Handler: Bulk Approval Handler | Duration: 12ms | Success: true | Reason: N/A
[2026-08-13T09:34:36.464Z] User: 111 | Chat: 999001 | Callback: "app_771e1e6422" | Handler: Job Approval Handler | Duration: 9ms | Success: true | Reason: N/A
[2026-08-13T09:34:36.496Z] User: 111 | Chat: 999001 | Callback: "rej_771e1e6422" | Handler: Job Approval Handler | Duration: 2ms | Success: true | Reason: N/A
[2026-08-13T09:34:36.525Z] User: 111 | Chat: 999001 | Callback: "app_0000000000" | Handler: Job Approval Handler | Duration: 2ms | Success: false | Reason: UNRESOLVED_APPLICATION
[2026-08-13T09:34:36.548Z] User: 111 | Chat: 999001 | Callback: "rej_0000000000" | Handler: Job Approval Handler | Duration: 2ms | Success: false | Reason: UNRESOLVED_APPLICATION
[2026-08-13T09:34:36.569Z] User: 111 | Chat: 999001 | Callback: "app_nonexistent999" | Handler: Job Approval Handler | Duration: 1ms | Success: false | Reason: UNRESOLVED_APPLICATION
[2026-08-13T09:34:36.593Z] User: 111 | Chat: 999001 | Callback: "app_761bdff240" | Handler: Job Approval Handler | Duration: 2ms | Success: true | Reason: N/A
[2026-08-13T09:34:36.615Z] User: 111 | Chat: 999001 | Callback: "app_771e1e6422" | Handler: Job Approval Handler | Duration: 3ms | Success: true | Reason: N/A
[2026-08-13T09:34:36.649Z] User: 111 | Chat: 999001 | Callback: "rej_771e1e6422" | Handler: Job Approval Handler | Duration: 2ms | Success: true | Reason: N/A
[2026-08-13T09:34:37.129Z] User: 111 | Chat: 999001 | Callback: "follow_wait_771e1e6422" | Handler: Follow-up Scheduler | Duration: 449ms | Success: true | Reason: N/A
[2026-08-13T09:34:37.152Z] User: 111 | Chat: 999001 | Callback: "app_771e1e6422" | Handler: Job Approval Handler | Duration: 4ms | Success: true | Reason: N/A
[2026-08-13T09:34:37.167Z] User: 111 | Chat: 999001 | Callback: "rej_771e1e6422" | Handler: Job Approval Handler | Duration: 15ms | Success: true | Reason: N/A
[2026-08-13T09:34:37.169Z] User: 111 | Chat: 999001 | Callback: "app_761bdff240" | Handler: Job Approval Handler | Duration: 2ms | Success: true | Reason: N/A
[2026-08-13T09:34:37.186Z] User: 111 | Chat: 999001 | Callback: "rej_761bdff240" | Handler: Job Approval Handler | Duration: 17ms | Success: true | Reason: N/A
[2026-08-13T09:34:37.189Z] User: 111 | Chat: 999001 | Callback: "app_0000000000" | Handler: Job Approval Handler | Duration: 2ms | Success: false | Reason: UNRESOLVED_APPLICATION
[2026-08-13T09:34:37.191Z] User: 111 | Chat: 999001 | Callback: "rej_0000000000" | Handler: Job Approval Handler | Duration: 2ms | Success: false | Reason: UNRESOLVED_APPLICATION
[2026-08-13T09:34:37.220Z] User: 111 | Chat: 999001 | Callback: "app_771e1e6422" | Handler: Job Approval Handler | Duration: 2ms | Success: true | Reason: N/A
[2026-08-13T09:34:37.252Z] User: 111 | Chat: 999001 | Callback: "app_771e1e6422" | Handler: Job Approval Handler | Duration: 3ms | Success: true | Reason: N/A
[2026-08-13T09:34:37.268Z] User: 111 | Chat: 999001 | Callback: "app_761bdff240" | Handler: Job Approval Handler | Duration: 15ms | Success: true | Reason: N/A
[2026-08-13T09:34:37.270Z] User: 111 | Chat: 999001 | Callback: "rej_761bdff240" | Handler: Job Approval Handler | Duration: 2ms | Success: true | Reason: N/A
[2026-08-13T09:34:37.345Z] User: 111 | Chat: 999001 | Callback: "app_771e1e6422" | Handler: Job Approval Handler | Duration: 6ms | Success: true | Reason: N/A
[2026-08-13T09:34:37.361Z] User: 111 | Chat: 999001 | Callback: "rej_771e1e6422" | Handler: Job Approval Handler | Duration: 3ms | Success: true | Reason: N/A
[2026-08-13T09:34:37.393Z] User: 111 | Chat: 999001 | Callback: "apply_all" | Handler: Bulk Approval Handler | Duration: 3ms | Success: true | Reason: N/A
[2026-08-13T09:34:37.419Z] User: 111 | Chat: 999001 | Callback: "reject_all" | Handler: Bulk Approval Handler | Duration: 12ms | Success: true | Reason: N/A
[2026-08-13T09:36:24.359Z] User: 111 | Chat: 999001 | Callback: "app_771e1e6422" | Handler: Job Approval Handler | Duration: 8ms | Success: true | Reason: N/A
[2026-08-13T09:36:24.390Z] User: 111 | Chat: 999001 | Callback: "rej_771e1e6422" | Handler: Job Approval Handler | Duration: 3ms | Success: true | Reason: N/A
[2026-08-13T09:36:24.419Z] User: 111 | Chat: 999001 | Callback: "app_0000000000" | Handler: Job Approval Handler | Duration: 2ms | Success: false | Reason: UNRESOLVED_APPLICATION
[2026-08-13T09:36:24.437Z] User: 111 | Chat: 999001 | Callback: "rej_0000000000" | Handler: Job Approval Handler | Duration: 1ms | Success: false | Reason: UNRESOLVED_APPLICATION
[2026-08-13T09:36:24.464Z] User: 111 | Chat: 999001 | Callback: "app_nonexistent999" | Handler: Job Approval Handler | Duration: 2ms | Success: false | Reason: UNRESOLVED_APPLICATION
[2026-08-13T09:36:24.483Z] User: 111 | Chat: 999001 | Callback: "app_761bdff240" | Handler: Job Approval Handler | Duration: 2ms | Success: true | Reason: N/A
[2026-08-13T09:36:24.502Z] User: 111 | Chat: 999001 | Callback: "app_771e1e6422" | Handler: Job Approval Handler | Duration: 3ms | Success: true | Reason: N/A
[2026-08-13T09:36:24.534Z] User: 111 | Chat: 999001 | Callback: "rej_771e1e6422" | Handler: Job Approval Handler | Duration: 2ms | Success: true | Reason: N/A
[2026-08-13T09:36:25.020Z] User: 111 | Chat: 999001 | Callback: "follow_wait_771e1e6422" | Handler: Follow-up Scheduler | Duration: 461ms | Success: true | Reason: N/A
[2026-08-13T09:36:25.045Z] User: 111 | Chat: 999001 | Callback: "app_771e1e6422" | Handler: Job Approval Handler | Duration: 8ms | Success: true | Reason: N/A
[2026-08-13T09:36:25.070Z] User: 111 | Chat: 999001 | Callback: "rej_771e1e6422" | Handler: Job Approval Handler | Duration: 21ms | Success: true | Reason: N/A
[2026-08-13T09:36:25.074Z] User: 111 | Chat: 999001 | Callback: "app_761bdff240" | Handler: Job Approval Handler | Duration: 2ms | Success: true | Reason: N/A
[2026-08-13T09:36:25.086Z] User: 111 | Chat: 999001 | Callback: "rej_761bdff240" | Handler: Job Approval Handler | Duration: 12ms | Success: true | Reason: N/A
[2026-08-13T09:36:25.089Z] User: 111 | Chat: 999001 | Callback: "app_0000000000" | Handler: Job Approval Handler | Duration: 2ms | Success: false | Reason: UNRESOLVED_APPLICATION
[2026-08-13T09:36:25.091Z] User: 111 | Chat: 999001 | Callback: "rej_0000000000" | Handler: Job Approval Handler | Duration: 2ms | Success: false | Reason: UNRESOLVED_APPLICATION
[2026-08-13T09:36:25.141Z] User: 111 | Chat: 999001 | Callback: "app_771e1e6422" | Handler: Job Approval Handler | Duration: 6ms | Success: true | Reason: N/A
[2026-08-13T09:36:25.199Z] User: 111 | Chat: 999001 | Callback: "app_771e1e6422" | Handler: Job Approval Handler | Duration: 6ms | Success: true | Reason: N/A
[2026-08-13T09:36:25.223Z] User: 111 | Chat: 999001 | Callback: "app_761bdff240" | Handler: Job Approval Handler | Duration: 23ms | Success: true | Reason: N/A
[2026-08-13T09:36:25.228Z] User: 111 | Chat: 999001 | Callback: "rej_761bdff240" | Handler: Job Approval Handler | Duration: 5ms | Success: true | Reason: N/A
[2026-08-13T09:36:25.334Z] User: 111 | Chat: 999001 | Callback: "app_771e1e6422" | Handler: Job Approval Handler | Duration: 7ms | Success: true | Reason: N/A
[2026-08-13T09:36:25.353Z] User: 111 | Chat: 999001 | Callback: "rej_771e1e6422" | Handler: Job Approval Handler | Duration: 7ms | Success: true | Reason: N/A
[2026-08-13T09:36:25.387Z] User: 111 | Chat: 999001 | Callback: "apply_all" | Handler: Bulk Approval Handler | Duration: 2ms | Success: true | Reason: N/A
[2026-08-13T09:36:25.415Z] User: 111 | Chat: 999001 | Callback: "reject_all" | Handler: Bulk Approval Handler | Duration: 14ms | Success: true | Reason: N/A
[2026-08-13T09:37:21.825Z] User: 111 | Chat: 999001 | Callback: "app_771e1e6422" | Handler: Job Approval Handler | Duration: 9ms | Success: true | Reason: N/A
[2026-08-13T09:37:21.856Z] User: 111 | Chat: 999001 | Callback: "rej_771e1e6422" | Handler: Job Approval Handler | Duration: 3ms | Success: true | Reason: N/A
[2026-08-13T09:37:21.888Z] User: 111 | Chat: 999001 | Callback: "app_0000000000" | Handler: Job Approval Handler | Duration: 1ms | Success: false | Reason: UNRESOLVED_APPLICATION
[2026-08-13T09:37:21.909Z] User: 111 | Chat: 999001 | Callback: "rej_0000000000" | Handler: Job Approval Handler | Duration: 2ms | Success: false | Reason: UNRESOLVED_APPLICATION
[2026-08-13T09:37:21.928Z] User: 111 | Chat: 999001 | Callback: "app_nonexistent999" | Handler: Job Approval Handler | Duration: 2ms | Success: false | Reason: UNRESOLVED_APPLICATION
[2026-08-13T09:37:21.952Z] User: 111 | Chat: 999001 | Callback: "app_761bdff240" | Handler: Job Approval Handler | Duration: 2ms | Success: true | Reason: N/A
[2026-08-13T09:37:21.973Z] User: 111 | Chat: 999001 | Callback: "app_771e1e6422" | Handler: Job Approval Handler | Duration: 3ms | Success: true | Reason: N/A
[2026-08-13T09:37:22.009Z] User: 111 | Chat: 999001 | Callback: "rej_771e1e6422" | Handler: Job Approval Handler | Duration: 3ms | Success: true | Reason: N/A
[2026-08-13T09:37:22.494Z] User: 111 | Chat: 999001 | Callback: "follow_wait_771e1e6422" | Handler: Follow-up Scheduler | Duration: 452ms | Success: true | Reason: N/A
[2026-08-13T09:37:22.522Z] User: 111 | Chat: 999001 | Callback: "app_771e1e6422" | Handler: Job Approval Handler | Duration: 4ms | Success: true | Reason: N/A
[2026-08-13T09:37:22.539Z] User: 111 | Chat: 999001 | Callback: "rej_771e1e6422" | Handler: Job Approval Handler | Duration: 16ms | Success: true | Reason: N/A
[2026-08-13T09:37:22.542Z] User: 111 | Chat: 999001 | Callback: "app_761bdff240" | Handler: Job Approval Handler | Duration: 2ms | Success: true | Reason: N/A
[2026-08-13T09:37:22.554Z] User: 111 | Chat: 999001 | Callback: "rej_761bdff240" | Handler: Job Approval Handler | Duration: 12ms | Success: true | Reason: N/A
[2026-08-13T09:37:22.556Z] User: 111 | Chat: 999001 | Callback: "app_0000000000" | Handler: Job Approval Handler | Duration: 1ms | Success: false | Reason: UNRESOLVED_APPLICATION
[2026-08-13T09:37:22.558Z] User: 111 | Chat: 999001 | Callback: "rej_0000000000" | Handler: Job Approval Handler | Duration: 1ms | Success: false | Reason: UNRESOLVED_APPLICATION
[2026-08-13T09:37:22.588Z] User: 111 | Chat: 999001 | Callback: "app_771e1e6422" | Handler: Job Approval Handler | Duration: 3ms | Success: true | Reason: N/A
[2026-08-13T09:37:22.623Z] User: 111 | Chat: 999001 | Callback: "app_771e1e6422" | Handler: Job Approval Handler | Duration: 3ms | Success: true | Reason: N/A
[2026-08-13T09:37:22.636Z] User: 111 | Chat: 999001 | Callback: "app_761bdff240" | Handler: Job Approval Handler | Duration: 13ms | Success: true | Reason: N/A
[2026-08-13T09:37:22.639Z] User: 111 | Chat: 999001 | Callback: "rej_761bdff240" | Handler: Job Approval Handler | Duration: 2ms | Success: true | Reason: N/A
[2026-08-13T09:37:22.699Z] User: 111 | Chat: 999001 | Callback: "app_771e1e6422" | Handler: Job Approval Handler | Duration: 3ms | Success: true | Reason: N/A
[2026-08-13T09:37:22.713Z] User: 111 | Chat: 999001 | Callback: "rej_771e1e6422" | Handler: Job Approval Handler | Duration: 3ms | Success: true | Reason: N/A
[2026-08-13T09:37:22.745Z] User: 111 | Chat: 999001 | Callback: "apply_all" | Handler: Bulk Approval Handler | Duration: 2ms | Success: true | Reason: N/A
[2026-08-13T09:37:22.768Z] User: 111 | Chat: 999001 | Callback: "reject_all" | Handler: Bulk Approval Handler | Duration: 13ms | Success: true | Reason: N/A
[2026-08-13T09:37:52.284Z] User: 642578356 | Chat: 642578356 | Callback: "digest_funnel" | Handler: Unknown Callback Router | Duration: 1052ms | Success: false | Reason: UNKNOWN_CALLBACK_PREFIX
[2026-08-13T09:37:54.782Z] User: 642578356 | Chat: 642578356 | Callback: "digest_funnel" | Handler: Unknown Callback Router | Duration: 379ms | Success: false | Reason: UNKNOWN_CALLBACK_PREFIX
[2026-08-13T09:37:56.308Z] User: 642578356 | Chat: 642578356 | Callback: "digest_refresh" | Handler: Unknown Callback Router | Duration: 464ms | Success: false | Reason: UNKNOWN_CALLBACK_PREFIX
[2026-08-13T09:39:46.592Z] User: 111 | Chat: 999001 | Callback: "app_771e1e6422" | Handler: Job Approval Handler | Duration: 8ms | Success: true | Reason: N/A
[2026-08-13T09:39:46.623Z] User: 111 | Chat: 999001 | Callback: "rej_771e1e6422" | Handler: Job Approval Handler | Duration: 3ms | Success: true | Reason: N/A
[2026-08-13T09:39:46.652Z] User: 111 | Chat: 999001 | Callback: "app_0000000000" | Handler: Job Approval Handler | Duration: 1ms | Success: false | Reason: UNRESOLVED_APPLICATION
[2026-08-13T09:39:46.668Z] User: 111 | Chat: 999001 | Callback: "rej_0000000000" | Handler: Job Approval Handler | Duration: 1ms | Success: false | Reason: UNRESOLVED_APPLICATION
[2026-08-13T09:39:46.690Z] User: 111 | Chat: 999001 | Callback: "app_nonexistent999" | Handler: Job Approval Handler | Duration: 3ms | Success: false | Reason: UNRESOLVED_APPLICATION
[2026-08-13T09:39:46.712Z] User: 111 | Chat: 999001 | Callback: "app_761bdff240" | Handler: Job Approval Handler | Duration: 2ms | Success: true | Reason: N/A
[2026-08-13T09:39:46.737Z] User: 111 | Chat: 999001 | Callback: "app_771e1e6422" | Handler: Job Approval Handler | Duration: 3ms | Success: true | Reason: N/A
[2026-08-13T09:39:46.768Z] User: 111 | Chat: 999001 | Callback: "rej_771e1e6422" | Handler: Job Approval Handler | Duration: 2ms | Success: true | Reason: N/A
[2026-08-13T09:39:47.230Z] User: 111 | Chat: 999001 | Callback: "follow_wait_771e1e6422" | Handler: Follow-up Scheduler | Duration: 433ms | Success: true | Reason: N/A
[2026-08-13T09:39:47.251Z] User: 111 | Chat: 999001 | Callback: "app_771e1e6422" | Handler: Job Approval Handler | Duration: 4ms | Success: true | Reason: N/A
[2026-08-13T09:39:47.267Z] User: 111 | Chat: 999001 | Callback: "rej_771e1e6422" | Handler: Job Approval Handler | Duration: 16ms | Success: true | Reason: N/A
[2026-08-13T09:39:47.269Z] User: 111 | Chat: 999001 | Callback: "app_761bdff240" | Handler: Job Approval Handler | Duration: 2ms | Success: true | Reason: N/A
[2026-08-13T09:39:47.280Z] User: 111 | Chat: 999001 | Callback: "rej_761bdff240" | Handler: Job Approval Handler | Duration: 11ms | Success: true | Reason: N/A
[2026-08-13T09:39:47.282Z] User: 111 | Chat: 999001 | Callback: "app_0000000000" | Handler: Job Approval Handler | Duration: 1ms | Success: false | Reason: UNRESOLVED_APPLICATION
[2026-08-13T09:39:47.284Z] User: 111 | Chat: 999001 | Callback: "rej_0000000000" | Handler: Job Approval Handler | Duration: 1ms | Success: false | Reason: UNRESOLVED_APPLICATION
[2026-08-13T09:39:47.309Z] User: 111 | Chat: 999001 | Callback: "app_771e1e6422" | Handler: Job Approval Handler | Duration: 3ms | Success: true | Reason: N/A
[2026-08-13T09:39:47.338Z] User: 111 | Chat: 999001 | Callback: "app_771e1e6422" | Handler: Job Approval Handler | Duration: 3ms | Success: true | Reason: N/A
[2026-08-13T09:39:47.351Z] User: 111 | Chat: 999001 | Callback: "app_761bdff240" | Handler: Job Approval Handler | Duration: 12ms | Success: true | Reason: N/A
[2026-08-13T09:39:47.355Z] User: 111 | Chat: 999001 | Callback: "rej_761bdff240" | Handler: Job Approval Handler | Duration: 3ms | Success: true | Reason: N/A
[2026-08-13T09:39:47.429Z] User: 111 | Chat: 999001 | Callback: "app_771e1e6422" | Handler: Job Approval Handler | Duration: 3ms | Success: true | Reason: N/A
[2026-08-13T09:39:47.443Z] User: 111 | Chat: 999001 | Callback: "rej_771e1e6422" | Handler: Job Approval Handler | Duration: 3ms | Success: true | Reason: N/A
[2026-08-13T09:39:47.471Z] User: 111 | Chat: 999001 | Callback: "apply_all" | Handler: Bulk Approval Handler | Duration: 2ms | Success: true | Reason: N/A
[2026-08-13T09:39:47.497Z] User: 111 | Chat: 999001 | Callback: "reject_all" | Handler: Bulk Approval Handler | Duration: 13ms | Success: true | Reason: N/A
[2026-08-13T09:42:47.861Z] User: 111 | Chat: 999001 | Callback: "app_771e1e6422" | Handler: Job Approval Handler | Duration: 6ms | Success: true | Reason: N/A
[2026-08-13T09:42:47.899Z] User: 111 | Chat: 999001 | Callback: "rej_771e1e6422" | Handler: Job Approval Handler | Duration: 4ms | Success: true | Reason: N/A
[2026-08-13T09:42:47.934Z] User: 111 | Chat: 999001 | Callback: "app_0000000000" | Handler: Job Approval Handler | Duration: 2ms | Success: false | Reason: UNRESOLVED_APPLICATION
[2026-08-13T09:42:47.956Z] User: 111 | Chat: 999001 | Callback: "rej_0000000000" | Handler: Job Approval Handler | Duration: 2ms | Success: false | Reason: UNRESOLVED_APPLICATION
[2026-08-13T09:42:47.985Z] User: 111 | Chat: 999001 | Callback: "app_nonexistent999" | Handler: Job Approval Handler | Duration: 2ms | Success: false | Reason: UNRESOLVED_APPLICATION
[2026-08-13T09:42:48.002Z] User: 111 | Chat: 999001 | Callback: "app_761bdff240" | Handler: Job Approval Handler | Duration: 2ms | Success: true | Reason: N/A
[2026-08-13T09:42:48.031Z] User: 111 | Chat: 999001 | Callback: "app_771e1e6422" | Handler: Job Approval Handler | Duration: 4ms | Success: true | Reason: N/A
[2026-08-13T09:42:48.067Z] User: 111 | Chat: 999001 | Callback: "rej_771e1e6422" | Handler: Job Approval Handler | Duration: 3ms | Success: true | Reason: N/A
[2026-08-13T09:42:48.519Z] User: 111 | Chat: 999001 | Callback: "follow_wait_771e1e6422" | Handler: Follow-up Scheduler | Duration: 418ms | Success: true | Reason: N/A
[2026-08-13T09:42:48.542Z] User: 111 | Chat: 999001 | Callback: "app_771e1e6422" | Handler: Job Approval Handler | Duration: 4ms | Success: true | Reason: N/A
[2026-08-13T09:42:48.558Z] User: 111 | Chat: 999001 | Callback: "rej_771e1e6422" | Handler: Job Approval Handler | Duration: 15ms | Success: true | Reason: N/A
[2026-08-13T09:42:48.560Z] User: 111 | Chat: 999001 | Callback: "app_761bdff240" | Handler: Job Approval Handler | Duration: 2ms | Success: true | Reason: N/A
[2026-08-13T09:42:48.569Z] User: 111 | Chat: 999001 | Callback: "rej_761bdff240" | Handler: Job Approval Handler | Duration: 8ms | Success: true | Reason: N/A
[2026-08-13T09:42:48.572Z] User: 111 | Chat: 999001 | Callback: "app_0000000000" | Handler: Job Approval Handler | Duration: 2ms | Success: false | Reason: UNRESOLVED_APPLICATION
[2026-08-13T09:42:48.574Z] User: 111 | Chat: 999001 | Callback: "rej_0000000000" | Handler: Job Approval Handler | Duration: 2ms | Success: false | Reason: UNRESOLVED_APPLICATION
[2026-08-13T09:42:48.604Z] User: 111 | Chat: 999001 | Callback: "app_771e1e6422" | Handler: Job Approval Handler | Duration: 4ms | Success: true | Reason: N/A
[2026-08-13T09:42:48.638Z] User: 111 | Chat: 999001 | Callback: "app_771e1e6422" | Handler: Job Approval Handler | Duration: 4ms | Success: true | Reason: N/A
[2026-08-13T09:42:48.653Z] User: 111 | Chat: 999001 | Callback: "app_761bdff240" | Handler: Job Approval Handler | Duration: 15ms | Success: true | Reason: N/A
[2026-08-13T09:42:48.656Z] User: 111 | Chat: 999001 | Callback: "rej_761bdff240" | Handler: Job Approval Handler | Duration: 2ms | Success: true | Reason: N/A
[2026-08-13T09:42:48.724Z] User: 111 | Chat: 999001 | Callback: "app_771e1e6422" | Handler: Job Approval Handler | Duration: 3ms | Success: true | Reason: N/A
[2026-08-13T09:42:48.740Z] User: 111 | Chat: 999001 | Callback: "rej_771e1e6422" | Handler: Job Approval Handler | Duration: 4ms | Success: true | Reason: N/A
[2026-08-13T09:42:48.771Z] User: 111 | Chat: 999001 | Callback: "apply_all" | Handler: Bulk Approval Handler | Duration: 2ms | Success: true | Reason: N/A
[2026-08-13T09:42:48.802Z] User: 111 | Chat: 999001 | Callback: "reject_all" | Handler: Bulk Approval Handler | Duration: 16ms | Success: true | Reason: N/A
[2026-08-13T09:45:04.809Z] User: 111 | Chat: 999001 | Callback: "app_771e1e6422" | Handler: Job Approval Handler | Duration: 8ms | Success: true | Reason: N/A
[2026-08-13T09:45:04.847Z] User: 111 | Chat: 999001 | Callback: "rej_771e1e6422" | Handler: Job Approval Handler | Duration: 3ms | Success: true | Reason: N/A
[2026-08-13T09:45:04.882Z] User: 111 | Chat: 999001 | Callback: "app_0000000000" | Handler: Job Approval Handler | Duration: 1ms | Success: false | Reason: UNRESOLVED_APPLICATION
[2026-08-13T09:45:04.906Z] User: 111 | Chat: 999001 | Callback: "rej_0000000000" | Handler: Job Approval Handler | Duration: 2ms | Success: false | Reason: UNRESOLVED_APPLICATION
[2026-08-13T09:45:04.928Z] User: 111 | Chat: 999001 | Callback: "app_nonexistent999" | Handler: Job Approval Handler | Duration: 2ms | Success: false | Reason: UNRESOLVED_APPLICATION
[2026-08-13T09:45:04.947Z] User: 111 | Chat: 999001 | Callback: "app_761bdff240" | Handler: Job Approval Handler | Duration: 2ms | Success: true | Reason: N/A
[2026-08-13T09:45:04.968Z] User: 111 | Chat: 999001 | Callback: "app_771e1e6422" | Handler: Job Approval Handler | Duration: 3ms | Success: true | Reason: N/A
[2026-08-13T09:45:05.001Z] User: 111 | Chat: 999001 | Callback: "rej_771e1e6422" | Handler: Job Approval Handler | Duration: 3ms | Success: true | Reason: N/A
[2026-08-13T09:45:05.613Z] User: 111 | Chat: 999001 | Callback: "follow_wait_771e1e6422" | Handler: Follow-up Scheduler | Duration: 581ms | Success: true | Reason: N/A
[2026-08-13T09:45:05.634Z] User: 111 | Chat: 999001 | Callback: "app_771e1e6422" | Handler: Job Approval Handler | Duration: 4ms | Success: true | Reason: N/A
[2026-08-13T09:45:05.650Z] User: 111 | Chat: 999001 | Callback: "rej_771e1e6422" | Handler: Job Approval Handler | Duration: 15ms | Success: true | Reason: N/A
[2026-08-13T09:45:05.653Z] User: 111 | Chat: 999001 | Callback: "app_761bdff240" | Handler: Job Approval Handler | Duration: 2ms | Success: true | Reason: N/A
[2026-08-13T09:45:05.663Z] User: 111 | Chat: 999001 | Callback: "rej_761bdff240" | Handler: Job Approval Handler | Duration: 8ms | Success: true | Reason: N/A
[2026-08-13T09:45:05.665Z] User: 111 | Chat: 999001 | Callback: "app_0000000000" | Handler: Job Approval Handler | Duration: 2ms | Success: false | Reason: UNRESOLVED_APPLICATION
[2026-08-13T09:45:05.667Z] User: 111 | Chat: 999001 | Callback: "rej_0000000000" | Handler: Job Approval Handler | Duration: 1ms | Success: false | Reason: UNRESOLVED_APPLICATION
[2026-08-13T09:45:05.700Z] User: 111 | Chat: 999001 | Callback: "app_771e1e6422" | Handler: Job Approval Handler | Duration: 4ms | Success: true | Reason: N/A
[2026-08-13T09:45:05.738Z] User: 111 | Chat: 999001 | Callback: "app_771e1e6422" | Handler: Job Approval Handler | Duration: 5ms | Success: true | Reason: N/A
[2026-08-13T09:45:05.751Z] User: 111 | Chat: 999001 | Callback: "app_761bdff240" | Handler: Job Approval Handler | Duration: 13ms | Success: true | Reason: N/A
[2026-08-13T09:45:05.755Z] User: 111 | Chat: 999001 | Callback: "rej_761bdff240" | Handler: Job Approval Handler | Duration: 4ms | Success: true | Reason: N/A
[2026-08-13T09:45:05.873Z] User: 111 | Chat: 999001 | Callback: "app_771e1e6422" | Handler: Job Approval Handler | Duration: 5ms | Success: true | Reason: N/A
[2026-08-13T09:45:05.899Z] User: 111 | Chat: 999001 | Callback: "rej_771e1e6422" | Handler: Job Approval Handler | Duration: 6ms | Success: true | Reason: N/A
[2026-08-13T09:45:05.958Z] User: 111 | Chat: 999001 | Callback: "apply_all" | Handler: Bulk Approval Handler | Duration: 4ms | Success: true | Reason: N/A
[2026-08-13T09:45:05.996Z] User: 111 | Chat: 999001 | Callback: "reject_all" | Handler: Bulk Approval Handler | Duration: 19ms | Success: true | Reason: N/A
[2026-08-13T09:45:31.219Z] User: 111 | Chat: 999001 | Callback: "app_771e1e6422" | Handler: Job Approval Handler | Duration: 6ms | Success: true | Reason: N/A
[2026-08-13T09:45:31.248Z] User: 111 | Chat: 999001 | Callback: "rej_771e1e6422" | Handler: Job Approval Handler | Duration: 3ms | Success: true | Reason: N/A
[2026-08-13T09:45:31.278Z] User: 111 | Chat: 999001 | Callback: "app_0000000000" | Handler: Job Approval Handler | Duration: 1ms | Success: false | Reason: UNRESOLVED_APPLICATION
[2026-08-13T09:45:31.300Z] User: 111 | Chat: 999001 | Callback: "rej_0000000000" | Handler: Job Approval Handler | Duration: 1ms | Success: false | Reason: UNRESOLVED_APPLICATION
[2026-08-13T09:45:31.322Z] User: 111 | Chat: 999001 | Callback: "app_nonexistent999" | Handler: Job Approval Handler | Duration: 1ms | Success: false | Reason: UNRESOLVED_APPLICATION
[2026-08-13T09:45:31.341Z] User: 111 | Chat: 999001 | Callback: "app_761bdff240" | Handler: Job Approval Handler | Duration: 2ms | Success: true | Reason: N/A
[2026-08-13T09:45:31.365Z] User: 111 | Chat: 999001 | Callback: "app_771e1e6422" | Handler: Job Approval Handler | Duration: 3ms | Success: true | Reason: N/A
[2026-08-13T09:45:31.399Z] User: 111 | Chat: 999001 | Callback: "rej_771e1e6422" | Handler: Job Approval Handler | Duration: 3ms | Success: true | Reason: N/A
[2026-08-13T09:45:31.901Z] User: 111 | Chat: 999001 | Callback: "follow_wait_771e1e6422" | Handler: Follow-up Scheduler | Duration: 471ms | Success: true | Reason: N/A
[2026-08-13T09:45:31.927Z] User: 111 | Chat: 999001 | Callback: "app_771e1e6422" | Handler: Job Approval Handler | Duration: 5ms | Success: true | Reason: N/A
[2026-08-13T09:45:31.945Z] User: 111 | Chat: 999001 | Callback: "rej_771e1e6422" | Handler: Job Approval Handler | Duration: 17ms | Success: true | Reason: N/A
[2026-08-13T09:45:31.948Z] User: 111 | Chat: 999001 | Callback: "app_761bdff240" | Handler: Job Approval Handler | Duration: 2ms | Success: true | Reason: N/A
[2026-08-13T09:45:31.957Z] User: 111 | Chat: 999001 | Callback: "rej_761bdff240" | Handler: Job Approval Handler | Duration: 9ms | Success: true | Reason: N/A
[2026-08-13T09:45:31.959Z] User: 111 | Chat: 999001 | Callback: "app_0000000000" | Handler: Job Approval Handler | Duration: 2ms | Success: false | Reason: UNRESOLVED_APPLICATION
[2026-08-13T09:45:31.962Z] User: 111 | Chat: 999001 | Callback: "rej_0000000000" | Handler: Job Approval Handler | Duration: 2ms | Success: false | Reason: UNRESOLVED_APPLICATION
[2026-08-13T09:45:31.990Z] User: 111 | Chat: 999001 | Callback: "app_771e1e6422" | Handler: Job Approval Handler | Duration: 4ms | Success: true | Reason: N/A
[2026-08-13T09:45:32.026Z] User: 111 | Chat: 999001 | Callback: "app_771e1e6422" | Handler: Job Approval Handler | Duration: 6ms | Success: true | Reason: N/A
[2026-08-13T09:45:32.049Z] User: 111 | Chat: 999001 | Callback: "app_761bdff240" | Handler: Job Approval Handler | Duration: 22ms | Success: true | Reason: N/A
[2026-08-13T09:45:32.054Z] User: 111 | Chat: 999001 | Callback: "rej_761bdff240" | Handler: Job Approval Handler | Duration: 5ms | Success: true | Reason: N/A
[2026-08-13T09:45:32.193Z] User: 111 | Chat: 999001 | Callback: "app_771e1e6422" | Handler: Job Approval Handler | Duration: 5ms | Success: true | Reason: N/A
[2026-08-13T09:45:32.217Z] User: 111 | Chat: 999001 | Callback: "rej_771e1e6422" | Handler: Job Approval Handler | Duration: 4ms | Success: true | Reason: N/A
[2026-08-13T09:45:32.265Z] User: 111 | Chat: 999001 | Callback: "apply_all" | Handler: Bulk Approval Handler | Duration: 4ms | Success: true | Reason: N/A
[2026-08-13T09:45:32.297Z] User: 111 | Chat: 999001 | Callback: "reject_all" | Handler: Bulk Approval Handler | Duration: 15ms | Success: true | Reason: N/A
[2026-08-13T09:47:40.427Z] User: 111 | Chat: 999001 | Callback: "app_771e1e6422" | Handler: Job Approval Handler | Duration: 8ms | Success: true | Reason: N/A
[2026-08-13T09:47:40.467Z] User: 111 | Chat: 999001 | Callback: "rej_771e1e6422" | Handler: Job Approval Handler | Duration: 3ms | Success: true | Reason: N/A
[2026-08-13T09:47:40.501Z] User: 111 | Chat: 999001 | Callback: "app_0000000000" | Handler: Job Approval Handler | Duration: 2ms | Success: false | Reason: UNRESOLVED_APPLICATION
[2026-08-13T09:47:40.529Z] User: 111 | Chat: 999001 | Callback: "rej_0000000000" | Handler: Job Approval Handler | Duration: 2ms | Success: false | Reason: UNRESOLVED_APPLICATION
[2026-08-13T09:47:40.556Z] User: 111 | Chat: 999001 | Callback: "app_nonexistent999" | Handler: Job Approval Handler | Duration: 1ms | Success: false | Reason: UNRESOLVED_APPLICATION
[2026-08-13T09:47:40.581Z] User: 111 | Chat: 999001 | Callback: "app_761bdff240" | Handler: Job Approval Handler | Duration: 2ms | Success: true | Reason: N/A
[2026-08-13T09:47:40.604Z] User: 111 | Chat: 999001 | Callback: "app_771e1e6422" | Handler: Job Approval Handler | Duration: 5ms | Success: true | Reason: N/A
[2026-08-13T09:47:40.639Z] User: 111 | Chat: 999001 | Callback: "rej_771e1e6422" | Handler: Job Approval Handler | Duration: 2ms | Success: true | Reason: N/A
[2026-08-13T09:47:41.145Z] User: 111 | Chat: 999001 | Callback: "follow_wait_771e1e6422" | Handler: Follow-up Scheduler | Duration: 470ms | Success: true | Reason: N/A
[2026-08-13T09:47:41.171Z] User: 111 | Chat: 999001 | Callback: "app_771e1e6422" | Handler: Job Approval Handler | Duration: 3ms | Success: true | Reason: N/A
[2026-08-13T09:47:41.187Z] User: 111 | Chat: 999001 | Callback: "rej_771e1e6422" | Handler: Job Approval Handler | Duration: 14ms | Success: true | Reason: N/A
[2026-08-13T09:47:41.189Z] User: 111 | Chat: 999001 | Callback: "app_761bdff240" | Handler: Job Approval Handler | Duration: 1ms | Success: true | Reason: N/A
[2026-08-13T09:47:41.204Z] User: 111 | Chat: 999001 | Callback: "rej_761bdff240" | Handler: Job Approval Handler | Duration: 15ms | Success: true | Reason: N/A
[2026-08-13T09:47:41.207Z] User: 111 | Chat: 999001 | Callback: "app_0000000000" | Handler: Job Approval Handler | Duration: 2ms | Success: false | Reason: UNRESOLVED_APPLICATION
[2026-08-13T09:47:41.209Z] User: 111 | Chat: 999001 | Callback: "rej_0000000000" | Handler: Job Approval Handler | Duration: 2ms | Success: false | Reason: UNRESOLVED_APPLICATION
[2026-08-13T09:47:41.248Z] User: 111 | Chat: 999001 | Callback: "app_771e1e6422" | Handler: Job Approval Handler | Duration: 5ms | Success: true | Reason: N/A
[2026-08-13T09:47:41.295Z] User: 111 | Chat: 999001 | Callback: "app_771e1e6422" | Handler: Job Approval Handler | Duration: 6ms | Success: true | Reason: N/A
[2026-08-13T09:47:41.315Z] User: 111 | Chat: 999001 | Callback: "app_761bdff240" | Handler: Job Approval Handler | Duration: 20ms | Success: true | Reason: N/A
[2026-08-13T09:47:41.320Z] User: 111 | Chat: 999001 | Callback: "rej_761bdff240" | Handler: Job Approval Handler | Duration: 5ms | Success: true | Reason: N/A
[2026-08-13T09:47:41.450Z] User: 111 | Chat: 999001 | Callback: "app_771e1e6422" | Handler: Job Approval Handler | Duration: 6ms | Success: true | Reason: N/A
[2026-08-13T09:47:41.467Z] User: 111 | Chat: 999001 | Callback: "rej_771e1e6422" | Handler: Job Approval Handler | Duration: 3ms | Success: true | Reason: N/A
[2026-08-13T09:47:41.513Z] User: 111 | Chat: 999001 | Callback: "apply_all" | Handler: Bulk Approval Handler | Duration: 5ms | Success: true | Reason: N/A
[2026-08-13T09:47:41.547Z] User: 111 | Chat: 999001 | Callback: "reject_all" | Handler: Bulk Approval Handler | Duration: 18ms | Success: true | Reason: N/A
[2026-08-13T09:49:53.856Z] User: 111 | Chat: 999001 | Callback: "app_771e1e6422" | Handler: Job Approval Handler | Duration: 9ms | Success: true | Reason: N/A
[2026-08-13T09:49:53.889Z] User: 111 | Chat: 999001 | Callback: "rej_771e1e6422" | Handler: Job Approval Handler | Duration: 3ms | Success: true | Reason: N/A
[2026-08-13T09:49:53.920Z] User: 111 | Chat: 999001 | Callback: "app_0000000000" | Handler: Job Approval Handler | Duration: 2ms | Success: false | Reason: UNRESOLVED_APPLICATION
[2026-08-13T09:49:53.941Z] User: 111 | Chat: 999001 | Callback: "rej_0000000000" | Handler: Job Approval Handler | Duration: 1ms | Success: false | Reason: UNRESOLVED_APPLICATION
[2026-08-13T09:49:53.962Z] User: 111 | Chat: 999001 | Callback: "app_nonexistent999" | Handler: Job Approval Handler | Duration: 2ms | Success: false | Reason: UNRESOLVED_APPLICATION
[2026-08-13T09:49:53.985Z] User: 111 | Chat: 999001 | Callback: "app_761bdff240" | Handler: Job Approval Handler | Duration: 2ms | Success: true | Reason: N/A
[2026-08-13T09:49:54.009Z] User: 111 | Chat: 999001 | Callback: "app_771e1e6422" | Handler: Job Approval Handler | Duration: 4ms | Success: true | Reason: N/A
[2026-08-13T09:49:54.048Z] User: 111 | Chat: 999001 | Callback: "rej_771e1e6422" | Handler: Job Approval Handler | Duration: 3ms | Success: true | Reason: N/A
[2026-08-13T09:49:54.591Z] User: 111 | Chat: 999001 | Callback: "follow_wait_771e1e6422" | Handler: Follow-up Scheduler | Duration: 500ms | Success: true | Reason: N/A
[2026-08-13T09:49:54.610Z] User: 111 | Chat: 999001 | Callback: "app_771e1e6422" | Handler: Job Approval Handler | Duration: 4ms | Success: true | Reason: N/A
[2026-08-13T09:49:54.623Z] User: 111 | Chat: 999001 | Callback: "rej_771e1e6422" | Handler: Job Approval Handler | Duration: 13ms | Success: true | Reason: N/A
[2026-08-13T09:49:54.626Z] User: 111 | Chat: 999001 | Callback: "app_761bdff240" | Handler: Job Approval Handler | Duration: 2ms | Success: true | Reason: N/A
[2026-08-13T09:49:54.633Z] User: 111 | Chat: 999001 | Callback: "rej_761bdff240" | Handler: Job Approval Handler | Duration: 7ms | Success: true | Reason: N/A
[2026-08-13T09:49:54.636Z] User: 111 | Chat: 999001 | Callback: "app_0000000000" | Handler: Job Approval Handler | Duration: 2ms | Success: false | Reason: UNRESOLVED_APPLICATION
[2026-08-13T09:49:54.638Z] User: 111 | Chat: 999001 | Callback: "rej_0000000000" | Handler: Job Approval Handler | Duration: 2ms | Success: false | Reason: UNRESOLVED_APPLICATION
[2026-08-13T09:49:54.665Z] User: 111 | Chat: 999001 | Callback: "app_771e1e6422" | Handler: Job Approval Handler | Duration: 3ms | Success: true | Reason: N/A
[2026-08-13T09:49:54.697Z] User: 111 | Chat: 999001 | Callback: "app_771e1e6422" | Handler: Job Approval Handler | Duration: 4ms | Success: true | Reason: N/A
[2026-08-13T09:49:54.708Z] User: 111 | Chat: 999001 | Callback: "app_761bdff240" | Handler: Job Approval Handler | Duration: 10ms | Success: true | Reason: N/A
[2026-08-13T09:49:54.710Z] User: 111 | Chat: 999001 | Callback: "rej_761bdff240" | Handler: Job Approval Handler | Duration: 2ms | Success: true | Reason: N/A
[2026-08-13T09:49:54.773Z] User: 111 | Chat: 999001 | Callback: "app_771e1e6422" | Handler: Job Approval Handler | Duration: 3ms | Success: true | Reason: N/A
[2026-08-13T09:49:54.789Z] User: 111 | Chat: 999001 | Callback: "rej_771e1e6422" | Handler: Job Approval Handler | Duration: 3ms | Success: true | Reason: N/A
[2026-08-13T09:49:54.816Z] User: 111 | Chat: 999001 | Callback: "apply_all" | Handler: Bulk Approval Handler | Duration: 3ms | Success: true | Reason: N/A
[2026-08-13T09:49:54.842Z] User: 111 | Chat: 999001 | Callback: "reject_all" | Handler: Bulk Approval Handler | Duration: 14ms | Success: true | Reason: N/A
[2026-08-13T09:51:45.281Z] User: 111 | Chat: 999001 | Callback: "app_771e1e6422" | Handler: Job Approval Handler | Duration: 5ms | Success: true | Reason: N/A
[2026-08-13T09:51:45.319Z] User: 111 | Chat: 999001 | Callback: "rej_771e1e6422" | Handler: Job Approval Handler | Duration: 2ms | Success: true | Reason: N/A
[2026-08-13T09:51:45.356Z] User: 111 | Chat: 999001 | Callback: "app_0000000000" | Handler: Job Approval Handler | Duration: 2ms | Success: false | Reason: UNRESOLVED_APPLICATION
[2026-08-13T09:51:45.379Z] User: 111 | Chat: 999001 | Callback: "rej_0000000000" | Handler: Job Approval Handler | Duration: 1ms | Success: false | Reason: UNRESOLVED_APPLICATION
[2026-08-13T09:51:45.405Z] User: 111 | Chat: 999001 | Callback: "app_nonexistent999" | Handler: Job Approval Handler | Duration: 2ms | Success: false | Reason: UNRESOLVED_APPLICATION
[2026-08-13T09:51:45.426Z] User: 111 | Chat: 999001 | Callback: "app_761bdff240" | Handler: Job Approval Handler | Duration: 2ms | Success: true | Reason: N/A
[2026-08-13T09:51:45.454Z] User: 111 | Chat: 999001 | Callback: "app_771e1e6422" | Handler: Job Approval Handler | Duration: 4ms | Success: true | Reason: N/A
[2026-08-13T09:51:45.490Z] User: 111 | Chat: 999001 | Callback: "rej_771e1e6422" | Handler: Job Approval Handler | Duration: 3ms | Success: true | Reason: N/A
[2026-08-13T09:51:45.910Z] User: 111 | Chat: 999001 | Callback: "follow_wait_771e1e6422" | Handler: Follow-up Scheduler | Duration: 389ms | Success: true | Reason: N/A
[2026-08-13T09:51:45.932Z] User: 111 | Chat: 999001 | Callback: "app_771e1e6422" | Handler: Job Approval Handler | Duration: 3ms | Success: true | Reason: N/A
[2026-08-13T09:51:45.947Z] User: 111 | Chat: 999001 | Callback: "rej_771e1e6422" | Handler: Job Approval Handler | Duration: 14ms | Success: true | Reason: N/A
[2026-08-13T09:51:45.949Z] User: 111 | Chat: 999001 | Callback: "app_761bdff240" | Handler: Job Approval Handler | Duration: 1ms | Success: true | Reason: N/A
[2026-08-13T09:51:45.964Z] User: 111 | Chat: 999001 | Callback: "rej_761bdff240" | Handler: Job Approval Handler | Duration: 14ms | Success: true | Reason: N/A
[2026-08-13T09:51:45.969Z] User: 111 | Chat: 999001 | Callback: "app_0000000000" | Handler: Job Approval Handler | Duration: 3ms | Success: false | Reason: UNRESOLVED_APPLICATION
[2026-08-13T09:51:45.972Z] User: 111 | Chat: 999001 | Callback: "rej_0000000000" | Handler: Job Approval Handler | Duration: 2ms | Success: false | Reason: UNRESOLVED_APPLICATION
[2026-08-13T09:51:46.009Z] User: 111 | Chat: 999001 | Callback: "app_771e1e6422" | Handler: Job Approval Handler | Duration: 5ms | Success: true | Reason: N/A
[2026-08-13T09:51:46.045Z] User: 111 | Chat: 999001 | Callback: "app_771e1e6422" | Handler: Job Approval Handler | Duration: 3ms | Success: true | Reason: N/A
[2026-08-13T09:51:46.058Z] User: 111 | Chat: 999001 | Callback: "app_761bdff240" | Handler: Job Approval Handler | Duration: 13ms | Success: true | Reason: N/A
[2026-08-13T09:51:46.061Z] User: 111 | Chat: 999001 | Callback: "rej_761bdff240" | Handler: Job Approval Handler | Duration: 2ms | Success: true | Reason: N/A
[2026-08-13T09:51:46.137Z] User: 111 | Chat: 999001 | Callback: "app_771e1e6422" | Handler: Job Approval Handler | Duration: 3ms | Success: true | Reason: N/A
[2026-08-13T09:51:46.153Z] User: 111 | Chat: 999001 | Callback: "rej_771e1e6422" | Handler: Job Approval Handler | Duration: 3ms | Success: true | Reason: N/A
[2026-08-13T09:51:46.190Z] User: 111 | Chat: 999001 | Callback: "apply_all" | Handler: Bulk Approval Handler | Duration: 4ms | Success: true | Reason: N/A
[2026-08-13T09:51:46.217Z] User: 111 | Chat: 999001 | Callback: "reject_all" | Handler: Bulk Approval Handler | Duration: 12ms | Success: true | Reason: N/A
[2026-08-13T09:53:45.596Z] User: 642578356 | Chat: 642578356 | Callback: "digest_refresh" | Handler: Unknown Callback Router | Duration: 2548ms | Success: false | Reason: UNKNOWN_CALLBACK_PREFIX
[2026-08-13T09:53:45.979Z] User: 642578356 | Chat: 642578356 | Callback: "digest_funnel" | Handler: Unknown Callback Router | Duration: 747ms | Success: false | Reason: UNKNOWN_CALLBACK_PREFIX
[2026-08-13T09:54:02.553Z] User: 111 | Chat: 999001 | Callback: "app_771e1e6422" | Handler: Job Approval Handler | Duration: 7ms | Success: true | Reason: N/A
[2026-08-13T09:54:02.589Z] User: 111 | Chat: 999001 | Callback: "rej_771e1e6422" | Handler: Job Approval Handler | Duration: 3ms | Success: true | Reason: N/A
[2026-08-13T09:54:02.620Z] User: 111 | Chat: 999001 | Callback: "app_0000000000" | Handler: Job Approval Handler | Duration: 2ms | Success: false | Reason: UNRESOLVED_APPLICATION
[2026-08-13T09:54:02.639Z] User: 111 | Chat: 999001 | Callback: "rej_0000000000" | Handler: Job Approval Handler | Duration: 2ms | Success: false | Reason: UNRESOLVED_APPLICATION
[2026-08-13T09:54:02.659Z] User: 111 | Chat: 999001 | Callback: "app_nonexistent999" | Handler: Job Approval Handler | Duration: 2ms | Success: false | Reason: UNRESOLVED_APPLICATION
[2026-08-13T09:54:02.681Z] User: 111 | Chat: 999001 | Callback: "app_761bdff240" | Handler: Job Approval Handler | Duration: 2ms | Success: true | Reason: N/A
[2026-08-13T09:54:02.704Z] User: 111 | Chat: 999001 | Callback: "app_771e1e6422" | Handler: Job Approval Handler | Duration: 3ms | Success: true | Reason: N/A
[2026-08-13T09:54:02.737Z] User: 111 | Chat: 999001 | Callback: "rej_771e1e6422" | Handler: Job Approval Handler | Duration: 3ms | Success: true | Reason: N/A
[2026-08-13T09:54:03.458Z] User: 111 | Chat: 999001 | Callback: "follow_wait_771e1e6422" | Handler: Follow-up Scheduler | Duration: 690ms | Success: true | Reason: N/A
[2026-08-13T09:54:03.487Z] User: 111 | Chat: 999001 | Callback: "app_771e1e6422" | Handler: Job Approval Handler | Duration: 4ms | Success: true | Reason: N/A
[2026-08-13T09:54:03.509Z] User: 111 | Chat: 999001 | Callback: "rej_771e1e6422" | Handler: Job Approval Handler | Duration: 22ms | Success: true | Reason: N/A
[2026-08-13T09:54:03.512Z] User: 111 | Chat: 999001 | Callback: "app_761bdff240" | Handler: Job Approval Handler | Duration: 2ms | Success: true | Reason: N/A
[2026-08-13T09:54:03.521Z] User: 111 | Chat: 999001 | Callback: "rej_761bdff240" | Handler: Job Approval Handler | Duration: 7ms | Success: true | Reason: N/A
[2026-08-13T09:54:03.523Z] User: 111 | Chat: 999001 | Callback: "app_0000000000" | Handler: Job Approval Handler | Duration: 2ms | Success: false | Reason: UNRESOLVED_APPLICATION
[2026-08-13T09:54:03.526Z] User: 111 | Chat: 999001 | Callback: "rej_0000000000" | Handler: Job Approval Handler | Duration: 2ms | Success: false | Reason: UNRESOLVED_APPLICATION
[2026-08-13T09:54:03.560Z] User: 111 | Chat: 999001 | Callback: "app_771e1e6422" | Handler: Job Approval Handler | Duration: 4ms | Success: true | Reason: N/A
[2026-08-13T09:54:03.600Z] User: 111 | Chat: 999001 | Callback: "app_771e1e6422" | Handler: Job Approval Handler | Duration: 4ms | Success: true | Reason: N/A
[2026-08-13T09:54:03.615Z] User: 111 | Chat: 999001 | Callback: "app_761bdff240" | Handler: Job Approval Handler | Duration: 15ms | Success: true | Reason: N/A
[2026-08-13T09:54:03.618Z] User: 111 | Chat: 999001 | Callback: "rej_761bdff240" | Handler: Job Approval Handler | Duration: 2ms | Success: true | Reason: N/A
[2026-08-13T09:54:03.711Z] User: 111 | Chat: 999001 | Callback: "app_771e1e6422" | Handler: Job Approval Handler | Duration: 4ms | Success: true | Reason: N/A
[2026-08-13T09:54:03.728Z] User: 111 | Chat: 999001 | Callback: "rej_771e1e6422" | Handler: Job Approval Handler | Duration: 4ms | Success: true | Reason: N/A
[2026-08-13T09:54:03.756Z] User: 111 | Chat: 999001 | Callback: "apply_all" | Handler: Bulk Approval Handler | Duration: 2ms | Success: true | Reason: N/A
[2026-08-13T09:54:03.785Z] User: 111 | Chat: 999001 | Callback: "reject_all" | Handler: Bulk Approval Handler | Duration: 17ms | Success: true | Reason: N/A
[2026-08-13T09:57:34.897Z] User: 111 | Chat: 999001 | Callback: "app_771e1e6422" | Handler: Job Approval Handler | Duration: 6ms | Success: true | Reason: N/A
[2026-08-13T09:57:34.928Z] User: 111 | Chat: 999001 | Callback: "rej_771e1e6422" | Handler: Job Approval Handler | Duration: 1ms | Success: true | Reason: N/A
[2026-08-13T09:57:34.955Z] User: 111 | Chat: 999001 | Callback: "app_0000000000" | Handler: Job Approval Handler | Duration: 2ms | Success: false | Reason: UNRESOLVED_APPLICATION
[2026-08-13T09:57:34.971Z] User: 111 | Chat: 999001 | Callback: "rej_0000000000" | Handler: Job Approval Handler | Duration: 2ms | Success: false | Reason: UNRESOLVED_APPLICATION
[2026-08-13T09:57:34.996Z] User: 111 | Chat: 999001 | Callback: "app_nonexistent999" | Handler: Job Approval Handler | Duration: 2ms | Success: false | Reason: UNRESOLVED_APPLICATION
[2026-08-13T09:57:35.022Z] User: 111 | Chat: 999001 | Callback: "app_761bdff240" | Handler: Job Approval Handler | Duration: 2ms | Success: true | Reason: N/A
[2026-08-13T09:57:35.047Z] User: 111 | Chat: 999001 | Callback: "app_771e1e6422" | Handler: Job Approval Handler | Duration: 5ms | Success: true | Reason: N/A
[2026-08-13T09:57:35.109Z] User: 111 | Chat: 999001 | Callback: "rej_771e1e6422" | Handler: Job Approval Handler | Duration: 23ms | Success: true | Reason: N/A
[2026-08-13T09:57:35.595Z] User: 111 | Chat: 999001 | Callback: "follow_wait_771e1e6422" | Handler: Follow-up Scheduler | Duration: 441ms | Success: true | Reason: N/A
[2026-08-13T09:57:35.619Z] User: 111 | Chat: 999001 | Callback: "app_771e1e6422" | Handler: Job Approval Handler | Duration: 4ms | Success: true | Reason: N/A
[2026-08-13T09:57:35.635Z] User: 111 | Chat: 999001 | Callback: "rej_771e1e6422" | Handler: Job Approval Handler | Duration: 14ms | Success: true | Reason: N/A
[2026-08-13T09:57:35.637Z] User: 111 | Chat: 999001 | Callback: "app_761bdff240" | Handler: Job Approval Handler | Duration: 2ms | Success: true | Reason: N/A
[2026-08-13T09:57:35.646Z] User: 111 | Chat: 999001 | Callback: "rej_761bdff240" | Handler: Job Approval Handler | Duration: 8ms | Success: true | Reason: N/A
[2026-08-13T09:57:35.649Z] User: 111 | Chat: 999001 | Callback: "app_0000000000" | Handler: Job Approval Handler | Duration: 1ms | Success: false | Reason: UNRESOLVED_APPLICATION
[2026-08-13T09:57:35.651Z] User: 111 | Chat: 999001 | Callback: "rej_0000000000" | Handler: Job Approval Handler | Duration: 2ms | Success: false | Reason: UNRESOLVED_APPLICATION
[2026-08-13T09:57:35.693Z] User: 111 | Chat: 999001 | Callback: "app_771e1e6422" | Handler: Job Approval Handler | Duration: 9ms | Success: true | Reason: N/A
[2026-08-13T09:57:35.744Z] User: 111 | Chat: 999001 | Callback: "app_771e1e6422" | Handler: Job Approval Handler | Duration: 6ms | Success: true | Reason: N/A
[2026-08-13T09:57:35.763Z] User: 111 | Chat: 999001 | Callback: "app_761bdff240" | Handler: Job Approval Handler | Duration: 19ms | Success: true | Reason: N/A
[2026-08-13T09:57:35.767Z] User: 111 | Chat: 999001 | Callback: "rej_761bdff240" | Handler: Job Approval Handler | Duration: 3ms | Success: true | Reason: N/A
[2026-08-13T09:57:35.862Z] User: 111 | Chat: 999001 | Callback: "app_771e1e6422" | Handler: Job Approval Handler | Duration: 4ms | Success: true | Reason: N/A
[2026-08-13T09:57:35.882Z] User: 111 | Chat: 999001 | Callback: "rej_771e1e6422" | Handler: Job Approval Handler | Duration: 3ms | Success: true | Reason: N/A
[2026-08-13T09:57:35.919Z] User: 111 | Chat: 999001 | Callback: "apply_all" | Handler: Bulk Approval Handler | Duration: 2ms | Success: true | Reason: N/A
[2026-08-13T09:57:35.943Z] User: 111 | Chat: 999001 | Callback: "reject_all" | Handler: Bulk Approval Handler | Duration: 12ms | Success: true | Reason: N/A
[2026-08-13T09:59:28.644Z] User: 111 | Chat: 999001 | Callback: "app_771e1e6422" | Handler: Job Approval Handler | Duration: 10ms | Success: true | Reason: N/A
[2026-08-13T09:59:28.687Z] User: 111 | Chat: 999001 | Callback: "rej_771e1e6422" | Handler: Job Approval Handler | Duration: 3ms | Success: true | Reason: N/A
[2026-08-13T09:59:28.724Z] User: 111 | Chat: 999001 | Callback: "app_0000000000" | Handler: Job Approval Handler | Duration: 1ms | Success: false | Reason: UNRESOLVED_APPLICATION
[2026-08-13T09:59:28.742Z] User: 111 | Chat: 999001 | Callback: "rej_0000000000" | Handler: Job Approval Handler | Duration: 3ms | Success: false | Reason: UNRESOLVED_APPLICATION
[2026-08-13T09:59:28.763Z] User: 111 | Chat: 999001 | Callback: "app_nonexistent999" | Handler: Job Approval Handler | Duration: 1ms | Success: false | Reason: UNRESOLVED_APPLICATION
[2026-08-13T09:59:28.780Z] User: 111 | Chat: 999001 | Callback: "app_761bdff240" | Handler: Job Approval Handler | Duration: 1ms | Success: true | Reason: N/A
[2026-08-13T09:59:28.801Z] User: 111 | Chat: 999001 | Callback: "app_771e1e6422" | Handler: Job Approval Handler | Duration: 3ms | Success: true | Reason: N/A
[2026-08-13T09:59:28.832Z] User: 111 | Chat: 999001 | Callback: "rej_771e1e6422" | Handler: Job Approval Handler | Duration: 2ms | Success: true | Reason: N/A
[2026-08-13T09:59:29.270Z] User: 111 | Chat: 999001 | Callback: "follow_wait_771e1e6422" | Handler: Follow-up Scheduler | Duration: 404ms | Success: true | Reason: N/A
[2026-08-13T09:59:29.290Z] User: 111 | Chat: 999001 | Callback: "app_771e1e6422" | Handler: Job Approval Handler | Duration: 3ms | Success: true | Reason: N/A
[2026-08-13T09:59:29.304Z] User: 111 | Chat: 999001 | Callback: "rej_771e1e6422" | Handler: Job Approval Handler | Duration: 13ms | Success: true | Reason: N/A
[2026-08-13T09:59:29.307Z] User: 111 | Chat: 999001 | Callback: "app_761bdff240" | Handler: Job Approval Handler | Duration: 1ms | Success: true | Reason: N/A
[2026-08-13T09:59:29.317Z] User: 111 | Chat: 999001 | Callback: "rej_761bdff240" | Handler: Job Approval Handler | Duration: 10ms | Success: true | Reason: N/A
[2026-08-13T09:59:29.319Z] User: 111 | Chat: 999001 | Callback: "app_0000000000" | Handler: Job Approval Handler | Duration: 2ms | Success: false | Reason: UNRESOLVED_APPLICATION
[2026-08-13T09:59:29.320Z] User: 111 | Chat: 999001 | Callback: "rej_0000000000" | Handler: Job Approval Handler | Duration: 1ms | Success: false | Reason: UNRESOLVED_APPLICATION
[2026-08-13T09:59:29.351Z] User: 111 | Chat: 999001 | Callback: "app_771e1e6422" | Handler: Job Approval Handler | Duration: 4ms | Success: true | Reason: N/A
[2026-08-13T09:59:29.382Z] User: 111 | Chat: 999001 | Callback: "app_771e1e6422" | Handler: Job Approval Handler | Duration: 3ms | Success: true | Reason: N/A
[2026-08-13T09:59:29.396Z] User: 111 | Chat: 999001 | Callback: "app_761bdff240" | Handler: Job Approval Handler | Duration: 13ms | Success: true | Reason: N/A
[2026-08-13T09:59:29.399Z] User: 111 | Chat: 999001 | Callback: "rej_761bdff240" | Handler: Job Approval Handler | Duration: 3ms | Success: true | Reason: N/A
[2026-08-13T09:59:29.479Z] User: 111 | Chat: 999001 | Callback: "app_771e1e6422" | Handler: Job Approval Handler | Duration: 4ms | Success: true | Reason: N/A
[2026-08-13T09:59:29.502Z] User: 111 | Chat: 999001 | Callback: "rej_771e1e6422" | Handler: Job Approval Handler | Duration: 10ms | Success: true | Reason: N/A
[2026-08-13T09:59:29.534Z] User: 111 | Chat: 999001 | Callback: "apply_all" | Handler: Bulk Approval Handler | Duration: 2ms | Success: true | Reason: N/A
[2026-08-13T09:59:29.557Z] User: 111 | Chat: 999001 | Callback: "reject_all" | Handler: Bulk Approval Handler | Duration: 13ms | Success: true | Reason: N/A
[2026-08-13T10:01:03.314Z] User: 642578356 | Chat: 642578356 | Callback: "digest_refresh" | Handler: Unknown Callback Router | Duration: 1222ms | Success: false | Reason: UNKNOWN_CALLBACK_PREFIX
[2026-08-13T10:01:03.753Z] User: 642578356 | Chat: 642578356 | Callback: "digest_funnel" | Handler: Unknown Callback Router | Duration: 845ms | Success: false | Reason: UNKNOWN_CALLBACK_PREFIX
[2026-08-13T10:01:10.408Z] User: 642578356 | Chat: 642578356 | Callback: "digest_refresh" | Handler: Unknown Callback Router | Duration: 824ms | Success: false | Reason: UNKNOWN_CALLBACK_PREFIX
[2026-08-13T10:01:11.209Z] User: 642578356 | Chat: 642578356 | Callback: "digest_funnel" | Handler: Unknown Callback Router | Duration: 388ms | Success: false | Reason: UNKNOWN_CALLBACK_PREFIX
[2026-08-13T10:01:12.710Z] User: 642578356 | Chat: 642578356 | Callback: "digest_refresh" | Handler: Unknown Callback Router | Duration: 863ms | Success: false | Reason: UNKNOWN_CALLBACK_PREFIX
[2026-08-13T10:01:18.915Z] User: 111 | Chat: 999001 | Callback: "app_771e1e6422" | Handler: Job Approval Handler | Duration: 9ms | Success: true | Reason: N/A
[2026-08-13T10:01:18.961Z] User: 111 | Chat: 999001 | Callback: "rej_771e1e6422" | Handler: Job Approval Handler | Duration: 3ms | Success: true | Reason: N/A
[2026-08-13T10:01:19.007Z] User: 111 | Chat: 999001 | Callback: "app_0000000000" | Handler: Job Approval Handler | Duration: 2ms | Success: false | Reason: UNRESOLVED_APPLICATION
[2026-08-13T10:01:19.030Z] User: 111 | Chat: 999001 | Callback: "rej_0000000000" | Handler: Job Approval Handler | Duration: 2ms | Success: false | Reason: UNRESOLVED_APPLICATION
[2026-08-13T10:01:19.060Z] User: 111 | Chat: 999001 | Callback: "app_nonexistent999" | Handler: Job Approval Handler | Duration: 2ms | Success: false | Reason: UNRESOLVED_APPLICATION
[2026-08-13T10:01:19.096Z] User: 111 | Chat: 999001 | Callback: "app_761bdff240" | Handler: Job Approval Handler | Duration: 3ms | Success: true | Reason: N/A
[2026-08-13T10:01:19.128Z] User: 111 | Chat: 999001 | Callback: "app_771e1e6422" | Handler: Job Approval Handler | Duration: 4ms | Success: true | Reason: N/A
[2026-08-13T10:01:19.167Z] User: 111 | Chat: 999001 | Callback: "rej_771e1e6422" | Handler: Job Approval Handler | Duration: 3ms | Success: true | Reason: N/A
[2026-08-13T10:01:19.588Z] User: 111 | Chat: 999001 | Callback: "follow_wait_771e1e6422" | Handler: Follow-up Scheduler | Duration: 375ms | Success: true | Reason: N/A
[2026-08-13T10:01:19.609Z] User: 111 | Chat: 999001 | Callback: "app_771e1e6422" | Handler: Job Approval Handler | Duration: 3ms | Success: true | Reason: N/A
[2026-08-13T10:01:19.624Z] User: 111 | Chat: 999001 | Callback: "rej_771e1e6422" | Handler: Job Approval Handler | Duration: 14ms | Success: true | Reason: N/A
[2026-08-13T10:01:19.626Z] User: 111 | Chat: 999001 | Callback: "app_761bdff240" | Handler: Job Approval Handler | Duration: 1ms | Success: true | Reason: N/A
[2026-08-13T10:01:19.636Z] User: 111 | Chat: 999001 | Callback: "rej_761bdff240" | Handler: Job Approval Handler | Duration: 10ms | Success: true | Reason: N/A
[2026-08-13T10:01:19.638Z] User: 111 | Chat: 999001 | Callback: "app_0000000000" | Handler: Job Approval Handler | Duration: 1ms | Success: false | Reason: UNRESOLVED_APPLICATION
[2026-08-13T10:01:19.640Z] User: 111 | Chat: 999001 | Callback: "rej_0000000000" | Handler: Job Approval Handler | Duration: 1ms | Success: false | Reason: UNRESOLVED_APPLICATION
[2026-08-13T10:01:19.672Z] User: 111 | Chat: 999001 | Callback: "app_771e1e6422" | Handler: Job Approval Handler | Duration: 2ms | Success: true | Reason: N/A
[2026-08-13T10:01:19.707Z] User: 111 | Chat: 999001 | Callback: "app_771e1e6422" | Handler: Job Approval Handler | Duration: 2ms | Success: true | Reason: N/A
[2026-08-13T10:01:19.724Z] User: 111 | Chat: 999001 | Callback: "app_761bdff240" | Handler: Job Approval Handler | Duration: 17ms | Success: true | Reason: N/A
[2026-08-13T10:01:19.727Z] User: 111 | Chat: 999001 | Callback: "rej_761bdff240" | Handler: Job Approval Handler | Duration: 2ms | Success: true | Reason: N/A
[2026-08-13T10:01:19.810Z] User: 111 | Chat: 999001 | Callback: "app_771e1e6422" | Handler: Job Approval Handler | Duration: 3ms | Success: true | Reason: N/A
[2026-08-13T10:01:19.826Z] User: 111 | Chat: 999001 | Callback: "rej_771e1e6422" | Handler: Job Approval Handler | Duration: 2ms | Success: true | Reason: N/A
[2026-08-13T10:01:19.858Z] User: 111 | Chat: 999001 | Callback: "apply_all" | Handler: Bulk Approval Handler | Duration: 2ms | Success: true | Reason: N/A
[2026-08-13T10:01:19.881Z] User: 111 | Chat: 999001 | Callback: "reject_all" | Handler: Bulk Approval Handler | Duration: 15ms | Success: true | Reason: N/A
[2026-08-13T10:04:37.808Z] User: 111 | Chat: 999001 | Callback: "app_771e1e6422" | Handler: Job Approval Handler | Duration: 4ms | Success: true | Reason: N/A
[2026-08-13T10:04:37.840Z] User: 111 | Chat: 999001 | Callback: "rej_771e1e6422" | Handler: Job Approval Handler | Duration: 2ms | Success: true | Reason: N/A
[2026-08-13T10:04:37.866Z] User: 111 | Chat: 999001 | Callback: "app_0000000000" | Handler: Job Approval Handler | Duration: 1ms | Success: false | Reason: UNRESOLVED_APPLICATION
[2026-08-13T10:04:37.881Z] User: 111 | Chat: 999001 | Callback: "rej_0000000000" | Handler: Job Approval Handler | Duration: 1ms | Success: false | Reason: UNRESOLVED_APPLICATION
[2026-08-13T10:04:37.898Z] User: 111 | Chat: 999001 | Callback: "app_nonexistent999" | Handler: Job Approval Handler | Duration: 2ms | Success: false | Reason: UNRESOLVED_APPLICATION
[2026-08-13T10:04:37.915Z] User: 111 | Chat: 999001 | Callback: "app_761bdff240" | Handler: Job Approval Handler | Duration: 1ms | Success: true | Reason: N/A
[2026-08-13T10:04:37.936Z] User: 111 | Chat: 999001 | Callback: "app_771e1e6422" | Handler: Job Approval Handler | Duration: 3ms | Success: true | Reason: N/A
[2026-08-13T10:04:37.971Z] User: 111 | Chat: 999001 | Callback: "rej_771e1e6422" | Handler: Job Approval Handler | Duration: 2ms | Success: true | Reason: N/A
[2026-08-13T10:04:38.330Z] User: 111 | Chat: 999001 | Callback: "follow_wait_771e1e6422" | Handler: Follow-up Scheduler | Duration: 319ms | Success: true | Reason: N/A
[2026-08-13T10:04:38.349Z] User: 111 | Chat: 999001 | Callback: "app_771e1e6422" | Handler: Job Approval Handler | Duration: 3ms | Success: true | Reason: N/A
[2026-08-13T10:04:38.361Z] User: 111 | Chat: 999001 | Callback: "rej_771e1e6422" | Handler: Job Approval Handler | Duration: 11ms | Success: true | Reason: N/A
[2026-08-13T10:04:38.362Z] User: 111 | Chat: 999001 | Callback: "app_761bdff240" | Handler: Job Approval Handler | Duration: 1ms | Success: true | Reason: N/A
[2026-08-13T10:04:38.372Z] User: 111 | Chat: 999001 | Callback: "rej_761bdff240" | Handler: Job Approval Handler | Duration: 8ms | Success: true | Reason: N/A
[2026-08-13T10:04:38.373Z] User: 111 | Chat: 999001 | Callback: "app_0000000000" | Handler: Job Approval Handler | Duration: 1ms | Success: false | Reason: UNRESOLVED_APPLICATION
[2026-08-13T10:04:38.375Z] User: 111 | Chat: 999001 | Callback: "rej_0000000000" | Handler: Job Approval Handler | Duration: 1ms | Success: false | Reason: UNRESOLVED_APPLICATION
[2026-08-13T10:04:38.397Z] User: 111 | Chat: 999001 | Callback: "app_771e1e6422" | Handler: Job Approval Handler | Duration: 2ms | Success: true | Reason: N/A
[2026-08-13T10:04:38.426Z] User: 111 | Chat: 999001 | Callback: "app_771e1e6422" | Handler: Job Approval Handler | Duration: 3ms | Success: true | Reason: N/A
[2026-08-13T10:04:38.437Z] User: 111 | Chat: 999001 | Callback: "app_761bdff240" | Handler: Job Approval Handler | Duration: 11ms | Success: true | Reason: N/A
[2026-08-13T10:04:38.439Z] User: 111 | Chat: 999001 | Callback: "rej_761bdff240" | Handler: Job Approval Handler | Duration: 2ms | Success: true | Reason: N/A
[2026-08-13T10:04:38.509Z] User: 111 | Chat: 999001 | Callback: "app_771e1e6422" | Handler: Job Approval Handler | Duration: 3ms | Success: true | Reason: N/A
[2026-08-13T10:04:38.525Z] User: 111 | Chat: 999001 | Callback: "rej_771e1e6422" | Handler: Job Approval Handler | Duration: 3ms | Success: true | Reason: N/A
[2026-08-13T10:04:38.554Z] User: 111 | Chat: 999001 | Callback: "apply_all" | Handler: Bulk Approval Handler | Duration: 1ms | Success: true | Reason: N/A
[2026-08-13T10:04:38.576Z] User: 111 | Chat: 999001 | Callback: "reject_all" | Handler: Bulk Approval Handler | Duration: 11ms | Success: true | Reason: N/A
[2026-08-13T10:06:01.055Z] User: 111 | Chat: 999001 | Callback: "app_771e1e6422" | Handler: Job Approval Handler | Duration: 9ms | Success: true | Reason: N/A
[2026-08-13T10:06:01.092Z] User: 111 | Chat: 999001 | Callback: "rej_771e1e6422" | Handler: Job Approval Handler | Duration: 3ms | Success: true | Reason: N/A
[2026-08-13T10:06:01.131Z] User: 111 | Chat: 999001 | Callback: "app_0000000000" | Handler: Job Approval Handler | Duration: 2ms | Success: false | Reason: UNRESOLVED_APPLICATION
[2026-08-13T10:06:01.150Z] User: 111 | Chat: 999001 | Callback: "rej_0000000000" | Handler: Job Approval Handler | Duration: 1ms | Success: false | Reason: UNRESOLVED_APPLICATION
[2026-08-13T10:06:01.179Z] User: 111 | Chat: 999001 | Callback: "app_nonexistent999" | Handler: Job Approval Handler | Duration: 2ms | Success: false | Reason: UNRESOLVED_APPLICATION
[2026-08-13T10:06:01.199Z] User: 111 | Chat: 999001 | Callback: "app_761bdff240" | Handler: Job Approval Handler | Duration: 2ms | Success: true | Reason: N/A
[2026-08-13T10:06:01.224Z] User: 111 | Chat: 999001 | Callback: "app_771e1e6422" | Handler: Job Approval Handler | Duration: 3ms | Success: true | Reason: N/A
[2026-08-13T10:06:01.259Z] User: 111 | Chat: 999001 | Callback: "rej_771e1e6422" | Handler: Job Approval Handler | Duration: 3ms | Success: true | Reason: N/A
[2026-08-13T10:06:01.751Z] User: 111 | Chat: 999001 | Callback: "follow_wait_771e1e6422" | Handler: Follow-up Scheduler | Duration: 459ms | Success: true | Reason: N/A
[2026-08-13T10:06:01.772Z] User: 111 | Chat: 999001 | Callback: "app_771e1e6422" | Handler: Job Approval Handler | Duration: 3ms | Success: true | Reason: N/A
[2026-08-13T10:06:01.786Z] User: 111 | Chat: 999001 | Callback: "rej_771e1e6422" | Handler: Job Approval Handler | Duration: 13ms | Success: true | Reason: N/A
[2026-08-13T10:06:01.788Z] User: 111 | Chat: 999001 | Callback: "app_761bdff240" | Handler: Job Approval Handler | Duration: 1ms | Success: true | Reason: N/A
[2026-08-13T10:06:01.799Z] User: 111 | Chat: 999001 | Callback: "rej_761bdff240" | Handler: Job Approval Handler | Duration: 10ms | Success: true | Reason: N/A
[2026-08-13T10:06:01.802Z] User: 111 | Chat: 999001 | Callback: "app_0000000000" | Handler: Job Approval Handler | Duration: 1ms | Success: false | Reason: UNRESOLVED_APPLICATION
[2026-08-13T10:06:01.803Z] User: 111 | Chat: 999001 | Callback: "rej_0000000000" | Handler: Job Approval Handler | Duration: 1ms | Success: false | Reason: UNRESOLVED_APPLICATION
[2026-08-13T10:06:01.834Z] User: 111 | Chat: 999001 | Callback: "app_771e1e6422" | Handler: Job Approval Handler | Duration: 4ms | Success: true | Reason: N/A
[2026-08-13T10:06:01.867Z] User: 111 | Chat: 999001 | Callback: "app_771e1e6422" | Handler: Job Approval Handler | Duration: 4ms | Success: true | Reason: N/A
[2026-08-13T10:06:01.879Z] User: 111 | Chat: 999001 | Callback: "app_761bdff240" | Handler: Job Approval Handler | Duration: 12ms | Success: true | Reason: N/A
[2026-08-13T10:06:01.883Z] User: 111 | Chat: 999001 | Callback: "rej_761bdff240" | Handler: Job Approval Handler | Duration: 2ms | Success: true | Reason: N/A
[2026-08-13T10:06:01.970Z] User: 111 | Chat: 999001 | Callback: "app_771e1e6422" | Handler: Job Approval Handler | Duration: 3ms | Success: true | Reason: N/A
[2026-08-13T10:06:01.990Z] User: 111 | Chat: 999001 | Callback: "rej_771e1e6422" | Handler: Job Approval Handler | Duration: 5ms | Success: true | Reason: N/A
[2026-08-13T10:06:02.028Z] User: 111 | Chat: 999001 | Callback: "apply_all" | Handler: Bulk Approval Handler | Duration: 2ms | Success: true | Reason: N/A
[2026-08-13T10:06:02.063Z] User: 111 | Chat: 999001 | Callback: "reject_all" | Handler: Bulk Approval Handler | Duration: 19ms | Success: true | Reason: N/A
[2026-08-13T10:07:45.423Z] User: 642578356 | Chat: 642578356 | Callback: "digest_refresh" | Handler: Unknown Callback Router | Duration: 907ms | Success: false | Reason: UNKNOWN_CALLBACK_PREFIX
[2026-08-13T10:07:46.565Z] User: 642578356 | Chat: 642578356 | Callback: "digest_funnel" | Handler: Unknown Callback Router | Duration: 366ms | Success: false | Reason: UNKNOWN_CALLBACK_PREFIX
[2026-08-13T10:08:54.364Z] User: 111 | Chat: 999001 | Callback: "app_771e1e6422" | Handler: Job Approval Handler | Duration: 5ms | Success: true | Reason: N/A
[2026-08-13T10:08:54.397Z] User: 111 | Chat: 999001 | Callback: "rej_771e1e6422" | Handler: Job Approval Handler | Duration: 3ms | Success: true | Reason: N/A
[2026-08-13T10:08:54.432Z] User: 111 | Chat: 999001 | Callback: "app_0000000000" | Handler: Job Approval Handler | Duration: 2ms | Success: false | Reason: UNRESOLVED_APPLICATION
[2026-08-13T10:08:54.456Z] User: 111 | Chat: 999001 | Callback: "rej_0000000000" | Handler: Job Approval Handler | Duration: 2ms | Success: false | Reason: UNRESOLVED_APPLICATION
[2026-08-13T10:08:54.479Z] User: 111 | Chat: 999001 | Callback: "app_nonexistent999" | Handler: Job Approval Handler | Duration: 1ms | Success: false | Reason: UNRESOLVED_APPLICATION
[2026-08-13T10:08:54.504Z] User: 111 | Chat: 999001 | Callback: "app_761bdff240" | Handler: Job Approval Handler | Duration: 3ms | Success: true | Reason: N/A
[2026-08-13T10:08:54.540Z] User: 111 | Chat: 999001 | Callback: "app_771e1e6422" | Handler: Job Approval Handler | Duration: 7ms | Success: true | Reason: N/A
[2026-08-13T10:08:54.596Z] User: 111 | Chat: 999001 | Callback: "rej_771e1e6422" | Handler: Job Approval Handler | Duration: 4ms | Success: true | Reason: N/A
[2026-08-13T10:08:55.214Z] User: 111 | Chat: 999001 | Callback: "follow_wait_771e1e6422" | Handler: Follow-up Scheduler | Duration: 570ms | Success: true | Reason: N/A
[2026-08-13T10:08:55.239Z] User: 111 | Chat: 999001 | Callback: "app_771e1e6422" | Handler: Job Approval Handler | Duration: 5ms | Success: true | Reason: N/A
[2026-08-13T10:08:55.259Z] User: 111 | Chat: 999001 | Callback: "rej_771e1e6422" | Handler: Job Approval Handler | Duration: 19ms | Success: true | Reason: N/A
[2026-08-13T10:08:55.262Z] User: 111 | Chat: 999001 | Callback: "app_761bdff240" | Handler: Job Approval Handler | Duration: 2ms | Success: true | Reason: N/A
[2026-08-13T10:08:55.273Z] User: 111 | Chat: 999001 | Callback: "rej_761bdff240" | Handler: Job Approval Handler | Duration: 11ms | Success: true | Reason: N/A
[2026-08-13T10:08:55.276Z] User: 111 | Chat: 999001 | Callback: "app_0000000000" | Handler: Job Approval Handler | Duration: 2ms | Success: false | Reason: UNRESOLVED_APPLICATION
[2026-08-13T10:08:55.278Z] User: 111 | Chat: 999001 | Callback: "rej_0000000000" | Handler: Job Approval Handler | Duration: 2ms | Success: false | Reason: UNRESOLVED_APPLICATION
[2026-08-13T10:08:55.312Z] User: 111 | Chat: 999001 | Callback: "app_771e1e6422" | Handler: Job Approval Handler | Duration: 4ms | Success: true | Reason: N/A
[2026-08-13T10:08:55.352Z] User: 111 | Chat: 999001 | Callback: "app_771e1e6422" | Handler: Job Approval Handler | Duration: 5ms | Success: true | Reason: N/A
[2026-08-13T10:08:55.368Z] User: 111 | Chat: 999001 | Callback: "app_761bdff240" | Handler: Job Approval Handler | Duration: 16ms | Success: true | Reason: N/A
[2026-08-13T10:08:55.371Z] User: 111 | Chat: 999001 | Callback: "rej_761bdff240" | Handler: Job Approval Handler | Duration: 3ms | Success: true | Reason: N/A
[2026-08-13T10:08:55.455Z] User: 111 | Chat: 999001 | Callback: "app_771e1e6422" | Handler: Job Approval Handler | Duration: 3ms | Success: true | Reason: N/A
[2026-08-13T10:08:55.476Z] User: 111 | Chat: 999001 | Callback: "rej_771e1e6422" | Handler: Job Approval Handler | Duration: 4ms | Success: true | Reason: N/A
[2026-08-13T10:08:55.516Z] User: 111 | Chat: 999001 | Callback: "apply_all" | Handler: Bulk Approval Handler | Duration: 2ms | Success: true | Reason: N/A
[2026-08-13T10:08:55.553Z] User: 111 | Chat: 999001 | Callback: "reject_all" | Handler: Bulk Approval Handler | Duration: 20ms | Success: true | Reason: N/A
[2026-08-13T10:19:45.101Z] User: 111 | Chat: 999001 | Callback: "app_771e1e6422" | Handler: Job Approval Handler | Duration: 6ms | Success: true | Reason: N/A
[2026-08-13T10:19:45.131Z] User: 111 | Chat: 999001 | Callback: "rej_771e1e6422" | Handler: Job Approval Handler | Duration: 2ms | Success: true | Reason: N/A
[2026-08-13T10:19:45.162Z] User: 111 | Chat: 999001 | Callback: "app_0000000000" | Handler: Job Approval Handler | Duration: 1ms | Success: false | Reason: UNRESOLVED_APPLICATION
[2026-08-13T10:19:45.183Z] User: 111 | Chat: 999001 | Callback: "rej_0000000000" | Handler: Job Approval Handler | Duration: 3ms | Success: false | Reason: UNRESOLVED_APPLICATION
[2026-08-13T10:19:45.202Z] User: 111 | Chat: 999001 | Callback: "app_nonexistent999" | Handler: Job Approval Handler | Duration: 2ms | Success: false | Reason: UNRESOLVED_APPLICATION
[2026-08-13T10:19:45.219Z] User: 111 | Chat: 999001 | Callback: "app_761bdff240" | Handler: Job Approval Handler | Duration: 2ms | Success: true | Reason: N/A
[2026-08-13T10:19:45.238Z] User: 111 | Chat: 999001 | Callback: "app_771e1e6422" | Handler: Job Approval Handler | Duration: 3ms | Success: true | Reason: N/A
[2026-08-13T10:19:45.304Z] User: 111 | Chat: 999001 | Callback: "rej_771e1e6422" | Handler: Job Approval Handler | Duration: 3ms | Success: true | Reason: N/A
[2026-08-13T10:19:45.716Z] User: 111 | Chat: 999001 | Callback: "follow_wait_771e1e6422" | Handler: Follow-up Scheduler | Duration: 383ms | Success: true | Reason: N/A
[2026-08-13T10:19:45.733Z] User: 111 | Chat: 999001 | Callback: "app_771e1e6422" | Handler: Job Approval Handler | Duration: 3ms | Success: true | Reason: N/A
[2026-08-13T10:19:45.747Z] User: 111 | Chat: 999001 | Callback: "rej_771e1e6422" | Handler: Job Approval Handler | Duration: 13ms | Success: true | Reason: N/A
[2026-08-13T10:19:45.749Z] User: 111 | Chat: 999001 | Callback: "app_761bdff240" | Handler: Job Approval Handler | Duration: 2ms | Success: true | Reason: N/A
[2026-08-13T10:19:45.756Z] User: 111 | Chat: 999001 | Callback: "rej_761bdff240" | Handler: Job Approval Handler | Duration: 7ms | Success: true | Reason: N/A
[2026-08-13T10:19:45.758Z] User: 111 | Chat: 999001 | Callback: "app_0000000000" | Handler: Job Approval Handler | Duration: 1ms | Success: false | Reason: UNRESOLVED_APPLICATION
[2026-08-13T10:19:45.760Z] User: 111 | Chat: 999001 | Callback: "rej_0000000000" | Handler: Job Approval Handler | Duration: 1ms | Success: false | Reason: UNRESOLVED_APPLICATION
[2026-08-13T10:19:45.789Z] User: 111 | Chat: 999001 | Callback: "app_771e1e6422" | Handler: Job Approval Handler | Duration: 3ms | Success: true | Reason: N/A
[2026-08-13T10:19:45.819Z] User: 111 | Chat: 999001 | Callback: "app_771e1e6422" | Handler: Job Approval Handler | Duration: 5ms | Success: true | Reason: N/A
[2026-08-13T10:19:45.836Z] User: 111 | Chat: 999001 | Callback: "app_761bdff240" | Handler: Job Approval Handler | Duration: 17ms | Success: true | Reason: N/A
[2026-08-13T10:19:45.845Z] User: 111 | Chat: 999001 | Callback: "rej_761bdff240" | Handler: Job Approval Handler | Duration: 9ms | Success: true | Reason: N/A
[2026-08-13T10:19:45.926Z] User: 111 | Chat: 999001 | Callback: "app_771e1e6422" | Handler: Job Approval Handler | Duration: 4ms | Success: true | Reason: N/A
[2026-08-13T10:19:45.942Z] User: 111 | Chat: 999001 | Callback: "rej_771e1e6422" | Handler: Job Approval Handler | Duration: 3ms | Success: true | Reason: N/A
[2026-08-13T10:19:45.978Z] User: 111 | Chat: 999001 | Callback: "apply_all" | Handler: Bulk Approval Handler | Duration: 3ms | Success: true | Reason: N/A
[2026-08-13T10:19:46.008Z] User: 111 | Chat: 999001 | Callback: "reject_all" | Handler: Bulk Approval Handler | Duration: 15ms | Success: true | Reason: N/A
[2026-08-13T10:24:51.077Z] User: 111 | Chat: 999001 | Callback: "app_771e1e6422" | Handler: Job Approval Handler | Duration: 6ms | Success: true | Reason: N/A
[2026-08-13T10:24:51.114Z] User: 111 | Chat: 999001 | Callback: "rej_771e1e6422" | Handler: Job Approval Handler | Duration: 3ms | Success: true | Reason: N/A
[2026-08-13T10:24:51.148Z] User: 111 | Chat: 999001 | Callback: "app_0000000000" | Handler: Job Approval Handler | Duration: 2ms | Success: false | Reason: UNRESOLVED_APPLICATION
[2026-08-13T10:24:51.169Z] User: 111 | Chat: 999001 | Callback: "rej_0000000000" | Handler: Job Approval Handler | Duration: 1ms | Success: false | Reason: UNRESOLVED_APPLICATION
[2026-08-13T10:24:51.191Z] User: 111 | Chat: 999001 | Callback: "app_nonexistent999" | Handler: Job Approval Handler | Duration: 2ms | Success: false | Reason: UNRESOLVED_APPLICATION
[2026-08-13T10:24:51.216Z] User: 111 | Chat: 999001 | Callback: "app_761bdff240" | Handler: Job Approval Handler | Duration: 2ms | Success: true | Reason: N/A
[2026-08-13T10:24:51.246Z] User: 111 | Chat: 999001 | Callback: "app_771e1e6422" | Handler: Job Approval Handler | Duration: 4ms | Success: true | Reason: N/A
[2026-08-13T10:24:51.303Z] User: 111 | Chat: 999001 | Callback: "rej_771e1e6422" | Handler: Job Approval Handler | Duration: 4ms | Success: true | Reason: N/A
[2026-08-13T10:24:51.864Z] User: 111 | Chat: 999001 | Callback: "follow_wait_771e1e6422" | Handler: Follow-up Scheduler | Duration: 510ms | Success: true | Reason: N/A
[2026-08-13T10:24:51.887Z] User: 111 | Chat: 999001 | Callback: "app_771e1e6422" | Handler: Job Approval Handler | Duration: 4ms | Success: true | Reason: N/A
[2026-08-13T10:24:51.903Z] User: 111 | Chat: 999001 | Callback: "rej_771e1e6422" | Handler: Job Approval Handler | Duration: 16ms | Success: true | Reason: N/A
[2026-08-13T10:24:51.905Z] User: 111 | Chat: 999001 | Callback: "app_761bdff240" | Handler: Job Approval Handler | Duration: 2ms | Success: true | Reason: N/A
[2026-08-13T10:24:51.918Z] User: 111 | Chat: 999001 | Callback: "rej_761bdff240" | Handler: Job Approval Handler | Duration: 13ms | Success: true | Reason: N/A
[2026-08-13T10:24:51.921Z] User: 111 | Chat: 999001 | Callback: "app_0000000000" | Handler: Job Approval Handler | Duration: 2ms | Success: false | Reason: UNRESOLVED_APPLICATION
[2026-08-13T10:24:51.924Z] User: 111 | Chat: 999001 | Callback: "rej_0000000000" | Handler: Job Approval Handler | Duration: 2ms | Success: false | Reason: UNRESOLVED_APPLICATION
[2026-08-13T10:24:51.958Z] User: 111 | Chat: 999001 | Callback: "app_771e1e6422" | Handler: Job Approval Handler | Duration: 5ms | Success: true | Reason: N/A
[2026-08-13T10:24:51.998Z] User: 111 | Chat: 999001 | Callback: "app_771e1e6422" | Handler: Job Approval Handler | Duration: 4ms | Success: true | Reason: N/A
[2026-08-13T10:24:52.015Z] User: 111 | Chat: 999001 | Callback: "app_761bdff240" | Handler: Job Approval Handler | Duration: 16ms | Success: true | Reason: N/A
[2026-08-13T10:24:52.019Z] User: 111 | Chat: 999001 | Callback: "rej_761bdff240" | Handler: Job Approval Handler | Duration: 3ms | Success: true | Reason: N/A
[2026-08-13T10:24:52.106Z] User: 111 | Chat: 999001 | Callback: "app_771e1e6422" | Handler: Job Approval Handler | Duration: 4ms | Success: true | Reason: N/A
[2026-08-13T10:24:52.120Z] User: 111 | Chat: 999001 | Callback: "rej_771e1e6422" | Handler: Job Approval Handler | Duration: 4ms | Success: true | Reason: N/A
[2026-08-13T10:24:52.154Z] User: 111 | Chat: 999001 | Callback: "apply_all" | Handler: Bulk Approval Handler | Duration: 3ms | Success: true | Reason: N/A
[2026-08-13T10:24:52.182Z] User: 111 | Chat: 999001 | Callback: "reject_all" | Handler: Bulk Approval Handler | Duration: 15ms | Success: true | Reason: N/A
[2026-08-13T10:43:54.927Z] User: 111 | Chat: 999001 | Callback: "app_771e1e6422" | Handler: Job Approval Handler | Duration: 8ms | Success: true | Reason: N/A
[2026-08-13T10:43:54.963Z] User: 111 | Chat: 999001 | Callback: "rej_771e1e6422" | Handler: Job Approval Handler | Duration: 4ms | Success: true | Reason: N/A
[2026-08-13T10:43:54.997Z] User: 111 | Chat: 999001 | Callback: "app_0000000000" | Handler: Job Approval Handler | Duration: 2ms | Success: false | Reason: UNRESOLVED_APPLICATION
[2026-08-13T10:43:55.023Z] User: 111 | Chat: 999001 | Callback: "rej_0000000000" | Handler: Job Approval Handler | Duration: 2ms | Success: false | Reason: UNRESOLVED_APPLICATION
[2026-08-13T10:43:55.042Z] User: 111 | Chat: 999001 | Callback: "app_nonexistent999" | Handler: Job Approval Handler | Duration: 2ms | Success: false | Reason: UNRESOLVED_APPLICATION
[2026-08-13T10:43:55.069Z] User: 111 | Chat: 999001 | Callback: "app_761bdff240" | Handler: Job Approval Handler | Duration: 2ms | Success: true | Reason: N/A
[2026-08-13T10:43:55.096Z] User: 111 | Chat: 999001 | Callback: "app_771e1e6422" | Handler: Job Approval Handler | Duration: 4ms | Success: true | Reason: N/A
[2026-08-13T10:43:55.136Z] User: 111 | Chat: 999001 | Callback: "rej_771e1e6422" | Handler: Job Approval Handler | Duration: 4ms | Success: true | Reason: N/A
[2026-08-13T10:43:55.663Z] User: 111 | Chat: 999001 | Callback: "follow_wait_771e1e6422" | Handler: Follow-up Scheduler | Duration: 493ms | Success: true | Reason: N/A
[2026-08-13T10:43:55.688Z] User: 111 | Chat: 999001 | Callback: "app_771e1e6422" | Handler: Job Approval Handler | Duration: 3ms | Success: true | Reason: N/A
[2026-08-13T10:43:55.704Z] User: 111 | Chat: 999001 | Callback: "rej_771e1e6422" | Handler: Job Approval Handler | Duration: 16ms | Success: true | Reason: N/A
[2026-08-13T10:43:55.707Z] User: 111 | Chat: 999001 | Callback: "app_761bdff240" | Handler: Job Approval Handler | Duration: 1ms | Success: true | Reason: N/A
[2026-08-13T10:43:55.715Z] User: 111 | Chat: 999001 | Callback: "rej_761bdff240" | Handler: Job Approval Handler | Duration: 8ms | Success: true | Reason: N/A
[2026-08-13T10:43:55.719Z] User: 111 | Chat: 999001 | Callback: "app_0000000000" | Handler: Job Approval Handler | Duration: 3ms | Success: false | Reason: UNRESOLVED_APPLICATION
[2026-08-13T10:43:55.722Z] User: 111 | Chat: 999001 | Callback: "rej_0000000000" | Handler: Job Approval Handler | Duration: 2ms | Success: false | Reason: UNRESOLVED_APPLICATION
[2026-08-13T10:43:55.751Z] User: 111 | Chat: 999001 | Callback: "app_771e1e6422" | Handler: Job Approval Handler | Duration: 5ms | Success: true | Reason: N/A
[2026-08-13T10:43:55.786Z] User: 111 | Chat: 999001 | Callback: "app_771e1e6422" | Handler: Job Approval Handler | Duration: 4ms | Success: true | Reason: N/A
[2026-08-13T10:43:55.801Z] User: 111 | Chat: 999001 | Callback: "app_761bdff240" | Handler: Job Approval Handler | Duration: 14ms | Success: true | Reason: N/A
[2026-08-13T10:43:55.804Z] User: 111 | Chat: 999001 | Callback: "rej_761bdff240" | Handler: Job Approval Handler | Duration: 2ms | Success: true | Reason: N/A
[2026-08-13T10:43:55.889Z] User: 111 | Chat: 999001 | Callback: "app_771e1e6422" | Handler: Job Approval Handler | Duration: 3ms | Success: true | Reason: N/A
[2026-08-13T10:43:55.905Z] User: 111 | Chat: 999001 | Callback: "rej_771e1e6422" | Handler: Job Approval Handler | Duration: 3ms | Success: true | Reason: N/A
[2026-08-13T10:43:55.945Z] User: 111 | Chat: 999001 | Callback: "apply_all" | Handler: Bulk Approval Handler | Duration: 2ms | Success: true | Reason: N/A
[2026-08-13T10:43:55.974Z] User: 111 | Chat: 999001 | Callback: "reject_all" | Handler: Bulk Approval Handler | Duration: 13ms | Success: true | Reason: N/A
[2026-08-13T10:47:18.901Z] User: 111 | Chat: 999001 | Callback: "app_771e1e6422" | Handler: Job Approval Handler | Duration: 5ms | Success: true | Reason: N/A
[2026-08-13T10:47:18.931Z] User: 111 | Chat: 999001 | Callback: "rej_771e1e6422" | Handler: Job Approval Handler | Duration: 2ms | Success: true | Reason: N/A
[2026-08-13T10:47:18.960Z] User: 111 | Chat: 999001 | Callback: "app_0000000000" | Handler: Job Approval Handler | Duration: 1ms | Success: false | Reason: UNRESOLVED_APPLICATION
[2026-08-13T10:47:18.979Z] User: 111 | Chat: 999001 | Callback: "rej_0000000000" | Handler: Job Approval Handler | Duration: 1ms | Success: false | Reason: UNRESOLVED_APPLICATION
[2026-08-13T10:47:18.995Z] User: 111 | Chat: 999001 | Callback: "app_nonexistent999" | Handler: Job Approval Handler | Duration: 1ms | Success: false | Reason: UNRESOLVED_APPLICATION
[2026-08-13T10:47:19.020Z] User: 111 | Chat: 999001 | Callback: "app_761bdff240" | Handler: Job Approval Handler | Duration: 1ms | Success: true | Reason: N/A
[2026-08-13T10:47:19.041Z] User: 111 | Chat: 999001 | Callback: "app_771e1e6422" | Handler: Job Approval Handler | Duration: 3ms | Success: true | Reason: N/A
[2026-08-13T10:47:19.079Z] User: 111 | Chat: 999001 | Callback: "rej_771e1e6422" | Handler: Job Approval Handler | Duration: 3ms | Success: true | Reason: N/A
[2026-08-13T10:47:19.496Z] User: 111 | Chat: 999001 | Callback: "follow_wait_771e1e6422" | Handler: Follow-up Scheduler | Duration: 387ms | Success: true | Reason: N/A
[2026-08-13T10:47:19.526Z] User: 111 | Chat: 999001 | Callback: "app_771e1e6422" | Handler: Job Approval Handler | Duration: 5ms | Success: true | Reason: N/A
[2026-08-13T10:47:19.542Z] User: 111 | Chat: 999001 | Callback: "rej_771e1e6422" | Handler: Job Approval Handler | Duration: 15ms | Success: true | Reason: N/A
[2026-08-13T10:47:19.544Z] User: 111 | Chat: 999001 | Callback: "app_761bdff240" | Handler: Job Approval Handler | Duration: 2ms | Success: true | Reason: N/A
[2026-08-13T10:47:19.557Z] User: 111 | Chat: 999001 | Callback: "rej_761bdff240" | Handler: Job Approval Handler | Duration: 12ms | Success: true | Reason: N/A
[2026-08-13T10:47:19.562Z] User: 111 | Chat: 999001 | Callback: "app_0000000000" | Handler: Job Approval Handler | Duration: 4ms | Success: false | Reason: UNRESOLVED_APPLICATION
[2026-08-13T10:47:19.565Z] User: 111 | Chat: 999001 | Callback: "rej_0000000000" | Handler: Job Approval Handler | Duration: 2ms | Success: false | Reason: UNRESOLVED_APPLICATION
[2026-08-13T10:47:19.602Z] User: 111 | Chat: 999001 | Callback: "app_771e1e6422" | Handler: Job Approval Handler | Duration: 4ms | Success: true | Reason: N/A
[2026-08-13T10:47:19.644Z] User: 111 | Chat: 999001 | Callback: "app_771e1e6422" | Handler: Job Approval Handler | Duration: 4ms | Success: true | Reason: N/A
[2026-08-13T10:47:19.658Z] User: 111 | Chat: 999001 | Callback: "app_761bdff240" | Handler: Job Approval Handler | Duration: 13ms | Success: true | Reason: N/A
[2026-08-13T10:47:19.662Z] User: 111 | Chat: 999001 | Callback: "rej_761bdff240" | Handler: Job Approval Handler | Duration: 4ms | Success: true | Reason: N/A
[2026-08-13T10:47:19.739Z] User: 111 | Chat: 999001 | Callback: "app_771e1e6422" | Handler: Job Approval Handler | Duration: 3ms | Success: true | Reason: N/A
[2026-08-13T10:47:19.756Z] User: 111 | Chat: 999001 | Callback: "rej_771e1e6422" | Handler: Job Approval Handler | Duration: 3ms | Success: true | Reason: N/A
[2026-08-13T10:47:19.788Z] User: 111 | Chat: 999001 | Callback: "apply_all" | Handler: Bulk Approval Handler | Duration: 2ms | Success: true | Reason: N/A
[2026-08-13T10:47:19.816Z] User: 111 | Chat: 999001 | Callback: "reject_all" | Handler: Bulk Approval Handler | Duration: 17ms | Success: true | Reason: N/A
[2026-08-13T10:50:22.868Z] User: 111 | Chat: 999001 | Callback: "app_771e1e6422" | Handler: Job Approval Handler | Duration: 7ms | Success: true | Reason: N/A
[2026-08-13T10:50:22.917Z] User: 111 | Chat: 999001 | Callback: "rej_771e1e6422" | Handler: Job Approval Handler | Duration: 3ms | Success: true | Reason: N/A
[2026-08-13T10:50:22.951Z] User: 111 | Chat: 999001 | Callback: "app_0000000000" | Handler: Job Approval Handler | Duration: 2ms | Success: false | Reason: UNRESOLVED_APPLICATION
[2026-08-13T10:50:22.980Z] User: 111 | Chat: 999001 | Callback: "rej_0000000000" | Handler: Job Approval Handler | Duration: 1ms | Success: false | Reason: UNRESOLVED_APPLICATION
[2026-08-13T10:50:23.010Z] User: 111 | Chat: 999001 | Callback: "app_nonexistent999" | Handler: Job Approval Handler | Duration: 1ms | Success: false | Reason: UNRESOLVED_APPLICATION
[2026-08-13T10:50:23.033Z] User: 111 | Chat: 999001 | Callback: "app_761bdff240" | Handler: Job Approval Handler | Duration: 1ms | Success: true | Reason: N/A
[2026-08-13T10:50:23.067Z] User: 111 | Chat: 999001 | Callback: "app_771e1e6422" | Handler: Job Approval Handler | Duration: 5ms | Success: true | Reason: N/A
[2026-08-13T10:50:23.105Z] User: 111 | Chat: 999001 | Callback: "rej_771e1e6422" | Handler: Job Approval Handler | Duration: 3ms | Success: true | Reason: N/A
[2026-08-13T10:50:23.499Z] User: 111 | Chat: 999001 | Callback: "follow_wait_771e1e6422" | Handler: Follow-up Scheduler | Duration: 363ms | Success: true | Reason: N/A
[2026-08-13T10:50:23.525Z] User: 111 | Chat: 999001 | Callback: "app_771e1e6422" | Handler: Job Approval Handler | Duration: 3ms | Success: true | Reason: N/A
[2026-08-13T10:50:23.539Z] User: 111 | Chat: 999001 | Callback: "rej_771e1e6422" | Handler: Job Approval Handler | Duration: 12ms | Success: true | Reason: N/A
[2026-08-13T10:50:23.541Z] User: 111 | Chat: 999001 | Callback: "app_761bdff240" | Handler: Job Approval Handler | Duration: 1ms | Success: true | Reason: N/A
[2026-08-13T10:50:23.552Z] User: 111 | Chat: 999001 | Callback: "rej_761bdff240" | Handler: Job Approval Handler | Duration: 11ms | Success: true | Reason: N/A
[2026-08-13T10:50:23.554Z] User: 111 | Chat: 999001 | Callback: "app_0000000000" | Handler: Job Approval Handler | Duration: 2ms | Success: false | Reason: UNRESOLVED_APPLICATION
[2026-08-13T10:50:23.555Z] User: 111 | Chat: 999001 | Callback: "rej_0000000000" | Handler: Job Approval Handler | Duration: 1ms | Success: false | Reason: UNRESOLVED_APPLICATION
[2026-08-13T10:50:23.590Z] User: 111 | Chat: 999001 | Callback: "app_771e1e6422" | Handler: Job Approval Handler | Duration: 4ms | Success: true | Reason: N/A
[2026-08-13T10:50:23.632Z] User: 111 | Chat: 999001 | Callback: "app_771e1e6422" | Handler: Job Approval Handler | Duration: 3ms | Success: true | Reason: N/A
[2026-08-13T10:50:23.642Z] User: 111 | Chat: 999001 | Callback: "app_761bdff240" | Handler: Job Approval Handler | Duration: 10ms | Success: true | Reason: N/A
[2026-08-13T10:50:23.645Z] User: 111 | Chat: 999001 | Callback: "rej_761bdff240" | Handler: Job Approval Handler | Duration: 2ms | Success: true | Reason: N/A
[2026-08-13T10:50:23.715Z] User: 111 | Chat: 999001 | Callback: "app_771e1e6422" | Handler: Job Approval Handler | Duration: 3ms | Success: true | Reason: N/A
[2026-08-13T10:50:23.729Z] User: 111 | Chat: 999001 | Callback: "rej_771e1e6422" | Handler: Job Approval Handler | Duration: 3ms | Success: true | Reason: N/A
[2026-08-13T10:50:23.761Z] User: 111 | Chat: 999001 | Callback: "apply_all" | Handler: Bulk Approval Handler | Duration: 2ms | Success: true | Reason: N/A
[2026-08-13T10:50:23.792Z] User: 111 | Chat: 999001 | Callback: "reject_all" | Handler: Bulk Approval Handler | Duration: 15ms | Success: true | Reason: N/A
[2026-08-13T10:55:33.105Z] User: 111 | Chat: 999001 | Callback: "app_771e1e6422" | Handler: Job Approval Handler | Duration: 9ms | Success: true | Reason: N/A
[2026-08-13T10:55:33.138Z] User: 111 | Chat: 999001 | Callback: "rej_771e1e6422" | Handler: Job Approval Handler | Duration: 4ms | Success: true | Reason: N/A
[2026-08-13T10:55:33.169Z] User: 111 | Chat: 999001 | Callback: "app_0000000000" | Handler: Job Approval Handler | Duration: 2ms | Success: false | Reason: UNRESOLVED_APPLICATION
[2026-08-13T10:55:33.189Z] User: 111 | Chat: 999001 | Callback: "rej_0000000000" | Handler: Job Approval Handler | Duration: 1ms | Success: false | Reason: UNRESOLVED_APPLICATION
[2026-08-13T10:55:33.207Z] User: 111 | Chat: 999001 | Callback: "app_nonexistent999" | Handler: Job Approval Handler | Duration: 2ms | Success: false | Reason: UNRESOLVED_APPLICATION
[2026-08-13T10:55:33.227Z] User: 111 | Chat: 999001 | Callback: "app_761bdff240" | Handler: Job Approval Handler | Duration: 2ms | Success: true | Reason: N/A
[2026-08-13T10:55:33.251Z] User: 111 | Chat: 999001 | Callback: "app_771e1e6422" | Handler: Job Approval Handler | Duration: 4ms | Success: true | Reason: N/A
[2026-08-13T10:55:33.289Z] User: 111 | Chat: 999001 | Callback: "rej_771e1e6422" | Handler: Job Approval Handler | Duration: 3ms | Success: true | Reason: N/A
[2026-08-13T10:55:33.763Z] User: 111 | Chat: 999001 | Callback: "follow_wait_771e1e6422" | Handler: Follow-up Scheduler | Duration: 443ms | Success: true | Reason: N/A
[2026-08-13T10:55:33.789Z] User: 111 | Chat: 999001 | Callback: "app_771e1e6422" | Handler: Job Approval Handler | Duration: 5ms | Success: true | Reason: N/A
[2026-08-13T10:55:33.806Z] User: 111 | Chat: 999001 | Callback: "rej_771e1e6422" | Handler: Job Approval Handler | Duration: 16ms | Success: true | Reason: N/A
[2026-08-13T10:55:33.809Z] User: 111 | Chat: 999001 | Callback: "app_761bdff240" | Handler: Job Approval Handler | Duration: 3ms | Success: true | Reason: N/A
[2026-08-13T10:55:33.819Z] User: 111 | Chat: 999001 | Callback: "rej_761bdff240" | Handler: Job Approval Handler | Duration: 10ms | Success: true | Reason: N/A
[2026-08-13T10:55:33.822Z] User: 111 | Chat: 999001 | Callback: "app_0000000000" | Handler: Job Approval Handler | Duration: 2ms | Success: false | Reason: UNRESOLVED_APPLICATION
[2026-08-13T10:55:33.825Z] User: 111 | Chat: 999001 | Callback: "rej_0000000000" | Handler: Job Approval Handler | Duration: 2ms | Success: false | Reason: UNRESOLVED_APPLICATION
[2026-08-13T10:55:33.862Z] User: 111 | Chat: 999001 | Callback: "app_771e1e6422" | Handler: Job Approval Handler | Duration: 5ms | Success: true | Reason: N/A
[2026-08-13T10:55:33.898Z] User: 111 | Chat: 999001 | Callback: "app_771e1e6422" | Handler: Job Approval Handler | Duration: 4ms | Success: true | Reason: N/A
[2026-08-13T10:55:33.910Z] User: 111 | Chat: 999001 | Callback: "app_761bdff240" | Handler: Job Approval Handler | Duration: 12ms | Success: true | Reason: N/A
[2026-08-13T10:55:33.913Z] User: 111 | Chat: 999001 | Callback: "rej_761bdff240" | Handler: Job Approval Handler | Duration: 3ms | Success: true | Reason: N/A
[2026-08-13T10:55:34.000Z] User: 111 | Chat: 999001 | Callback: "app_771e1e6422" | Handler: Job Approval Handler | Duration: 4ms | Success: true | Reason: N/A
[2026-08-13T10:55:34.012Z] User: 111 | Chat: 999001 | Callback: "rej_771e1e6422" | Handler: Job Approval Handler | Duration: 3ms | Success: true | Reason: N/A
[2026-08-13T10:55:34.042Z] User: 111 | Chat: 999001 | Callback: "apply_all" | Handler: Bulk Approval Handler | Duration: 2ms | Success: true | Reason: N/A
[2026-08-13T10:55:34.069Z] User: 111 | Chat: 999001 | Callback: "reject_all" | Handler: Bulk Approval Handler | Duration: 16ms | Success: true | Reason: N/A
[2026-08-13T10:59:26.225Z] User: 642578356 | Chat: 642578356 | Callback: "prof_appr_approve:prof_appr_49682a964b90" | Handler: Unknown Callback Router | Duration: 1062ms | Success: false | Reason: UNKNOWN_CALLBACK_PREFIX
[2026-08-13T10:59:37.080Z] User: 642578356 | Chat: 642578356 | Callback: "prof_appr_approve:prof_appr_49682a964b90" | Handler: Unknown Callback Router | Duration: 764ms | Success: false | Reason: UNKNOWN_CALLBACK_PREFIX
[2026-08-13T10:59:52.195Z] User: 642578356 | Chat: 642578356 | Callback: "prof_appr_approve:prof_appr_594abbf93de4" | Handler: Unknown Callback Router | Duration: 851ms | Success: false | Reason: UNKNOWN_CALLBACK_PREFIX
[2026-08-13T11:01:14.517Z] User: 111 | Chat: 999001 | Callback: "app_771e1e6422" | Handler: Job Approval Handler | Duration: 8ms | Success: true | Reason: N/A
[2026-08-13T11:01:14.546Z] User: 111 | Chat: 999001 | Callback: "rej_771e1e6422" | Handler: Job Approval Handler | Duration: 2ms | Success: true | Reason: N/A
[2026-08-13T11:01:14.573Z] User: 111 | Chat: 999001 | Callback: "app_0000000000" | Handler: Job Approval Handler | Duration: 1ms | Success: false | Reason: UNRESOLVED_APPLICATION
[2026-08-13T11:01:14.592Z] User: 111 | Chat: 999001 | Callback: "rej_0000000000" | Handler: Job Approval Handler | Duration: 1ms | Success: false | Reason: UNRESOLVED_APPLICATION
[2026-08-13T11:01:14.611Z] User: 111 | Chat: 999001 | Callback: "app_nonexistent999" | Handler: Job Approval Handler | Duration: 2ms | Success: false | Reason: UNRESOLVED_APPLICATION
[2026-08-13T11:01:14.629Z] User: 111 | Chat: 999001 | Callback: "app_761bdff240" | Handler: Job Approval Handler | Duration: 2ms | Success: true | Reason: N/A
[2026-08-13T11:01:14.649Z] User: 111 | Chat: 999001 | Callback: "app_771e1e6422" | Handler: Job Approval Handler | Duration: 3ms | Success: true | Reason: N/A
[2026-08-13T11:01:14.681Z] User: 111 | Chat: 999001 | Callback: "rej_771e1e6422" | Handler: Job Approval Handler | Duration: 3ms | Success: true | Reason: N/A
[2026-08-13T11:01:15.064Z] User: 111 | Chat: 999001 | Callback: "follow_wait_771e1e6422" | Handler: Follow-up Scheduler | Duration: 354ms | Success: true | Reason: N/A
[2026-08-13T11:01:15.082Z] User: 111 | Chat: 999001 | Callback: "app_771e1e6422" | Handler: Job Approval Handler | Duration: 4ms | Success: true | Reason: N/A
[2026-08-13T11:01:15.103Z] User: 111 | Chat: 999001 | Callback: "rej_771e1e6422" | Handler: Job Approval Handler | Duration: 21ms | Success: true | Reason: N/A
[2026-08-13T11:01:15.105Z] User: 111 | Chat: 999001 | Callback: "app_761bdff240" | Handler: Job Approval Handler | Duration: 1ms | Success: true | Reason: N/A
[2026-08-13T11:01:15.114Z] User: 111 | Chat: 999001 | Callback: "rej_761bdff240" | Handler: Job Approval Handler | Duration: 8ms | Success: true | Reason: N/A
[2026-08-13T11:01:15.116Z] User: 111 | Chat: 999001 | Callback: "app_0000000000" | Handler: Job Approval Handler | Duration: 2ms | Success: false | Reason: UNRESOLVED_APPLICATION
[2026-08-13T11:01:15.119Z] User: 111 | Chat: 999001 | Callback: "rej_0000000000" | Handler: Job Approval Handler | Duration: 1ms | Success: false | Reason: UNRESOLVED_APPLICATION
[2026-08-13T11:01:15.142Z] User: 111 | Chat: 999001 | Callback: "app_771e1e6422" | Handler: Job Approval Handler | Duration: 3ms | Success: true | Reason: N/A
[2026-08-13T11:01:15.177Z] User: 111 | Chat: 999001 | Callback: "app_771e1e6422" | Handler: Job Approval Handler | Duration: 4ms | Success: true | Reason: N/A
[2026-08-13T11:01:15.194Z] User: 111 | Chat: 999001 | Callback: "app_761bdff240" | Handler: Job Approval Handler | Duration: 17ms | Success: true | Reason: N/A
[2026-08-13T11:01:15.197Z] User: 111 | Chat: 999001 | Callback: "rej_761bdff240" | Handler: Job Approval Handler | Duration: 3ms | Success: true | Reason: N/A
[2026-08-13T11:01:15.265Z] User: 111 | Chat: 999001 | Callback: "app_771e1e6422" | Handler: Job Approval Handler | Duration: 4ms | Success: true | Reason: N/A
[2026-08-13T11:01:15.294Z] User: 111 | Chat: 999001 | Callback: "rej_771e1e6422" | Handler: Job Approval Handler | Duration: 3ms | Success: true | Reason: N/A
[2026-08-13T11:01:15.321Z] User: 111 | Chat: 999001 | Callback: "apply_all" | Handler: Bulk Approval Handler | Duration: 2ms | Success: true | Reason: N/A
[2026-08-13T11:01:15.344Z] User: 111 | Chat: 999001 | Callback: "reject_all" | Handler: Bulk Approval Handler | Duration: 10ms | Success: true | Reason: N/A
[2026-08-13T11:03:15.225Z] User: 642578356 | Chat: 642578356 | Callback: "prof_appr_approve:prof_appr_594abbf93de4" | Handler: Unknown Callback Router | Duration: 818ms | Success: false | Reason: UNKNOWN_CALLBACK_PREFIX
[2026-08-13T11:03:20.184Z] User: 642578356 | Chat: 642578356 | Callback: "prof_appr_approve:prof_appr_594abbf93de4" | Handler: Unknown Callback Router | Duration: 801ms | Success: false | Reason: UNKNOWN_CALLBACK_PREFIX
[2026-08-13T11:10:17.462Z] User: 111 | Chat: 999001 | Callback: "profile_approval:APPROVE:prof_appr_a378ef545681" | Handler: Profile Approval Handler | Duration: 2ms | Success: true | Reason: N/A
[2026-08-13T11:10:17.488Z] User: 111 | Chat: 999001 | Callback: "profile_approval:REJECT:prof_appr_90c62c3aea16" | Handler: Profile Approval Handler | Duration: 0ms | Success: true | Reason: N/A
[2026-08-13T11:10:17.525Z] User: 111 | Chat: 999001 | Callback: "profile_approval:REJECT:prof_appr_1d26ac13c400" | Handler: Profile Approval Handler | Duration: 0ms | Success: true | Reason: N/A
[2026-08-13T11:10:17.850Z] User: 111 | Chat: 999001 | Callback: "completely_invalid_prefix_xyz123" | Handler: Unknown Callback Router | Duration: 0ms | Success: false | Reason: UNKNOWN_CALLBACK_PREFIX
[2026-08-13T11:10:36.404Z] User: 111 | Chat: 999001 | Callback: "profile_approval:APPROVE:prof_appr_474936e67e8f" | Handler: Profile Approval Handler | Duration: 1ms | Success: true | Reason: N/A
[2026-08-13T11:10:36.435Z] User: 111 | Chat: 999001 | Callback: "profile_approval:REJECT:prof_appr_9296b4e666a3" | Handler: Profile Approval Handler | Duration: 0ms | Success: true | Reason: N/A
[2026-08-13T11:10:36.463Z] User: 111 | Chat: 999001 | Callback: "profile_approval:REJECT:prof_appr_75992a2ae58c" | Handler: Profile Approval Handler | Duration: 0ms | Success: true | Reason: N/A
[2026-08-13T11:10:36.751Z] User: 111 | Chat: 999001 | Callback: "completely_invalid_prefix_xyz123" | Handler: Unknown Callback Router | Duration: 0ms | Success: false | Reason: UNKNOWN_CALLBACK_PREFIX
[2026-08-13T11:10:37.165Z] User: 111 | Chat: 999001 | Callback: "app_771e1e6422" | Handler: Job Approval Handler | Duration: 18ms | Success: true | Reason: N/A
[2026-08-13T11:10:37.231Z] User: 111 | Chat: 999001 | Callback: "rej_771e1e6422" | Handler: Job Approval Handler | Duration: 6ms | Success: true | Reason: N/A
[2026-08-13T11:10:37.294Z] User: 111 | Chat: 999001 | Callback: "app_0000000000" | Handler: Job Approval Handler | Duration: 3ms | Success: false | Reason: UNRESOLVED_APPLICATION
[2026-08-13T11:10:37.378Z] User: 111 | Chat: 999001 | Callback: "rej_0000000000" | Handler: Job Approval Handler | Duration: 3ms | Success: false | Reason: UNRESOLVED_APPLICATION
[2026-08-13T11:10:37.417Z] User: 111 | Chat: 999001 | Callback: "app_nonexistent999" | Handler: Job Approval Handler | Duration: 3ms | Success: false | Reason: UNRESOLVED_APPLICATION
[2026-08-13T11:10:37.455Z] User: 111 | Chat: 999001 | Callback: "app_761bdff240" | Handler: Job Approval Handler | Duration: 3ms | Success: true | Reason: N/A
[2026-08-13T11:10:37.505Z] User: 111 | Chat: 999001 | Callback: "app_771e1e6422" | Handler: Job Approval Handler | Duration: 7ms | Success: true | Reason: N/A
[2026-08-13T11:10:37.569Z] User: 111 | Chat: 999001 | Callback: "rej_771e1e6422" | Handler: Job Approval Handler | Duration: 5ms | Success: true | Reason: N/A
[2026-08-13T11:10:38.474Z] User: 111 | Chat: 999001 | Callback: "follow_wait_771e1e6422" | Handler: Follow-up Scheduler | Duration: 812ms | Success: true | Reason: N/A
[2026-08-13T11:10:38.547Z] User: 111 | Chat: 999001 | Callback: "app_771e1e6422" | Handler: Job Approval Handler | Duration: 8ms | Success: true | Reason: N/A
[2026-08-13T11:10:38.572Z] User: 111 | Chat: 999001 | Callback: "rej_771e1e6422" | Handler: Job Approval Handler | Duration: 23ms | Success: true | Reason: N/A
[2026-08-13T11:10:38.577Z] User: 111 | Chat: 999001 | Callback: "app_761bdff240" | Handler: Job Approval Handler | Duration: 4ms | Success: true | Reason: N/A
[2026-08-13T11:10:38.595Z] User: 111 | Chat: 999001 | Callback: "rej_761bdff240" | Handler: Job Approval Handler | Duration: 17ms | Success: true | Reason: N/A
[2026-08-13T11:10:38.599Z] User: 111 | Chat: 999001 | Callback: "app_0000000000" | Handler: Job Approval Handler | Duration: 3ms | Success: false | Reason: UNRESOLVED_APPLICATION
[2026-08-13T11:10:38.603Z] User: 111 | Chat: 999001 | Callback: "rej_0000000000" | Handler: Job Approval Handler | Duration: 3ms | Success: false | Reason: UNRESOLVED_APPLICATION
[2026-08-13T11:10:38.662Z] User: 111 | Chat: 999001 | Callback: "app_771e1e6422" | Handler: Job Approval Handler | Duration: 8ms | Success: true | Reason: N/A
[2026-08-13T11:10:38.777Z] User: 111 | Chat: 999001 | Callback: "app_771e1e6422" | Handler: Job Approval Handler | Duration: 7ms | Success: true | Reason: N/A
[2026-08-13T11:10:38.799Z] User: 111 | Chat: 999001 | Callback: "app_761bdff240" | Handler: Job Approval Handler | Duration: 22ms | Success: true | Reason: N/A
[2026-08-13T11:10:38.804Z] User: 111 | Chat: 999001 | Callback: "rej_761bdff240" | Handler: Job Approval Handler | Duration: 5ms | Success: true | Reason: N/A
[2026-08-13T11:10:38.957Z] User: 111 | Chat: 999001 | Callback: "app_771e1e6422" | Handler: Job Approval Handler | Duration: 6ms | Success: true | Reason: N/A
[2026-08-13T11:10:39.005Z] User: 111 | Chat: 999001 | Callback: "rej_771e1e6422" | Handler: Job Approval Handler | Duration: 21ms | Success: true | Reason: N/A
[2026-08-13T11:10:39.063Z] User: 111 | Chat: 999001 | Callback: "apply_all" | Handler: Bulk Approval Handler | Duration: 5ms | Success: true | Reason: N/A
[2026-08-13T11:10:39.118Z] User: 111 | Chat: 999001 | Callback: "reject_all" | Handler: Bulk Approval Handler | Duration: 27ms | Success: true | Reason: N/A
[2026-08-13T11:15:26.207Z] User: 111 | Chat: 999001 | Callback: "profile_approval:APPROVE:prof_appr_1352aa6e4c46" | Handler: Profile Approval Handler | Duration: 2ms | Success: true | Reason: N/A
[2026-08-13T11:15:26.234Z] User: 111 | Chat: 999001 | Callback: "profile_approval:REJECT:prof_appr_3c902c7a9c7f" | Handler: Profile Approval Handler | Duration: 0ms | Success: true | Reason: N/A
[2026-08-13T11:15:26.267Z] User: 111 | Chat: 999001 | Callback: "profile_approval:REJECT:prof_appr_2e820119b294" | Handler: Profile Approval Handler | Duration: 0ms | Success: true | Reason: N/A
[2026-08-13T11:15:26.636Z] User: 111 | Chat: 999001 | Callback: "completely_invalid_prefix_xyz123" | Handler: Unknown Callback Router | Duration: 1ms | Success: false | Reason: UNKNOWN_CALLBACK_PREFIX
[2026-08-13T11:20:19.580Z] User: 111 | Chat: 999001 | Callback: "profile_approval:APPROVE:prof_appr_9526bb2a7ab5" | Handler: Profile Approval Handler | Duration: 1ms | Success: true | Reason: N/A
[2026-08-13T11:20:19.610Z] User: 111 | Chat: 999001 | Callback: "profile_approval:REJECT:prof_appr_cb153286d7e7" | Handler: Profile Approval Handler | Duration: 0ms | Success: true | Reason: N/A
[2026-08-13T11:20:19.641Z] User: 111 | Chat: 999001 | Callback: "profile_approval:REJECT:prof_appr_e0395fef4b1f" | Handler: Profile Approval Handler | Duration: 0ms | Success: true | Reason: N/A
[2026-08-13T11:20:19.978Z] User: 111 | Chat: 999001 | Callback: "completely_invalid_prefix_xyz123" | Handler: Unknown Callback Router | Duration: 1ms | Success: false | Reason: UNKNOWN_CALLBACK_PREFIX
[2026-08-13T11:20:42.533Z] User: 642578356 | Chat: 642578356 | Callback: "profile_approval:APPROVE:prof_appr_37dbfe27c9da" | Handler: Unknown Callback Router | Duration: 804ms | Success: false | Reason: UNKNOWN_CALLBACK_PREFIX
[2026-08-13T11:20:52.494Z] User: 642578356 | Chat: 642578356 | Callback: "profile_approval:APPROVE:prof_appr_37dbfe27c9da" | Handler: Unknown Callback Router | Duration: 729ms | Success: false | Reason: UNKNOWN_CALLBACK_PREFIX
[2026-08-13T11:21:15.014Z] User: 642578356 | Chat: 642578356 | Callback: "profile_approval:APPROVE:prof_appr_37dbfe27c9da" | Handler: Unknown Callback Router | Duration: 898ms | Success: false | Reason: UNKNOWN_CALLBACK_PREFIX
[2026-08-13T11:21:26.454Z] User: 642578356 | Chat: 642578356 | Callback: "profile_approval:REJECT:prof_appr_37dbfe27c9da" | Handler: Unknown Callback Router | Duration: 985ms | Success: false | Reason: UNKNOWN_CALLBACK_PREFIX
[2026-08-13T11:25:55.895Z] User: 111 | Chat: 999001 | Callback: "profile_approval:APPROVE:prof_appr_223579aa8f1b" | Handler: Profile Approval Handler | Duration: 1ms | Success: true | Reason: N/A
[2026-08-13T11:25:55.925Z] User: 111 | Chat: 999001 | Callback: "profile_approval:REJECT:prof_appr_9b9782d28a1b" | Handler: Profile Approval Handler | Duration: 0ms | Success: true | Reason: N/A
[2026-08-13T11:25:55.961Z] User: 111 | Chat: 999001 | Callback: "profile_approval:REJECT:prof_appr_3fd228eed373" | Handler: Profile Approval Handler | Duration: 0ms | Success: true | Reason: N/A
[2026-08-13T11:25:56.328Z] User: 111 | Chat: 999001 | Callback: "completely_invalid_prefix_xyz123" | Handler: Unknown Callback Router | Duration: 1ms | Success: false | Reason: UNKNOWN_CALLBACK_PREFIX
[2026-08-13T12:04:58.343Z] User: 111 | Chat: 999001 | Callback: "profile_approval:APPROVE:prof_appr_40302b584bc4" | Handler: Profile Approval Handler | Duration: 1ms | Success: true | Reason: N/A
[2026-08-13T12:04:58.375Z] User: 111 | Chat: 999001 | Callback: "profile_approval:REJECT:prof_appr_ede9d8f92c00" | Handler: Profile Approval Handler | Duration: 1ms | Success: true | Reason: N/A
[2026-08-13T12:04:58.406Z] User: 111 | Chat: 999001 | Callback: "profile_approval:REJECT:prof_appr_3d99aecdce0a" | Handler: Profile Approval Handler | Duration: 1ms | Success: true | Reason: N/A
[2026-08-13T12:04:58.831Z] User: 111 | Chat: 999001 | Callback: "completely_invalid_prefix_xyz123" | Handler: Unknown Callback Router | Duration: 0ms | Success: false | Reason: UNKNOWN_CALLBACK_PREFIX
[2026-08-13T12:07:04.481Z] User: 642578356 | Chat: 642578356 | Callback: "profile_approval:APPROVE:prof_appr_37dbfe27c9da" | Handler: Profile Approval Handler | Duration: 1911ms | Success: false | Reason: PROPOSAL_EXPIRED
[2026-08-13T12:07:13.179Z] User: 642578356 | Chat: 642578356 | Callback: "profile_approval:REJECT:prof_appr_37dbfe27c9da" | Handler: Profile Approval Handler | Duration: 1980ms | Success: false | Reason: PROPOSAL_ALREADY_APPROVAL_EXPIRED
[2026-08-13T12:07:26.637Z] User: 642578356 | Chat: 642578356 | Callback: "profile_approval:REJECT:prof_appr_37dbfe27c9da" | Handler: Profile Approval Handler | Duration: 1669ms | Success: false | Reason: PROPOSAL_ALREADY_APPROVAL_EXPIRED
[2026-08-13T12:07:30.179Z] User: 642578356 | Chat: 642578356 | Callback: "profile_approval:APPROVE:prof_appr_37dbfe27c9da" | Handler: Profile Approval Handler | Duration: 780ms | Success: false | Reason: PROPOSAL_ALREADY_APPROVAL_EXPIRED
[2026-08-13T12:07:47.202Z] User: 642578356 | Chat: 642578356 | Callback: "profile_approval:REJECT:prof_appr_37dbfe27c9da" | Handler: Profile Approval Handler | Duration: 2080ms | Success: false | Reason: PROPOSAL_ALREADY_APPROVAL_EXPIRED
[2026-08-13T12:08:53.402Z] User: 111 | Chat: 999001 | Callback: "profile_approval:APPROVE:prof_appr_6d8d5123a60b" | Handler: Profile Approval Handler | Duration: 2ms | Success: true | Reason: N/A
[2026-08-13T12:08:53.425Z] User: 111 | Chat: 999001 | Callback: "profile_approval:REJECT:prof_appr_00d3a535c114" | Handler: Profile Approval Handler | Duration: 0ms | Success: true | Reason: N/A
[2026-08-13T12:08:53.461Z] User: 111 | Chat: 999001 | Callback: "profile_approval:REJECT:prof_appr_2530dc533a96" | Handler: Profile Approval Handler | Duration: 0ms | Success: true | Reason: N/A
[2026-08-13T12:08:53.813Z] User: 111 | Chat: 999001 | Callback: "completely_invalid_prefix_xyz123" | Handler: Unknown Callback Router | Duration: 0ms | Success: false | Reason: UNKNOWN_CALLBACK_PREFIX
[2026-08-13T12:10:56.492Z] User: 111 | Chat: 999001 | Callback: "profile_approval:APPROVE:prof_appr_711e2bdfa071" | Handler: Profile Approval Handler | Duration: 2ms | Success: true | Reason: N/A
[2026-08-13T12:10:56.525Z] User: 111 | Chat: 999001 | Callback: "profile_approval:REJECT:prof_appr_bb60059b9a40" | Handler: Profile Approval Handler | Duration: 0ms | Success: true | Reason: N/A
[2026-08-13T12:10:56.559Z] User: 111 | Chat: 999001 | Callback: "profile_approval:REJECT:prof_appr_74c8e2d1e8ac" | Handler: Profile Approval Handler | Duration: 0ms | Success: true | Reason: N/A
[2026-08-13T12:10:56.974Z] User: 111 | Chat: 999001 | Callback: "completely_invalid_prefix_xyz123" | Handler: Unknown Callback Router | Duration: 1ms | Success: false | Reason: UNKNOWN_CALLBACK_PREFIX
[2026-08-13T12:13:39.784Z] User: 642578356 | Chat: 642578356 | Callback: "profile_approval:APPROVE:prof_appr_70e18d9d08c7" | Handler: Profile Approval Handler | Duration: 1724ms | Success: false | Reason: PROPOSAL_ALREADY_APPROVED
[2026-08-13T12:14:28.003Z] User: 642578356 | Chat: 642578356 | Callback: "profile_approval:APPROVE:prof_appr_70e18d9d08c7" | Handler: Profile Approval Handler | Duration: 50013ms | Success: false | Reason: N/A
[2026-08-13T12:14:28.573Z] User: 111 | Chat: 999001 | Callback: "profile_approval:APPROVE:prof_appr_5498e03a3296" | Handler: Profile Approval Handler | Duration: 2ms | Success: true | Reason: N/A
[2026-08-13T12:14:28.601Z] User: 111 | Chat: 999001 | Callback: "profile_approval:REJECT:prof_appr_e203942b71c0" | Handler: Profile Approval Handler | Duration: 0ms | Success: true | Reason: N/A
[2026-08-13T12:14:28.639Z] User: 111 | Chat: 999001 | Callback: "profile_approval:REJECT:prof_appr_ddaa1d5e6a89" | Handler: Profile Approval Handler | Duration: 0ms | Success: true | Reason: N/A
[2026-08-13T12:14:29.050Z] User: 111 | Chat: 999001 | Callback: "completely_invalid_prefix_xyz123" | Handler: Unknown Callback Router | Duration: 0ms | Success: false | Reason: UNKNOWN_CALLBACK_PREFIX
[2026-08-13T12:20:49.709Z] User: 111 | Chat: 999001 | Callback: "profile_approval:APPROVE:prof_appr_cc8fbbf575a7" | Handler: Profile Approval Handler | Duration: 2ms | Success: true | Reason: N/A
[2026-08-13T12:20:49.742Z] User: 111 | Chat: 999001 | Callback: "profile_approval:REJECT:prof_appr_53aa7422319f" | Handler: Profile Approval Handler | Duration: 0ms | Success: true | Reason: N/A
[2026-08-13T12:20:49.771Z] User: 111 | Chat: 999001 | Callback: "profile_approval:REJECT:prof_appr_3926352853cb" | Handler: Profile Approval Handler | Duration: 0ms | Success: true | Reason: N/A
[2026-08-13T12:20:50.184Z] User: 111 | Chat: 999001 | Callback: "completely_invalid_prefix_xyz123" | Handler: Unknown Callback Router | Duration: 1ms | Success: false | Reason: UNKNOWN_CALLBACK_PREFIX
[2026-08-13T12:22:32.259Z] User: 642578356 | Chat: 642578356 | Callback: "profile_approval:APPROVE:prof_appr_b24acad2b449" | Handler: Profile Approval Handler | Duration: 47319ms | Success: false | Reason: N/A
[2026-08-13T12:22:55.047Z] User: 111 | Chat: 999001 | Callback: "profile_approval:APPROVE:prof_appr_c86b75e99f53" | Handler: Profile Approval Handler | Duration: 52ms | Success: true | Reason: N/A
[2026-08-13T12:22:55.097Z] User: 111 | Chat: 999001 | Callback: "profile_approval:REJECT:prof_appr_a34ac8865e93" | Handler: Profile Approval Handler | Duration: 36ms | Success: true | Reason: N/A
[2026-08-13T12:22:55.144Z] User: 111 | Chat: 999001 | Callback: "profile_approval:REJECT:prof_appr_1b20f1407fc7" | Handler: Profile Approval Handler | Duration: 37ms | Success: true | Reason: N/A
[2026-08-13T12:22:55.532Z] User: 111 | Chat: 999001 | Callback: "completely_invalid_prefix_xyz123" | Handler: Unknown Callback Router | Duration: 1ms | Success: false | Reason: UNKNOWN_CALLBACK_PREFIX
[2026-08-13T12:26:03.044Z] User: 111 | Chat: 999001 | Callback: "profile_approval:APPROVE:prof_appr_8d9007c7f838" | Handler: Profile Approval Handler | Duration: 51ms | Success: true | Reason: N/A
[2026-08-13T12:26:03.099Z] User: 111 | Chat: 999001 | Callback: "profile_approval:REJECT:prof_appr_e59406df0418" | Handler: Profile Approval Handler | Duration: 45ms | Success: true | Reason: N/A
[2026-08-13T12:26:03.148Z] User: 111 | Chat: 999001 | Callback: "profile_approval:REJECT:prof_appr_623c4bd74fd8" | Handler: Profile Approval Handler | Duration: 37ms | Success: true | Reason: N/A
[2026-08-13T12:26:03.599Z] User: 111 | Chat: 999001 | Callback: "completely_invalid_prefix_xyz123" | Handler: Unknown Callback Router | Duration: 0ms | Success: false | Reason: UNKNOWN_CALLBACK_PREFIX
[2026-08-13T12:29:10.697Z] User: 111 | Chat: 999001 | Callback: "profile_approval:APPROVE:prof_appr_380d16f76691" | Handler: Profile Approval Handler | Duration: 46ms | Success: true | Reason: N/A
[2026-08-13T12:29:10.765Z] User: 111 | Chat: 999001 | Callback: "profile_approval:REJECT:prof_appr_4416cb87951b" | Handler: Profile Approval Handler | Duration: 41ms | Success: true | Reason: N/A
[2026-08-13T12:29:10.817Z] User: 111 | Chat: 999001 | Callback: "profile_approval:REJECT:prof_appr_2620c4996af8" | Handler: Profile Approval Handler | Duration: 38ms | Success: true | Reason: N/A
[2026-08-13T12:29:11.177Z] User: 111 | Chat: 999001 | Callback: "completely_invalid_prefix_xyz123" | Handler: Unknown Callback Router | Duration: 0ms | Success: false | Reason: UNKNOWN_CALLBACK_PREFIX
[2026-08-13T12:34:11.505Z] User: 111 | Chat: 999001 | Callback: "profile_approval:APPROVE:prof_appr_b5c7ac5c1275" | Handler: Profile Approval Handler | Duration: 67ms | Success: true | Reason: N/A
[2026-08-13T12:34:11.556Z] User: 111 | Chat: 999001 | Callback: "profile_approval:REJECT:prof_appr_7973a23f01b0" | Handler: Profile Approval Handler | Duration: 37ms | Success: true | Reason: N/A
[2026-08-13T12:34:11.605Z] User: 111 | Chat: 999001 | Callback: "profile_approval:REJECT:prof_appr_45c3cb25d5f0" | Handler: Profile Approval Handler | Duration: 36ms | Success: true | Reason: N/A
[2026-08-13T12:34:11.966Z] User: 111 | Chat: 999001 | Callback: "completely_invalid_prefix_xyz123" | Handler: Unknown Callback Router | Duration: 0ms | Success: false | Reason: UNKNOWN_CALLBACK_PREFIX
[2026-08-13T12:45:58.684Z] User: 111 | Chat: 999001 | Callback: "profile_approval:APPROVE:prof_appr_23cd5cbca8f2" | Handler: Profile Approval Handler | Duration: 39ms | Success: true | Reason: N/A
[2026-08-13T12:45:58.725Z] User: 111 | Chat: 999001 | Callback: "profile_approval:REJECT:prof_appr_5b390752c961" | Handler: Profile Approval Handler | Duration: 32ms | Success: true | Reason: N/A
[2026-08-13T12:45:58.773Z] User: 111 | Chat: 999001 | Callback: "profile_approval:REJECT:prof_appr_72df37d37de6" | Handler: Profile Approval Handler | Duration: 38ms | Success: true | Reason: N/A
[2026-08-13T12:45:59.084Z] User: 111 | Chat: 999001 | Callback: "completely_invalid_prefix_xyz123" | Handler: Unknown Callback Router | Duration: 0ms | Success: false | Reason: UNKNOWN_CALLBACK_PREFIX
[2026-08-13T12:57:29.822Z] User: 642578356 | Chat: 642578356 | Callback: "profile_approval:APPROVE:prof_appr_3b415430b40f" | Handler: Profile Approval Handler | Duration: 1588ms | Success: false | Reason: PROPOSAL_ALREADY_APPROVED
[2026-08-13T12:58:09.195Z] User: 642578356 | Chat: 642578356 | Callback: "profile_approval:APPROVE:prof_appr_3b415430b40f" | Handler: Profile Approval Handler | Duration: 105840ms | Success: false | Reason: PRE_SAVE_CHIP_ORDER_MISMATCH
[2026-08-13T13:12:41.524Z] User: 111 | Chat: 999001 | Callback: "profile_approval:APPROVE:prof_appr_e67649971768" | Handler: Profile Approval Handler | Duration: 36ms | Success: true | Reason: N/A
[2026-08-13T13:12:41.569Z] User: 111 | Chat: 999001 | Callback: "profile_approval:REJECT:prof_appr_e4c78a33d161" | Handler: Profile Approval Handler | Duration: 36ms | Success: true | Reason: N/A
[2026-08-13T13:12:41.611Z] User: 111 | Chat: 999001 | Callback: "profile_approval:REJECT:prof_appr_3e2c151ebf27" | Handler: Profile Approval Handler | Duration: 31ms | Success: true | Reason: N/A
[2026-08-13T13:12:41.965Z] User: 111 | Chat: 999001 | Callback: "completely_invalid_prefix_xyz123" | Handler: Unknown Callback Router | Duration: 0ms | Success: false | Reason: UNKNOWN_CALLBACK_PREFIX
[2026-08-13T13:13:11.998Z] User: 111 | Chat: 999001 | Callback: "profile_approval:APPROVE:prof_appr_49f23ae1db4b" | Handler: Profile Approval Handler | Duration: 35ms | Success: true | Reason: N/A
[2026-08-13T13:13:12.049Z] User: 111 | Chat: 999001 | Callback: "profile_approval:REJECT:prof_appr_c949f4374b7c" | Handler: Profile Approval Handler | Duration: 39ms | Success: true | Reason: N/A
[2026-08-13T13:13:12.091Z] User: 111 | Chat: 999001 | Callback: "profile_approval:REJECT:prof_appr_1587b3e1e79e" | Handler: Profile Approval Handler | Duration: 31ms | Success: true | Reason: N/A
[2026-08-13T13:13:12.413Z] User: 111 | Chat: 999001 | Callback: "completely_invalid_prefix_xyz123" | Handler: Unknown Callback Router | Duration: 0ms | Success: false | Reason: UNKNOWN_CALLBACK_PREFIX
[2026-08-13T13:13:36.355Z] User: 111 | Chat: 999001 | Callback: "profile_approval:APPROVE:prof_appr_ad428ccaacbb" | Handler: Profile Approval Handler | Duration: 36ms | Success: true | Reason: N/A
[2026-08-13T13:13:36.397Z] User: 111 | Chat: 999001 | Callback: "profile_approval:REJECT:prof_appr_12bb67a64ff3" | Handler: Profile Approval Handler | Duration: 32ms | Success: true | Reason: N/A
[2026-08-13T13:13:36.443Z] User: 111 | Chat: 999001 | Callback: "profile_approval:REJECT:prof_appr_6111f14b7fe7" | Handler: Profile Approval Handler | Duration: 36ms | Success: true | Reason: N/A
[2026-08-13T13:13:36.812Z] User: 111 | Chat: 999001 | Callback: "completely_invalid_prefix_xyz123" | Handler: Unknown Callback Router | Duration: 0ms | Success: false | Reason: UNKNOWN_CALLBACK_PREFIX
[2026-08-13T13:14:32.899Z] User: 111 | Chat: 999001 | Callback: "profile_approval:APPROVE:prof_appr_7fae2b4907bb" | Handler: Profile Approval Handler | Duration: 43ms | Success: true | Reason: N/A
[2026-08-13T13:14:32.985Z] User: 111 | Chat: 999001 | Callback: "profile_approval:REJECT:prof_appr_78ad640ec204" | Handler: Profile Approval Handler | Duration: 37ms | Success: true | Reason: N/A
[2026-08-13T13:14:33.034Z] User: 111 | Chat: 999001 | Callback: "profile_approval:REJECT:prof_appr_5013d4ca92d4" | Handler: Profile Approval Handler | Duration: 37ms | Success: true | Reason: N/A
[2026-08-13T13:14:33.373Z] User: 111 | Chat: 999001 | Callback: "completely_invalid_prefix_xyz123" | Handler: Unknown Callback Router | Duration: 0ms | Success: false | Reason: UNKNOWN_CALLBACK_PREFIX
[2026-08-13T13:20:11.844Z] User: 642578356 | Chat: 642578356 | Callback: "profile_approval:APPROVE:prof_appr_1279b916c3aa" | Handler: Profile Approval Handler | Duration: 103576ms | Success: false | Reason: PRE_SAVE_CHIP_ORDER_MISMATCH
[2026-08-13T13:31:25.331Z] User: 111 | Chat: 999001 | Callback: "profile_approval:APPROVE:prof_appr_363664de243b" | Handler: Profile Approval Handler | Duration: 34ms | Success: true | Reason: N/A
[2026-08-13T13:31:25.384Z] User: 111 | Chat: 999001 | Callback: "profile_approval:REJECT:prof_appr_23fe77314354" | Handler: Profile Approval Handler | Duration: 37ms | Success: true | Reason: N/A
[2026-08-13T13:31:25.431Z] User: 111 | Chat: 999001 | Callback: "profile_approval:REJECT:prof_appr_8995d2e11fa6" | Handler: Profile Approval Handler | Duration: 32ms | Success: true | Reason: N/A
[2026-08-13T13:31:25.778Z] User: 111 | Chat: 999001 | Callback: "completely_invalid_prefix_xyz123" | Handler: Unknown Callback Router | Duration: 0ms | Success: false | Reason: UNKNOWN_CALLBACK_PREFIX
[2026-08-13T13:36:04.441Z] User: 111 | Chat: 999001 | Callback: "profile_approval:APPROVE:prof_appr_fcc54744aa83" | Handler: Profile Approval Handler | Duration: 36ms | Success: true | Reason: N/A
[2026-08-13T13:36:04.489Z] User: 111 | Chat: 999001 | Callback: "profile_approval:REJECT:prof_appr_d76228ab2b0d" | Handler: Profile Approval Handler | Duration: 35ms | Success: true | Reason: N/A
[2026-08-13T13:36:04.538Z] User: 111 | Chat: 999001 | Callback: "profile_approval:REJECT:prof_appr_729b9955e794" | Handler: Profile Approval Handler | Duration: 35ms | Success: true | Reason: N/A
[2026-08-13T13:36:04.886Z] User: 111 | Chat: 999001 | Callback: "completely_invalid_prefix_xyz123" | Handler: Unknown Callback Router | Duration: 0ms | Success: false | Reason: UNKNOWN_CALLBACK_PREFIX
[2026-08-13T13:43:27.060Z] User: 642578356 | Chat: 642578356 | Callback: "profile_approval:APPROVE:prof_appr_20f8539e7254" | Handler: Profile Approval Handler | Duration: 107443ms | Success: false | Reason: PRE_SAVE_CHIP_ORDER_MISMATCH
[2026-08-13T14:55:37.989Z] User: 111 | Chat: 999001 | Callback: "profile_approval:APPROVE:prof_appr_5588350fdf9f" | Handler: Profile Approval Handler | Duration: 35ms | Success: true | Reason: N/A
[2026-08-13T14:55:38.015Z] User: 111 | Chat: 999001 | Callback: "profile_approval:REJECT:prof_appr_c459a4662bf3" | Handler: Profile Approval Handler | Duration: 19ms | Success: true | Reason: N/A
[2026-08-13T14:55:38.039Z] User: 111 | Chat: 999001 | Callback: "profile_approval:REJECT:prof_appr_fb4c15e4e040" | Handler: Profile Approval Handler | Duration: 16ms | Success: true | Reason: N/A
[2026-08-13T14:55:38.227Z] User: 111 | Chat: 999001 | Callback: "completely_invalid_prefix_xyz123" | Handler: Unknown Callback Router | Duration: 0ms | Success: false | Reason: UNKNOWN_CALLBACK_PREFIX
[2026-08-13T14:57:13.175Z] User: 111 | Chat: 999001 | Callback: "profile_approval:APPROVE:prof_appr_573eb8234cec" | Handler: Profile Approval Handler | Duration: 24ms | Success: true | Reason: N/A
[2026-08-13T14:57:13.204Z] User: 111 | Chat: 999001 | Callback: "profile_approval:REJECT:prof_appr_8d695676c5b5" | Handler: Profile Approval Handler | Duration: 22ms | Success: true | Reason: N/A
[2026-08-13T14:57:13.227Z] User: 111 | Chat: 999001 | Callback: "profile_approval:REJECT:prof_appr_b8f6dcfe0c70" | Handler: Profile Approval Handler | Duration: 16ms | Success: true | Reason: N/A
[2026-08-13T14:57:13.464Z] User: 111 | Chat: 999001 | Callback: "completely_invalid_prefix_xyz123" | Handler: Unknown Callback Router | Duration: 0ms | Success: false | Reason: UNKNOWN_CALLBACK_PREFIX
[2026-08-13T14:58:45.605Z] User: 642578356 | Chat: 642578356 | Callback: "profile_approval:APPROVE:prof_appr_a702a5f9b4db" | Handler: Profile Approval Handler | Duration: 20753ms | Success: false | Reason: AUTOCOMPLETE_EXACT_MATCH_NOT_FOUND
[2026-08-13T15:04:12.265Z] User: 111 | Chat: 999001 | Callback: "profile_approval:APPROVE:prof_appr_807901034ce0" | Handler: Profile Approval Handler | Duration: 19ms | Success: true | Reason: N/A
[2026-08-13T15:04:12.289Z] User: 111 | Chat: 999001 | Callback: "profile_approval:REJECT:prof_appr_4b581ae2a0e9" | Handler: Profile Approval Handler | Duration: 18ms | Success: true | Reason: N/A
[2026-08-13T15:04:12.314Z] User: 111 | Chat: 999001 | Callback: "profile_approval:REJECT:prof_appr_c6eb488d72ca" | Handler: Profile Approval Handler | Duration: 20ms | Success: true | Reason: N/A
[2026-08-13T15:04:12.491Z] User: 111 | Chat: 999001 | Callback: "completely_invalid_prefix_xyz123" | Handler: Unknown Callback Router | Duration: 0ms | Success: false | Reason: UNKNOWN_CALLBACK_PREFIX
[2026-08-13T15:05:09.504Z] User: 111 | Chat: 999001 | Callback: "profile_approval:APPROVE:prof_appr_a9a6fe068acc" | Handler: Profile Approval Handler | Duration: 21ms | Success: true | Reason: N/A
[2026-08-13T15:05:09.526Z] User: 111 | Chat: 999001 | Callback: "profile_approval:REJECT:prof_appr_44043ced3d22" | Handler: Profile Approval Handler | Duration: 16ms | Success: true | Reason: N/A
[2026-08-13T15:05:09.553Z] User: 111 | Chat: 999001 | Callback: "profile_approval:REJECT:prof_appr_c90a4e4bf296" | Handler: Profile Approval Handler | Duration: 20ms | Success: true | Reason: N/A
[2026-08-13T15:05:09.732Z] User: 111 | Chat: 999001 | Callback: "completely_invalid_prefix_xyz123" | Handler: Unknown Callback Router | Duration: 0ms | Success: false | Reason: UNKNOWN_CALLBACK_PREFIX
[2026-08-13T15:07:43.742Z] User: 642578356 | Chat: 642578356 | Callback: "profile_approval:APPROVE:prof_appr_860f32d326d1" | Handler: Profile Approval Handler | Duration: 44965ms | Success: false | Reason: AUTOCOMPLETE_EXACT_MATCH_NOT_FOUND
[2026-08-13T15:11:10.908Z] User: 111 | Chat: 999001 | Callback: "profile_approval:APPROVE:prof_appr_f7d610e11cb5" | Handler: Profile Approval Handler | Duration: 21ms | Success: true | Reason: N/A
[2026-08-13T15:11:10.945Z] User: 111 | Chat: 999001 | Callback: "profile_approval:REJECT:prof_appr_2f6261c5d5ee" | Handler: Profile Approval Handler | Duration: 26ms | Success: true | Reason: N/A
[2026-08-13T15:11:10.973Z] User: 111 | Chat: 999001 | Callback: "profile_approval:REJECT:prof_appr_4607e8329800" | Handler: Profile Approval Handler | Duration: 20ms | Success: true | Reason: N/A
[2026-08-13T15:11:11.208Z] User: 111 | Chat: 999001 | Callback: "completely_invalid_prefix_xyz123" | Handler: Unknown Callback Router | Duration: 0ms | Success: false | Reason: UNKNOWN_CALLBACK_PREFIX
[2026-08-13T15:12:01.900Z] User: 111 | Chat: 999001 | Callback: "profile_approval:APPROVE:prof_appr_e0b23431de13" | Handler: Profile Approval Handler | Duration: 20ms | Success: true | Reason: N/A
[2026-08-13T15:12:01.924Z] User: 111 | Chat: 999001 | Callback: "profile_approval:REJECT:prof_appr_56c7170acb7e" | Handler: Profile Approval Handler | Duration: 17ms | Success: true | Reason: N/A
[2026-08-13T15:12:01.948Z] User: 111 | Chat: 999001 | Callback: "profile_approval:REJECT:prof_appr_7b47a5ce53db" | Handler: Profile Approval Handler | Duration: 19ms | Success: true | Reason: N/A
[2026-08-13T15:12:02.135Z] User: 111 | Chat: 999001 | Callback: "completely_invalid_prefix_xyz123" | Handler: Unknown Callback Router | Duration: 0ms | Success: false | Reason: UNKNOWN_CALLBACK_PREFIX
[2026-08-13T15:20:46.325Z] User: 111 | Chat: 999001 | Callback: "profile_approval:APPROVE:prof_appr_7968037be5e7" | Handler: Profile Approval Handler | Duration: 22ms | Success: true | Reason: N/A
[2026-08-13T15:20:46.348Z] User: 111 | Chat: 999001 | Callback: "profile_approval:REJECT:prof_appr_a8b3fdfc535f" | Handler: Profile Approval Handler | Duration: 17ms | Success: true | Reason: N/A
[2026-08-13T15:20:46.371Z] User: 111 | Chat: 999001 | Callback: "profile_approval:REJECT:prof_appr_795f86f4c0fd" | Handler: Profile Approval Handler | Duration: 17ms | Success: true | Reason: N/A
[2026-08-13T15:20:46.556Z] User: 111 | Chat: 999001 | Callback: "completely_invalid_prefix_xyz123" | Handler: Unknown Callback Router | Duration: 0ms | Success: false | Reason: UNKNOWN_CALLBACK_PREFIX
[2026-08-13T15:21:32.796Z] User: 111 | Chat: 999001 | Callback: "profile_approval:APPROVE:prof_appr_316c3041c9ee" | Handler: Profile Approval Handler | Duration: 23ms | Success: true | Reason: N/A
[2026-08-13T15:21:32.824Z] User: 111 | Chat: 999001 | Callback: "profile_approval:REJECT:prof_appr_b41297330056" | Handler: Profile Approval Handler | Duration: 19ms | Success: true | Reason: N/A
[2026-08-13T15:21:32.852Z] User: 111 | Chat: 999001 | Callback: "profile_approval:REJECT:prof_appr_8c92c9080fb0" | Handler: Profile Approval Handler | Duration: 20ms | Success: true | Reason: N/A
[2026-08-13T15:21:33.050Z] User: 111 | Chat: 999001 | Callback: "completely_invalid_prefix_xyz123" | Handler: Unknown Callback Router | Duration: 1ms | Success: false | Reason: UNKNOWN_CALLBACK_PREFIX
[2026-08-13T15:25:41.294Z] User: 111 | Chat: 999001 | Callback: "profile_approval:APPROVE:prof_appr_dab9dd118504" | Handler: Profile Approval Handler | Duration: 20ms | Success: true | Reason: N/A
[2026-08-13T15:25:41.320Z] User: 111 | Chat: 999001 | Callback: "profile_approval:REJECT:prof_appr_8f6cf9f75ca6" | Handler: Profile Approval Handler | Duration: 16ms | Success: true | Reason: N/A
[2026-08-13T15:25:41.353Z] User: 111 | Chat: 999001 | Callback: "profile_approval:REJECT:prof_appr_fc7e87673e7c" | Handler: Profile Approval Handler | Duration: 26ms | Success: true | Reason: N/A
[2026-08-13T15:25:41.535Z] User: 111 | Chat: 999001 | Callback: "completely_invalid_prefix_xyz123" | Handler: Unknown Callback Router | Duration: 0ms | Success: false | Reason: UNKNOWN_CALLBACK_PREFIX
[2026-08-13T15:28:38.942Z] User: 111 | Chat: 999001 | Callback: "profile_approval:APPROVE:prof_appr_51a58e2908f6" | Handler: Profile Approval Handler | Duration: 24ms | Success: true | Reason: N/A
[2026-08-13T15:28:38.970Z] User: 111 | Chat: 999001 | Callback: "profile_approval:REJECT:prof_appr_d9413ef0d15f" | Handler: Profile Approval Handler | Duration: 19ms | Success: true | Reason: N/A
[2026-08-13T15:28:38.996Z] User: 111 | Chat: 999001 | Callback: "profile_approval:REJECT:prof_appr_94fa250355ae" | Handler: Profile Approval Handler | Duration: 20ms | Success: true | Reason: N/A
[2026-08-13T15:28:39.204Z] User: 111 | Chat: 999001 | Callback: "completely_invalid_prefix_xyz123" | Handler: Unknown Callback Router | Duration: 0ms | Success: false | Reason: UNKNOWN_CALLBACK_PREFIX
[2026-08-13T15:35:05.351Z] User: 111 | Chat: 999001 | Callback: "profile_approval:APPROVE:prof_appr_56134100fd41" | Handler: Profile Approval Handler | Duration: 19ms | Success: true | Reason: N/A
[2026-08-13T15:35:05.375Z] User: 111 | Chat: 999001 | Callback: "profile_approval:REJECT:prof_appr_1aac3046506d" | Handler: Profile Approval Handler | Duration: 17ms | Success: true | Reason: N/A
[2026-08-13T15:35:05.397Z] User: 111 | Chat: 999001 | Callback: "profile_approval:REJECT:prof_appr_6c14de2363bb" | Handler: Profile Approval Handler | Duration: 16ms | Success: true | Reason: N/A
[2026-08-13T15:35:05.579Z] User: 111 | Chat: 999001 | Callback: "completely_invalid_prefix_xyz123" | Handler: Unknown Callback Router | Duration: 0ms | Success: false | Reason: UNKNOWN_CALLBACK_PREFIX
[2026-08-13T15:37:23.472Z] User: 111 | Chat: 999001 | Callback: "profile_approval:APPROVE:prof_appr_38d658d070bf" | Handler: Profile Approval Handler | Duration: 18ms | Success: true | Reason: N/A
[2026-08-13T15:37:23.497Z] User: 111 | Chat: 999001 | Callback: "profile_approval:REJECT:prof_appr_dc03ff099b52" | Handler: Profile Approval Handler | Duration: 18ms | Success: true | Reason: N/A
[2026-08-13T15:37:23.518Z] User: 111 | Chat: 999001 | Callback: "profile_approval:REJECT:prof_appr_c999ce663f55" | Handler: Profile Approval Handler | Duration: 14ms | Success: true | Reason: N/A
[2026-08-13T15:37:23.707Z] User: 111 | Chat: 999001 | Callback: "completely_invalid_prefix_xyz123" | Handler: Unknown Callback Router | Duration: 0ms | Success: false | Reason: UNKNOWN_CALLBACK_PREFIX
[2026-08-13T15:39:36.044Z] User: 642578356 | Chat: 642578356 | Callback: "profile_approval:APPROVE:prof_appr_e16223824aae" | Handler: Profile Approval Handler | Duration: 19327ms | Success: false | Reason: PROFILE_CHANGED_SINCE_PROPOSAL_CREATION
[2026-08-13T15:48:10.744Z] User: 642578356 | Chat: 642578356 | Callback: "profile_approval:APPROVE:prof_appr_f53d378bfa90" | Handler: Profile Approval Handler | Duration: 20235ms | Success: false | Reason: PROFILE_CHANGED_SINCE_PROPOSAL_CREATION
[2026-08-13T15:55:54.491Z] User: 111 | Chat: 999001 | Callback: "profile_approval:APPROVE:prof_appr_b3a15ce66732" | Handler: Profile Approval Handler | Duration: 40ms | Success: true | Reason: N/A
[2026-08-13T15:55:54.522Z] User: 111 | Chat: 999001 | Callback: "profile_approval:REJECT:prof_appr_7c1a192afbf9" | Handler: Profile Approval Handler | Duration: 21ms | Success: true | Reason: N/A
[2026-08-13T15:55:54.546Z] User: 111 | Chat: 999001 | Callback: "profile_approval:REJECT:prof_appr_192fb5fc5e20" | Handler: Profile Approval Handler | Duration: 16ms | Success: true | Reason: N/A
[2026-08-13T15:55:54.753Z] User: 111 | Chat: 999001 | Callback: "completely_invalid_prefix_xyz123" | Handler: Unknown Callback Router | Duration: 0ms | Success: false | Reason: UNKNOWN_CALLBACK_PREFIX
[2026-08-13T15:57:22.097Z] User: 111 | Chat: 999001 | Callback: "profile_approval:APPROVE:prof_appr_c1ce2ede6966" | Handler: Profile Approval Handler | Duration: 19ms | Success: true | Reason: N/A
[2026-08-13T15:57:22.120Z] User: 111 | Chat: 999001 | Callback: "profile_approval:REJECT:prof_appr_f55091a01c17" | Handler: Profile Approval Handler | Duration: 15ms | Success: true | Reason: N/A
[2026-08-13T15:57:22.142Z] User: 111 | Chat: 999001 | Callback: "profile_approval:REJECT:prof_appr_299605e78d31" | Handler: Profile Approval Handler | Duration: 15ms | Success: true | Reason: N/A
[2026-08-13T15:57:22.328Z] User: 111 | Chat: 999001 | Callback: "completely_invalid_prefix_xyz123" | Handler: Unknown Callback Router | Duration: 0ms | Success: false | Reason: UNKNOWN_CALLBACK_PREFIX
[2026-08-13T16:00:48.873Z] User: 642578356 | Chat: 642578356 | Callback: "profile_approval:APPROVE:prof_appr_ccbfd413c4ad" | Handler: Profile Approval Handler | Duration: 11571ms | Success: false | Reason: PROFILE_CHANGED_SINCE_PROPOSAL_CREATION
[2026-08-13T16:07:04.748Z] User: 111 | Chat: 999001 | Callback: "profile_approval:APPROVE:prof_appr_975d557e3f8a" | Handler: Profile Approval Handler | Duration: 20ms | Success: true | Reason: N/A
[2026-08-13T16:07:04.777Z] User: 111 | Chat: 999001 | Callback: "profile_approval:REJECT:prof_appr_64e69dbcb50b" | Handler: Profile Approval Handler | Duration: 21ms | Success: true | Reason: N/A
[2026-08-13T16:07:04.803Z] User: 111 | Chat: 999001 | Callback: "profile_approval:REJECT:prof_appr_2375210210c2" | Handler: Profile Approval Handler | Duration: 19ms | Success: true | Reason: N/A
[2026-08-13T16:07:05.003Z] User: 111 | Chat: 999001 | Callback: "completely_invalid_prefix_xyz123" | Handler: Unknown Callback Router | Duration: 0ms | Success: false | Reason: UNKNOWN_CALLBACK_PREFIX
[2026-08-13T16:10:46.628Z] User: 642578356 | Chat: 642578356 | Callback: "profile_approval:APPROVE:prof_appr_7cac61fcbf49" | Handler: Profile Approval Handler | Duration: 63232ms | Success: false | Reason: N/A
